movieId,reviewCount,positiveReviewCount,negativeReviewCount,positiveReviewRatio,negativeReviewRatio,meanSentimentScore,medianSentimentScore,sentimentReliability,adjustedSentimentScore,sentimentStd,meanPositiveProb,meanNegativeProb,meanSentimentConfidence
1,5,5,0,1.0,0.0,0.999483632961406,0.9996534545476047,0.5,0.499741816480703,0.0004636713042293484,0.9997418307877964,0.0002581978263903934,0.9997418307877964
2,4,4,0,1.0,0.0,0.921728986568714,0.9967886934290813,0.4444444444444444,0.4096573273638729,0.1502552400266266,0.9608645007520886,0.03913551418337455,0.9608645007520886
6,9,8,1,0.8888888888888888,0.1111111111111111,0.7127695316987952,0.9961932666773974,0.6428571428571429,0.45820898466351123,0.6049717859475409,0.8563847620546564,0.14361523035586124,0.9408615681232492
7,1,1,0,1.0,0.0,0.6526835749693496,0.6526835749693496,0.16666666666666666,0.10878059582822493,0.0,0.8263417486291018,0.17365817365975217,0.8263417486291018
8,2,1,1,0.5,0.5,0.07653851853799692,0.07653851853799692,0.2857142857142857,0.021868148153713407,1.2949076331039364,0.5382692582045144,0.4617307396665175,0.9578189831245236
10,7,5,2,0.7142857142857143,0.2857142857142857,0.42792480809469685,0.9978556268484261,0.5833333333333334,0.2496228047219065,0.9739712337055014,0.713962420689367,0.2860376125946701,0.99905436454891
12,4,3,1,0.75,0.25,0.5430252214805282,0.9971166530195924,0.4444444444444444,0.24134454288023477,0.9091369221612461,0.7715126427854267,0.22848742130489852,0.9766824290854047
13,1,1,0,1.0,0.0,0.9993648006596038,0.9993648006596038,0.16666666666666666,0.16656080010993396,0.0,0.9996824420866419,0.00031764142703814586,0.9996824420866419
14,1,1,0,1.0,0.0,0.9400560112617277,0.9400560112617277,0.16666666666666666,0.1566760018769546,0.0,0.9700279699163399,0.029971958654612184,0.9700279699163399
15,4,4,0,1.0,0.0,0.6869373951095525,0.8391574095414189,0.4444444444444444,0.3053055089375789,0.43190548384663513,0.8434687042464127,0.15653130913686025,0.8434687042464127
16,2,2,0,1.0,0.0,0.9391369658876048,0.9391369658876048,0.2857142857142857,0.2683248473964585,0.08403592253750654,0.9695684765659331,0.0304315106783284,0.9695684765659331
17,1,1,0,1.0,0.0,0.9926714429016277,0.9926714429016277,0.16666666666666666,0.1654452404836046,0.0,0.9963357295089526,0.003664286607324821,0.9963357295089526
19,2,0,2,0.0,1.0,-0.9930598121673553,-0.9930598121673553,0.2857142857142857,-0.28373137490495864,0.0060635651644173364,0.0034700885223896624,0.996529900689745,0.996529900689745
20,1,0,1,0.0,1.0,-0.9991722818920199,-0.9991722818920199,0.16666666666666666,-0.16652871364866997,0.0,0.0004138623801421146,0.999586144272162,0.999586144272162
21,3,2,1,0.6666666666666666,0.3333333333333333,0.3315619513681011,0.9870825205936988,0.375,0.12433573176303792,1.1409133963336486,0.6657809686458466,0.3342190172777455,0.9943963796349188
22,1,0,1,0.0,1.0,-0.9959893789860087,-0.9959893789860087,0.16666666666666666,-0.16599822983100143,0.0,0.0020053268208051677,0.9979947058068138,0.9979947058068138
23,2,0,2,0.0,1.0,-0.9675746122588795,-0.9675746122588795,0.2857142857142857,-0.27644988921682273,0.04482277286474379,0.01621266653123628,0.9837872787901157,0.9837872787901157
24,1,1,0,1.0,0.0,0.5025246552014566,0.5025246552014566,0.16666666666666666,0.08375410920024276,0.0,0.7512622946755235,0.24873763947406685,0.7512622946755235
25,3,3,0,1.0,0.0,0.9476735207116859,0.9838482164309925,0.375,0.3553775702668822,0.07426212023251601,0.9738367568832326,0.02616323617154681,0.9738367568832326
27,1,1,0,1.0,0.0,0.9832615015241835,0.9832615015241835,0.16666666666666666,0.16387691692069722,0.0,0.9916307237413194,0.00836922221713596,0.9916307237413194
28,1,1,0,1.0,0.0,0.9621205021353328,0.9621205021353328,0.16666666666666666,0.16035341702255546,0.0,0.9810602524701286,0.018939750334795783,0.9810602524701286
29,2,2,0,1.0,0.0,0.8001719358882814,0.8001719358882814,0.2857142857142857,0.22862055311093754,0.20440238691773308,0.9000859480276753,0.09991401213939385,0.9000859480276753
31,2,2,0,1.0,0.0,0.9938082408351487,0.9938082408351487,0.2857142857142857,0.28394521166718534,0.0003502152886184994,0.996904085326946,0.0030958444917973003,0.996904085326946
32,4,2,2,0.5,0.5,0.059339169741037284,0.0963077213162446,0.4444444444444444,0.026372964329349904,1.0823645641156532,0.5296695967651603,0.4703304270241231,0.9678493606640165
34,3,2,1,0.6666666666666666,0.3333333333333333,0.33163573852167,0.9953825030091632,0.375,0.12436340194562626,1.151965580220973,0.6658178757519483,0.3341821372302782,0.9986640879698259
36,3,3,0,1.0,0.0,0.9973539623436548,0.9981579569018918,0.375,0.37400773587887054,0.002646625844251442,0.9986769953447218,0.0013230330010669438,0.9986769953447218
39,4,3,1,0.75,0.25,0.49431730926599915,0.8664457557722489,0.4444444444444444,0.2196965818959996,0.8388265354640687,0.7471586366698174,0.2528413274038182,0.9359748952749147
41,1,0,1,0.0,1.0,-0.7481466927363173,-0.7481466927363173,0.16666666666666666,-0.12469111545605288,0.0,0.12592668196323745,0.8740733746995547,0.8740733746995547
42,3,1,2,0.3333333333333333,0.6666666666666666,-0.33313440017975515,-0.9829761847853661,0.375,-0.12492540006740818,1.1354651761406138,0.33343279307386114,0.6665671932536162,0.992557615124626
43,1,0,1,0.0,1.0,-0.9890518113299533,-0.9890518113299533,0.16666666666666666,-0.16484196855499222,0.0,0.0054741324605168526,0.9945259437904702,0.9945259437904702
44,4,2,2,0.5,0.5,0.00019314311418877628,0.0005114844391320705,0.4444444444444444,8.584138408390057e-05,1.1533457543913999,0.5000965765946971,0.49990343348050825,0.9994133096446814
45,3,1,2,0.3333333333333333,0.6666666666666666,-0.08820525691024123,-0.33427361045818466,0.375,-0.03307697134134046,0.9872633178506015,0.4558973916608307,0.5441026485710719,0.8770422734338652
47,7,6,1,0.8571428571428571,0.14285714285714285,0.6730981001443451,0.9913763083247069,0.5833333333333334,0.3926405584175347,0.7400198529835539,0.8365490587744835,0.16345095863013823,0.9788355004312052
48,3,2,1,0.6666666666666666,0.3333333333333333,0.33123663233989836,0.9919351002590804,0.375,0.12421373712746189,1.1509314367314534,0.6656182901701713,0.3343816578302729,0.9981973959628884
50,10,6,4,0.6,0.4,0.21539329510101854,0.6786272392157343,0.6666666666666666,0.14359553006734568,0.8912987653652598,0.6076966482707449,0.39230335316972637,0.9277141297932692
52,2,2,0,1.0,0.0,0.7113220679495998,0.7113220679495998,0.2857142857142857,0.20323487655702852,0.4057445524286003,0.8556610490451451,0.1443389810955452,0.8556610490451451
54,1,1,0,1.0,0.0,0.9937158347350623,0.9937158347350623,0.16666666666666666,0.16561930578917705,0.0,0.9968578921163024,0.003142057381240018,0.9968578921163024
57,1,1,0,1.0,0.0,0.9995981121849683,0.9995981121849683,0.16666666666666666,0.16659968536416137,0.0,0.9997990926106771,0.00020098042570882373,0.9997990926106771
58,2,2,0,1.0,0.0,0.9977684929939702,0.9977684929939702,0.2857142857142857,0.28507671228399145,0.0005909542028259891,0.9988842500562531,0.001115757062282985,0.9988842500562531
61,1,0,1,0.0,1.0,-0.9976105156280242,-0.9976105156280242,0.16666666666666666,-0.16626841927133734,0.0,0.0011947734047704777,0.9988052890327946,0.9988052890327946
62,2,2,0,1.0,0.0,0.7577099159042927,0.7577099159042927,0.2857142857142857,0.21648854740122647,0.3411061256277303,0.8788549734293049,0.12114505752501216,0.8788549734293049
69,2,1,1,0.5,0.5,0.0010822181836702138,0.0010822181836702138,0.2857142857142857,0.0003092051953343468,1.41198155325948,0.5005411223308183,0.4994589041471481,0.9992108788490295
70,4,3,1,0.75,0.25,0.45935775671552637,0.914736073620644,0.4444444444444444,0.20415900298467837,0.9696064815569272,0.7296788774607716,0.27032112074524534,0.9775472979189254
71,1,1,0,1.0,0.0,0.9981586549781326,0.9981586549781326,0.16666666666666666,0.16635977582968875,0.0,0.9990793211847289,0.0009206662065962441,0.9990793211847289
76,1,0,1,0.0,1.0,-0.9815695706535787,-0.9815695706535787,0.16666666666666666,-0.16359492844226312,0.0,0.009215197843663833,0.9907847684972426,0.9907847684972426
92,1,0,1,0.0,1.0,-0.9891568058187311,-0.9891568058187311,0.16666666666666666,-0.16485946763645518,0.0,0.005421607711098411,0.9945784135298296,0.9945784135298296
95,1,1,0,1.0,0.0,0.999643917260475,0.999643917260475,0.16666666666666666,0.16660731954341249,0.0,0.9998219807942709,0.00017806353379589643,0.9998219807942709
97,3,3,0,1.0,0.0,0.9931430436591892,0.9926189563491128,0.375,0.37242864137219595,0.0058385709240104874,0.9965715423919862,0.003428498732796912,0.9965715423919862
100,3,2,1,0.6666666666666666,0.3333333333333333,0.33431266980782137,0.9989851585170566,0.375,0.12536725117793301,1.1513161617643997,0.6671563393002952,0.33284366949247385,0.9988605797054935
101,2,0,2,0.0,1.0,-0.9375014869173348,-0.9375014869173348,0.2857142857142857,-0.2678575676906671,0.050203460749963305,0.031249242470332946,0.9687507293876677,0.9687507293876677
103,1,0,1,0.0,1.0,-0.9974103245665045,-0.9974103245665045,0.16666666666666666,-0.1662350540944174,0.0,0.0012948101057725795,0.9987051346722771,0.9987051346722771
104,3,1,2,0.3333333333333333,0.6666666666666666,-0.33977154038908547,-0.974681094288826,0.375,-0.12741432764590704,1.1209025308355949,0.33011421925081935,0.6698857596399049,0.9880385865135498
105,2,2,0,1.0,0.0,0.9871664198375143,0.9871664198375143,0.2857142857142857,0.2820475485250041,0.01768676394193804,0.9935831988889172,0.006416779051402967,0.9935831988889172
107,2,2,0,1.0,0.0,0.9997218050569997,0.9997218050569997,0.2857142857142857,0.28563480144485703,5.889122576709354e-05,0.9998609048348885,0.00013909977788887458,0.9998609048348885
110,4,4,0,1.0,0.0,0.9973429079453294,0.9985065154949143,0.4444444444444444,0.44326351464236863,0.0031048389929618572,0.998671455919639,0.0013285479743095356,0.998671455919639
111,4,3,1,0.75,0.25,0.4990143294953372,0.9949997051560961,0.4444444444444444,0.22178414644237207,0.9947762538638504,0.7495071712890379,0.25049284179370074,0.9977938313494364
112,1,1,0,1.0,0.0,0.4115900194664697,0.4115900194664697,0.16666666666666666,0.06859833657774494,0.0,0.7057950097332348,0.2942049902667651,0.7057950097332348
113,1,0,1,0.0,1.0,-0.9991146468867858,-0.9991146468867858,0.16666666666666666,-0.16651910781446427,0.0,0.00044266657815093086,0.9995573134649367,0.9995573134649367
123,4,2,2,0.5,0.5,0.22079782769730813,0.4421008950312064,0.4444444444444444,0.09813236786547028,0.9568759364399065,0.6103989034000081,0.3896010757027,0.8815758677312375
125,1,0,1,0.0,1.0,-0.8440782943827995,-0.8440782943827995,0.16666666666666666,-0.14067971573046656,0.0,0.07796086560959783,0.9220391599923973,0.9220391599923973
126,1,0,1,0.0,1.0,-0.9425290116166647,-0.9425290116166647,0.16666666666666666,-0.15708816860277744,0.0,0.028735492785068387,0.9712645044017331,0.9712645044017331
132,2,0,2,0.0,1.0,-0.9953630288839437,-0.9953630288839437,0.2857142857142857,-0.2843894368239839,0.001986614572454711,0.0023184893822790435,0.9976815182662228,0.9976815182662228
141,2,2,0,1.0,0.0,0.9722747111169383,0.9722747111169383,0.2857142857142857,0.2777927746048395,0.03398575435292959,0.9861373545544426,0.013862643437504388,0.9861373545544426
145,4,3,1,0.75,0.25,0.5008374501089421,0.9979012490772224,0.4444444444444444,0.2225944222706409,0.9952027947253584,0.7504187160937246,0.24958126598478245,0.9984102721206211
150,2,2,0,1.0,0.0,0.940505292290537,0.940505292290537,0.2857142857142857,0.26871579779729626,0.08256954869909998,0.9702526082511289,0.02974731596059185,0.9702526082511289
151,3,2,1,0.6666666666666666,0.3333333333333333,0.3493662130395685,0.9820965472255776,0.375,0.13101232988983819,1.1044167268620608,0.6746831062750069,0.32531689323543844,0.9833137166543127
153,4,2,2,0.5,0.5,-0.1881003717110801,-0.3134472657353569,0.4444444444444444,-0.08360016520492448,0.9330470058499197,0.40594982503275423,0.5940501967438343,0.8932091965360535
154,3,3,0,1.0,0.0,0.9936724998984503,0.9946200570394826,0.375,0.37262718746191886,0.006569790578058901,0.9968362359419568,0.003163736043506547,0.9968362359419568
158,4,4,0,1.0,0.0,0.9878266879808082,0.9897030441743015,0.4444444444444444,0.43903408354702583,0.010871697366542404,0.993913335700786,0.006086647719977793,0.993913335700786
159,3,1,2,0.3333333333333333,0.6666666666666666,-0.18540180688249974,-0.34001398894746426,0.375,-0.0695256775809374,0.9013858972770736,0.40729909675359494,0.5927009036360946,0.853797448069153
160,2,0,2,0.0,1.0,-0.8263099929303318,-0.8263099929303318,0.2857142857142857,-0.2360885694086662,0.24322901287434018,0.08684498439748567,0.9131549773278175,0.9131549773278175
161,3,1,2,0.3333333333333333,0.6666666666666666,-0.17441535713452028,-0.5138917707627819,0.375,-0.0654057589254451,1.0356681696577663,0.4127923139036412,0.5872076710381615,0.916669832249854
163,2,2,0,1.0,0.0,0.9936804591735746,0.9936804591735746,0.2857142857142857,0.2839087026210213,0.008542282280960226,0.9968402425587335,0.003159783385158844,0.9968402425587335
164,1,1,0,1.0,0.0,0.9959824577792661,0.9959824577792661,0.16666666666666666,0.16599707629654434,0.0,0.997991205571772,0.002008747792505956,0.997991205571772
165,4,3,1,0.75,0.25,0.533376826607436,0.9531680237797213,0.4444444444444444,0.23705636738108266,0.8703249067292914,0.7666884337090409,0.23331160710160495,0.9594266033401481
168,4,2,2,0.5,0.5,-0.008645970376194828,-0.011755147797780363,0.4444444444444444,-0.0038426535005310347,1.1010736529265677,0.49567700138188536,0.5043229717580802,0.9763622850030591
169,1,1,0,1.0,0.0,0.39753746263541506,0.39753746263541506,0.16666666666666666,0.06625624377256917,0.0,0.6987687604537178,0.30123129781830277,0.6987687604537178
170,2,1,1,0.5,0.5,0.008817864167995293,0.008817864167995293,0.2857142857142857,0.0025193897622843692,1.4008806743144036,0.5044089542883271,0.4955910901203318,0.9952861344247785
171,1,0,1,0.0,1.0,-0.5875918163290279,-0.5875918163290279,0.16666666666666666,-0.09793196938817131,0.0,0.20620410111698792,0.7937959174460159,0.7937959174460159
172,2,0,2,0.0,1.0,-0.987966677576177,-0.987966677576177,0.2857142857142857,-0.2822761935931934,0.0007029898418990856,0.006016628315461626,0.9939833058916385,0.9939833058916385
173,2,2,0,1.0,0.0,0.9871738021715362,0.9871738021715362,0.2857142857142857,0.28204965776329605,0.0045186689283817465,0.993586900908926,0.006413098737389898,0.993586900908926
175,1,1,0,1.0,0.0,0.9851507575347506,0.9851507575347506,0.16666666666666666,0.16419179292245842,0.0,0.9925754152495285,0.007424657714777979,0.9925754152495285
180,2,1,1,0.5,0.5,2.451116321228186e-05,2.451116321228186e-05,0.2857142857142857,7.0031894892233884e-06,1.4100572924521133,0.5000122494584932,0.4999877382952809,0.9985305305541031
185,1,1,0,1.0,0.0,0.9349325488595401,0.9349325488595401,0.16666666666666666,0.15582209147659,0.0,0.9674662870519302,0.03253373819238999,0.9674662870519302
188,1,1,0,1.0,0.0,0.9947644991670864,0.9947644991670864,0.16666666666666666,0.16579408319451439,0.0,0.9973822386812143,0.0026177395141279464,0.9973822386812143
191,2,1,1,0.5,0.5,0.007266850980713946,0.007266850980713946,0.2857142857142857,0.0020762431373468416,1.3313538278501915,0.5036334193317392,0.4963665683510253,0.9707046537571512
194,1,1,0,1.0,0.0,0.9757686972208449,0.9757686972208449,0.16666666666666666,0.16262811620347414,0.0,0.98788431174157,0.012115614520725106,0.98788431174157
195,1,1,0,1.0,0.0,0.99960845704304,0.99960845704304,0.16666666666666666,0.16660140950717334,0.0,0.9998042409012957,0.00019578385825564222,0.9998042409012957
196,3,1,2,0.3333333333333333,0.6666666666666666,-0.3279214486985063,-0.8853536744912466,0.375,-0.12297054326193987,1.0610355407459207,0.3360392756181536,0.66396072431666,0.9625101595679775
198,1,1,0,1.0,0.0,0.979268336422229,0.979268336422229,0.16666666666666666,0.16321138940370483,0.0,0.9896341757799583,0.010365839357729311,0.9896341757799583
203,1,1,0,1.0,0.0,0.6316689973475466,0.6316689973475466,0.16666666666666666,0.10527816622459109,0.0,0.8158344881327589,0.18416549078521238,0.8158344881327589
204,3,2,1,0.6666666666666666,0.3333333333333333,0.4582265606795899,0.9661203990591333,0.375,0.1718349602548462,0.8982529211786482,0.7291132508357582,0.27088669015616834,0.9220843537104376
208,3,2,1,0.6666666666666666,0.3333333333333333,0.45748722388138097,0.9592430248985478,0.375,0.17155770895551786,0.8937190872075906,0.7287436202888138,0.27125639640743276,0.9201972865199908
214,1,1,0,1.0,0.0,0.9993183318242774,0.9993183318242774,0.16666666666666666,0.16655305530404624,0.0,0.9996591700185643,0.00034083819428686263,0.9996591700185643
215,3,3,0,1.0,0.0,0.9964587856065674,0.9975001679526435,0.375,0.3736720446024628,0.0033945919205147067,0.998229410161308,0.0017706245547405824,0.998229410161308
216,1,1,0,1.0,0.0,0.998053119255182,0.998053119255182,0.16666666666666666,0.16634218654253033,0.0,0.9990265675080128,0.00097344825283075,0.9990265675080128
217,2,1,1,0.5,0.5,-0.010308181138661443,-0.010308181138661443,0.2857142857142857,-0.0029451946110461264,1.3979981459054975,0.4948458890430629,0.5051540701817244,0.9942669641403925
222,1,1,0,1.0,0.0,0.9955718618138393,0.9955718618138393,0.16666666666666666,0.16592864363563986,0.0,0.9977858693976152,0.002214007583775915,0.9977858693976152
223,2,2,0,1.0,0.0,0.9894053501424505,0.9894053501424505,0.2857142857142857,0.28268724289784297,0.013067649692866024,0.9947026930114907,0.0052973428690402105,0.9947026930114907
224,4,3,1,0.75,0.25,0.49783604303074513,0.9934523451232685,0.4444444444444444,0.22126046356922005,0.9948562088457994,0.7489180198946629,0.2510819768639177,0.997528460604037
227,2,1,1,0.5,0.5,0.02678421819655258,0.02678421819655258,0.2857142857142857,0.007652633770443593,1.371109965593223,0.5133921208057383,0.4866079026091856,0.9847605889191728
230,3,1,2,0.3333333333333333,0.6666666666666666,0.03093696205284276,-0.2552498050681201,0.375,0.011601360769816035,0.8618811378040707,0.515468480030019,0.4845315179771763,0.8177005663348204
231,3,1,2,0.3333333333333333,0.6666666666666666,-0.09119133233858401,-0.2741066125723032,0.375,-0.034196749626969,1.0090755886340832,0.45440432609415266,0.5455956584327367,0.8778724674410677
233,2,1,1,0.5,0.5,0.031364190940390224,0.031364190940390224,0.2857142857142857,0.008961197411540063,1.3689695454484268,0.5156821005950584,0.4843179096546682,0.9840038295370874
234,1,1,0,1.0,0.0,0.979287880972812,0.979287880972812,0.16666666666666666,0.163214646828802,0.0,0.9896439401726974,0.010356059199885317,0.9896439401726974
235,1,1,0,1.0,0.0,0.986596269524428,0.986596269524428,0.16666666666666666,0.16443271158740466,0.0,0.993298147051654,0.006701877527225918,0.993298147051654
236,1,1,0,1.0,0.0,0.9981701747147423,0.9981701747147423,0.16666666666666666,0.16636169578579038,0.0,0.9990850506406842,0.0009148759259419007,0.9990850506406842
240,1,1,0,1.0,0.0,0.8360175295062102,0.8360175295062102,0.16666666666666666,0.13933625491770169,0.0,0.9180087442998286,0.08199121479361833,0.9180087442998286
246,1,1,0,1.0,0.0,0.9812810127285944,0.9812810127285944,0.16666666666666666,0.16354683545476573,0.0,0.99064050204512,0.009359489316525667,0.99064050204512
247,3,2,1,0.6666666666666666,0.3333333333333333,0.33480632165037266,0.98737227820581,0.375,0.12555237061888974,1.1409255485264687,0.6674031709892793,0.3325968493389066,0.9949371567400767
249,1,1,0,1.0,0.0,0.9987350400831354,0.9987350400831354,0.16666666666666666,0.16645584001385588,0.0,0.9993675633480674,0.000632523264932005,0.9993675633480674
250,1,0,1,0.0,1.0,-0.9963692799527595,-0.9963692799527595,0.16666666666666666,-0.16606154665879325,0.0,0.001815313734906785,0.9981845936876662,0.9981845936876662
253,1,1,0,1.0,0.0,0.9914952312937434,0.9914952312937434,0.16666666666666666,0.1652492052156239,0.0,0.9957476313810171,0.004252400087273639,0.9957476313810171
256,1,1,0,1.0,0.0,0.9991060000795282,0.9991060000795282,0.16666666666666666,0.16651766667992135,0.0,0.9995529777125308,0.00044697763300255726,0.9995529777125308
258,1,0,1,0.0,1.0,-0.9995619336977326,-0.9995619336977326,0.16666666666666666,-0.16659365561628875,0.0,0.00021901374762774977,0.9997809474453604,0.9997809474453604
259,1,0,1,0.0,1.0,-0.9487799833405692,-0.9487799833405692,0.16666666666666666,-0.1581299972234282,0.0,0.025610010578947247,0.9743899939195165,0.9743899939195165
260,9,8,1,0.8888888888888888,0.1111111111111111,0.6744578756215112,0.9993354022538893,0.6428571428571429,0.43358006289954293,0.6841985957407238,0.8372289276795561,0.1627710520580451,0.9421940713161597
261,4,4,0,1.0,0.0,0.8406236219727656,0.9973584111972507,0.4444444444444444,0.3736104986545625,0.31507024030386155,0.9203117947995119,0.0796881728267462,0.9203117947995119
266,1,1,0,1.0,0.0,0.9886585577487084,0.9886585577487084,0.16666666666666666,0.1647764262914514,0.0,0.9943292973054468,0.005670739556738524,0.9943292973054468
267,1,1,0,1.0,0.0,0.9997179570448834,0.9997179570448834,0.16666666666666666,0.16661965950748056,0.0,0.9998589492425686,0.0001409921976851254,0.9998589492425686
272,2,2,0,1.0,0.0,0.9976068943682969,0.9976068943682969,0.2857142857142857,0.2850305412480848,0.0027539947059950663,0.9988034344636477,0.0011965400953508484,0.9988034344636477
273,4,2,2,0.5,0.5,0.02285342761423259,0.03842294402158275,0.4444444444444444,0.010157078939658929,1.0794707520085454,0.5114266980698157,0.4885732704555831,0.9664653895533655
274,1,1,0,1.0,0.0,0.9959134963842539,0.9959134963842539,0.16666666666666666,0.16598558273070896,0.0,0.9979567568526309,0.002043260468377007,0.9979567568526309
276,2,1,1,0.5,0.5,0.0792115158286475,0.0792115158286475,0.2857142857142857,0.022631861665327855,1.2775932225873052,0.5396057541483281,0.4603942383196806,0.9516974118787332
277,1,1,0,1.0,0.0,0.9907984013431583,0.9907984013431583,0.16666666666666666,0.16513306689052637,0.0,0.9953991842409733,0.004600782897814977,0.9953991842409733
280,1,0,1,0.0,1.0,-0.36337966219000856,-0.36337966219000856,0.16666666666666666,-0.06056327703166809,0.0,0.3183101689049957,0.6816898310950043,0.6816898310950043
281,1,1,0,1.0,0.0,0.9894730226560073,0.9894730226560073,0.16666666666666666,0.16491217044266787,0.0,0.9947364807128907,0.005263458056883379,0.9947364807128907
288,3,3,0,1.0,0.0,0.9150122688485522,0.995622723741059,0.375,0.3431296008182071,0.14095326942301198,0.9575061380641529,0.04249386921560059,0.9575061380641529
289,3,2,1,0.6666666666666666,0.3333333333333333,0.4201125187495551,0.9995966698762363,0.375,0.15754219453108315,1.0038227131791955,0.7100562586016341,0.2899437398520791,0.9563902937740559
290,1,1,0,1.0,0.0,0.9942880031803697,0.9942880031803697,0.16666666666666666,0.16571466719672828,0.0,0.9971440166508386,0.0028560134704689,0.9971440166508386
292,2,2,0,1.0,0.0,0.9783788462583983,0.9783788462583983,0.2857142857142857,0.2795368132166852,0.022747620030448848,0.9891894361334794,0.010810589875081131,0.9891894361334794
293,2,1,1,0.5,0.5,-0.019374676149022274,-0.019374676149022274,0.2857142857142857,-0.005535621756863507,1.3806140103047149,0.4903126662236041,0.5096873423726264,0.9881207687419242
296,8,7,1,0.875,0.125,0.7518333958084251,0.9934725233301895,0.6153846153846154,0.462666705112877,0.6642575709475459,0.8759166942200914,0.12408329841166633,0.9873615574004109
299,3,3,0,1.0,0.0,0.9321982090378939,0.989126831617436,0.375,0.3495743283892102,0.10784909918362823,0.9660991254556044,0.0339009164177105,0.9660991254556044
302,1,1,0,1.0,0.0,0.9558414676693443,0.9558414676693443,0.16666666666666666,0.15930691127822405,0.0,0.9779207134473352,0.022079245777990926,0.9779207134473352
303,4,2,2,0.5,0.5,0.006546854053604667,0.006839796459468195,0.4444444444444444,0.002909712912713185,1.1147613161728918,0.5032734462650995,0.49672659221149484,0.9825539444528767
305,1,1,0,1.0,0.0,0.9966085400692253,0.9966085400692253,0.16666666666666666,0.16610142334487088,0.0,0.9983042162518169,0.001695676182591638,0.9983042162518169
306,2,2,0,1.0,0.0,0.6446683033523355,0.6446683033523355,0.2857142857142857,0.184190943814953,0.5015863488034457,0.8223341766899155,0.17766587333757997,0.8223341766899155
307,2,2,0,1.0,0.0,0.8524342158146816,0.8524342158146816,0.2857142857142857,0.24355263308990902,0.20184330188340266,0.9262171289374986,0.07378291312281712,0.9262171289374986
308,2,2,0,1.0,0.0,0.9957965540597751,0.9957965540597751,0.2857142857142857,0.2845133011599357,0.0029791752577220075,0.9978982754320178,0.0021017213722427453,0.9978982754320178
315,3,2,1,0.6666666666666666,0.3333333333333333,0.014198443988330256,0.09181270599365232,0.375,0.005324416495623846,0.9770181009824981,0.5070992330439735,0.49290078905564316,0.8402032058651437
316,4,4,0,1.0,0.0,0.7502548896184149,0.7966756310611673,0.4444444444444444,0.3334466176081844,0.26098723058646656,0.8751274363166376,0.12487254669822262,0.8751274363166376
317,1,1,0,1.0,0.0,0.999632626488481,0.999632626488481,0.16666666666666666,0.16660543774808015,0.0,0.9998163416765738,0.00018371518809294355,0.9998163416765738
318,21,19,2,0.9047619047619048,0.09523809523809523,0.8087318923626482,0.9996107153904935,0.8076923076923077,0.6532065284467543,0.5981440589801644,0.9043659431948221,0.0956340508321739,0.998690504056572
319,2,1,1,0.5,0.5,-0.2227777012284343,-0.2227777012284343,0.2857142857142857,-0.06365077177955265,0.5072330672564532,0.3886111607729389,0.6113888620013731,0.679333982136701
327,1,0,1,0.0,1.0,-0.9986122072433794,-0.9986122072433794,0.16666666666666666,-0.16643536787389657,0.0,0.0006938715348180556,0.9993060787781974,0.9993060787781974
328,1,1,0,1.0,0.0,0.7748259601977048,0.7748259601977048,0.16666666666666666,0.1291376600329508,0.0,0.8874129736983536,0.11258701350064886,0.8874129736983536
329,4,2,2,0.5,0.5,-0.24939709003885602,-0.467935670678323,0.4444444444444444,-0.11084315112838045,0.9340868884586111,0.37530146206257364,0.6246985521014297,0.8736572055331363
332,1,1,0,1.0,0.0,0.9992049707501541,0.9992049707501541,0.16666666666666666,0.16653416179169234,0.0,0.999602523504519,0.00039755275436476165,0.999602523504519
337,4,4,0,1.0,0.0,0.9263970083471544,0.9848339064073705,0.4444444444444444,0.4117320037098464,0.1260557285851151,0.9631985032095131,0.036801494862358564,0.9631985032095131
338,2,1,1,0.5,0.5,-0.0004322408322619542,-0.0004322408322619542,0.2857142857142857,-0.0001234973806462726,1.4112805353955655,0.49978385970731404,0.500216100539576,0.9989629984908379
339,5,5,0,1.0,0.0,0.9974552807666667,0.9981507815065839,0.5,0.49872764038333334,0.002223024703085522,0.9987276325664552,0.0012723517997885248,0.9987276325664552
344,2,2,0,1.0,0.0,0.9730993002429673,0.9730993002429673,0.2857142857142857,0.27802837149799065,0.03765466536572071,0.9865496464264698,0.013450346183502576,0.9865496464264698
345,2,1,1,0.5,0.5,0.07270203060094771,0.07270203060094771,0.2857142857142857,0.020772008743127915,1.3017390102776396,0.5363510132628612,0.4636489826619135,0.9602342387135793
348,1,1,0,1.0,0.0,0.984226939682951,0.984226939682951,0.16666666666666666,0.16403782328049182,0.0,0.9921134903045472,0.007886550621596163,0.9921134903045472
349,2,1,1,0.5,0.5,0.49105178990606513,0.49105178990606513,0.2857142857142857,0.14030051140173289,0.7120151681758895,0.7455259094143071,0.25447411950824195,0.7517353913237003
350,1,1,0,1.0,0.0,0.9782805021707114,0.9782805021707114,0.16666666666666666,0.16304675036178523,0.0,0.9891402603743913,0.010859758203679865,0.9891402603743913
353,5,4,1,0.8,0.2,0.6854361078205928,0.9964795287226287,0.5,0.3427180539102964,0.6918709591414711,0.8427180507416965,0.15728194292110367,0.9531547432204217
354,1,0,1,0.0,1.0,-0.860934768136092,-0.860934768136092,0.16666666666666666,-0.143489128022682,0.0,0.06953261217733067,0.9304673803134227,0.9304673803134227
355,1,1,0,1.0,0.0,0.9417872883620139,0.9417872883620139,0.16666666666666666,0.15696454806033563,0.0,0.9708936669853296,0.029106378623315794,0.9708936669853296
356,3,3,0,1.0,0.0,0.9800614151517814,0.9996987196250952,0.375,0.367523030681918,0.034034446507925045,0.990030688629102,0.009969273477320755,0.990030688629102
357,2,1,1,0.5,0.5,0.00918376703140067,0.00918376703140067,0.2857142857142857,0.0026239334375430484,1.3819478516114225,0.5045918948405829,0.49540812780918214,0.9885923598851913
362,2,2,0,1.0,0.0,0.9931970410978912,0.9931970410978912,0.2857142857142857,0.28377058317082604,0.009124023843258527,0.9965985211305761,0.0034014800326849833,0.9965985211305761
364,2,2,0,1.0,0.0,0.9940491871118777,0.9940491871118777,0.2857142857142857,0.2840140534605365,0.004374001798253313,0.9970245921387172,0.002975405026839493,0.9970245921387172
366,1,1,0,1.0,0.0,0.9993548119390333,0.9993548119390333,0.16666666666666666,0.1665591353231722,0.0,0.9996774003312394,0.00032258839220614046,0.9996774003312394
367,3,2,1,0.6666666666666666,0.3333333333333333,0.34620001715048115,0.9751427285025053,0.375,0.12982500643143044,1.1105729566834148,0.6731000126506673,0.32689999550018617,0.9851339097063865
368,1,1,0,1.0,0.0,0.9976253761137198,0.9976253761137198,0.16666666666666666,0.16627089601895328,0.0,0.9988127102817062,0.0011873341679863106,0.9988127102817062
370,3,1,2,0.3333333333333333,0.6666666666666666,-0.2571580921159827,-0.7880536568265001,0.375,-0.09643428454349351,1.0919273569923313,0.3714209607419197,0.6285790528579024,0.9614799272074892
373,2,2,0,1.0,0.0,0.9945747365274937,0.9945747365274937,0.2857142857142857,0.28416421043642676,0.00721568183496093,0.9972873621728976,0.002712625645403954,0.9972873621728976
374,1,1,0,1.0,0.0,0.20792194036966738,0.20792194036966738,0.16666666666666666,0.034653656728277894,0.0,0.6039609949987845,0.39603905462911715,0.6039609949987845
377,4,2,2,0.5,0.5,0.04883863296664101,0.07506052390018209,0.4444444444444444,0.021706059096284893,1.0982402171494559,0.5244193130565465,0.47558068008990556,0.9751830234499798
379,1,1,0,1.0,0.0,0.6920242870555204,0.6920242870555204,0.16666666666666666,0.11533738117592007,0.0,0.8460121154785156,0.1539878284229952,0.8460121154785156
380,5,4,1,0.8,0.2,0.5604746832032206,0.9965596150018667,0.5,0.2802373416016103,0.8490852629970173,0.7802373315491937,0.21976264834597314,0.9695766132295096
383,1,0,1,0.0,1.0,-0.9646456619300465,-0.9646456619300465,0.16666666666666666,-0.16077427698834107,0.0,0.01767718201816672,0.9823228439482132,0.9823228439482132
390,2,1,1,0.5,0.5,0.10675195303873802,0.10675195303873802,0.2857142857142857,0.030500558011068005,1.2621477237584895,0.5533759971362188,0.44662404409748074,0.9462366277812464
393,1,0,1,0.0,1.0,-0.9982310524973713,-0.9982310524973713,0.16666666666666666,-0.1663718420828952,0.0,0.0008845005611904332,0.9991155530585617,0.9991155530585617
405,1,0,1,0.0,1.0,-0.7959715113457706,-0.7959715113457706,0.16666666666666666,-0.13266191855762843,0.0,0.10201424836284584,0.8979857597086165,0.8979857597086165
407,2,2,0,1.0,0.0,0.9783957301343167,0.9783957301343167,0.2857142857142857,0.2795416371812333,0.02998886391675108,0.9891978611341449,0.01080213099982827,0.9891978611341449
410,2,2,0,1.0,0.0,0.9968895254381226,0.9968895254381226,0.2857142857142857,0.28482557869660646,0.003437142219037856,0.9984447570840389,0.0015552316459163356,0.9984447570840389
412,1,0,1,0.0,1.0,-0.34598265212041596,-0.34598265212041596,0.16666666666666666,-0.057663775353402655,0.0,0.32700864742958663,0.6729912995500026,0.6729912995500026
413,2,1,1,0.5,0.5,0.09771167063245584,0.09771167063245584,0.2857142857142857,0.027917620180701666,1.111297008730776,0.5488558496005654,0.4511441789681096,0.8929028396772662
416,2,1,1,0.5,0.5,-0.10640424901650047,-0.10640424901650047,0.2857142857142857,-0.03040121400471442,1.2597542169486233,0.44679787770483403,0.5532021267213345,0.9453903769294446
417,1,0,1,0.0,1.0,-0.30608955293411005,-0.30608955293411005,0.16666666666666666,-0.05101492548901834,0.0,0.34695521089219555,0.6530447638263056,0.6530447638263056
420,2,0,2,0.0,1.0,-0.9992900877154547,-0.9992900877154547,0.2857142857142857,-0.285511453632987,0.0004407189605985869,0.0003549684438129683,0.9996450561592678,0.9996450561592678
423,2,1,1,0.5,0.5,-0.006543900028568472,-0.006543900028568472,0.2857142857142857,-0.0018696857224481348,1.4026604628203245,0.4967280382733083,0.5032719383018768,0.9959153507688489
432,1,1,0,1.0,0.0,0.996631368253026,0.996631368253026,0.16666666666666666,0.16610522804217098,0.0,0.9983156644381009,0.0016842961850748882,0.9983156644381009
434,3,2,1,0.6666666666666666,0.3333333333333333,0.33362106125700225,0.9869646016046706,0.375,0.12510789797137584,1.1423675183270137,0.6668104902946124,0.3331894290376102,0.9952944715017372
435,3,3,0,1.0,0.0,0.9953842730415817,0.9974876637394363,0.375,0.37326910239059313,0.0053302834147721636,0.9976921445675462,0.0023078715259644777,0.9976921445675462
436,2,0,2,0.0,1.0,-0.509903261285618,-0.509903261285618,0.2857142857142857,-0.14568664608160514,0.6405530927350238,0.24504835018643573,0.7549516114720538,0.7549516114720538
440,2,2,0,1.0,0.0,0.9965657908946637,0.9965657908946637,0.2857142857142857,0.284733083112761,0.004491500839447498,0.9982829221506246,0.0017171312559609853,0.9982829221506246
441,5,5,0,1.0,0.0,0.9600060811568403,0.9609206037860576,0.5,0.48000304057842014,0.04090671022515012,0.9800030297617347,0.019996948604894454,0.9800030297617347
442,2,1,1,0.5,0.5,0.027258799029659553,0.027258799029659553,0.2857142857142857,0.007788228294188443,1.3741887598641158,0.5136294204075368,0.48637062137787723,0.9858491162578312
446,1,1,0,1.0,0.0,0.9963599601878396,0.9963599601878396,0.16666666666666666,0.16605999336463992,0.0,0.9981799934483782,0.0018200332605386082,0.9981799934483782
450,1,1,0,1.0,0.0,0.9918574421833722,0.9918574421833722,0.16666666666666666,0.1653095736972287,0.0,0.995928720327524,0.004071278144151737,0.995928720327524
454,3,3,0,1.0,0.0,0.9561680668597411,0.9893522029816318,0.375,0.3585630250724029,0.0662195032087671,0.9780840324185817,0.02191596555884066,0.9780840324185817
455,3,1,2,0.3333333333333333,0.6666666666666666,-0.1662670307103202,-0.18218054170491266,0.375,-0.06235013651637007,0.8392576531735907,0.41686649680123583,0.583133527511556,0.8100782664569087
457,2,2,0,1.0,0.0,0.9907592156117022,0.9907592156117022,0.2857142857142857,0.2830740616033435,0.006765359711610447,0.9953796086055559,0.004620392993853669,0.9953796086055559
458,1,0,1,0.0,1.0,-0.9744851478111787,-0.9744851478111787,0.16666666666666666,-0.1624141913018631,0.0,0.012757410712566855,0.9872425585237455,0.9872425585237455
468,1,1,0,1.0,0.0,0.971585488642141,0.971585488642141,0.16666666666666666,0.16193091477369015,0.0,0.985792731359807,0.01420724271766601,0.985792731359807
474,3,3,0,1.0,0.0,0.9965087350337356,0.9965254512315803,0.375,0.37369077563765085,0.002563324304983471,0.9982543746306597,0.0017456395969240666,0.9982543746306597
475,4,4,0,1.0,0.0,0.921601021912429,0.9941591674992429,0.4444444444444444,0.40960045418330177,0.14757747752836345,0.960800513008992,0.03919949109656301,0.960800513008992
477,2,2,0,1.0,0.0,0.9976596163314209,0.9976596163314209,0.2857142857142857,0.2850456046661202,0.0020462618983685538,0.998829820341531,0.0011702040101101352,0.998829820341531
480,10,10,0,1.0,0.0,0.9850666064921194,0.9984339328865779,0.6666666666666666,0.6567110709947462,0.03976633615789437,0.9925333020470285,0.0074666955549090265,0.9925333020470285
485,1,1,0,1.0,0.0,0.02696823691301803,0.02696823691301803,0.16666666666666666,0.004494706152169671,0.0,0.513484118456509,0.48651588154349096,0.513484118456509
489,1,1,0,1.0,0.0,0.9344810305572138,0.9344810305572138,0.16666666666666666,0.1557468384262023,0.0,0.9672404963795732,0.03275946582235941,0.9672404963795732
490,1,0,1,0.0,1.0,-0.9963911955717409,-0.9963911955717409,0.16666666666666666,-0.16606519926195681,0.0,0.001804373384583244,0.9981955689563242,0.9981955689563242
491,1,0,1,0.0,1.0,-0.9676053400440877,-0.9676053400440877,0.16666666666666666,-0.1612675566740146,0.0,0.016197332509473902,0.9838026725535616,0.9838026725535616
493,1,1,0,1.0,0.0,0.9983014325662093,0.9983014325662093,0.16666666666666666,0.16638357209436822,0.0,0.9991507235440341,0.000849290977824818,0.9991507235440341
494,1,1,0,1.0,0.0,0.9754317494539114,0.9754317494539114,0.16666666666666666,0.16257195824231857,0.0,0.9877158923026843,0.01228414284877288,0.9877158923026843
495,1,1,0,1.0,0.0,0.99811546187038,0.99811546187038,0.16666666666666666,0.16635257697839667,0.0,0.99905773660411,0.0009422747337299844,0.99905773660411
497,1,1,0,1.0,0.0,0.9989463823162466,0.9989463823162466,0.16666666666666666,0.16649106371937442,0.0,0.9994732182918828,0.000526835975636329,0.9994732182918828
500,2,1,1,0.5,0.5,0.08108111105874555,0.08108111105874555,0.2857142857142857,0.023166031731070156,1.298319124673799,0.5405405401309842,0.4594594290722386,0.9590251132021244
501,3,3,0,1.0,0.0,0.7882207676431694,0.9747382261360328,0.375,0.2955827878661885,0.32343105494152274,0.8941103867836908,0.10588961914052135,0.8941103867836908
502,3,1,2,0.3333333333333333,0.6666666666666666,-0.08521962784155164,-0.26221263801266326,0.375,-0.03195736044058187,1.0078420324772857,0.45739018835709927,0.5426098161986509,0.87574137473019
506,2,2,0,1.0,0.0,0.9986190487177322,0.9986190487177322,0.2857142857142857,0.28531972820506635,0.00012166196171705097,0.9993095340907148,0.0006904853729824804,0.9993095340907148
507,1,1,0,1.0,0.0,0.9640869204203287,0.9640869204203287,0.16666666666666666,0.16068115340338812,0.0,0.98204345703125,0.017956536610921225,0.98204345703125
508,6,6,0,1.0,0.0,0.9915732699388716,0.9937014914564256,0.5454545454545454,0.5408581472393845,0.00781633107084935,0.9957866374492282,0.0042133675103564775,0.9957866374492282
509,3,3,0,1.0,0.0,0.8909956889753373,0.9913460413614908,0.375,0.3341233833657515,0.17743513386386223,0.9454978181878902,0.054502129212552895,0.9454978181878902
512,1,0,1,0.0,1.0,-0.9945542012175469,-0.9945542012175469,0.16666666666666666,-0.16575903353625782,0.0,0.0027229061954097663,0.9972771074129566,0.9972771074129566
515,2,2,0,1.0,0.0,0.995862255601915,0.995862255601915,0.2857142857142857,0.28453207302911854,0.0024250737319163663,0.9979311281442329,0.0020688725423179634,0.9979311281442329
518,1,1,0,1.0,0.0,0.6510235696866367,0.6510235696866367,0.16666666666666666,0.10850392828110611,0.0,0.8255117848433183,0.17448821515668164,0.8255117848433183
519,3,0,3,0.0,1.0,-0.9993565539830755,-0.9992414119693895,0.375,-0.37475870774365333,0.00021555931890536676,0.0003217255716768135,0.9996782795547524,0.9996782795547524
520,1,1,0,1.0,0.0,0.998358107228794,0.998358107228794,0.16666666666666666,0.16639301787146565,0.0,0.9991790341659331,0.0008209269371390902,0.9991790341659331
527,4,3,1,0.75,0.25,0.34420776016130894,0.6781977228680621,0.4444444444444444,0.1529812267383595,0.9301191845952477,0.672103896504048,0.32789613634273906,0.916897198670632
529,1,1,0,1.0,0.0,0.9934678144114187,0.9934678144114187,0.16666666666666666,0.16557796906856978,0.0,0.9967339222247784,0.0032661078133596443,0.9967339222247784
531,1,1,0,1.0,0.0,0.9907251390296098,0.9907251390296098,0.16666666666666666,0.16512085650493497,0.0,0.9953625884379609,0.004637449408351145,0.9953625884379609
532,1,1,0,1.0,0.0,0.9989920316729695,0.9989920316729695,0.16666666666666666,0.1664986719454949,0.0,0.9994959831237793,0.0005039514508098364,0.9994959831237793
533,3,2,1,0.6666666666666666,0.3333333333333333,0.40171568500279603,0.9774098946497991,0.375,0.1506433818760485,1.0162551132451507,0.7008578603800094,0.29914217537721327,0.9580864655888677
534,1,1,0,1.0,0.0,0.9971326880334088,0.9971326880334088,0.16666666666666666,0.16618878133890147,0.0,0.9985663344378383,0.001433646404429486,0.9985663344378383
535,3,2,1,0.6666666666666666,0.3333333333333333,0.42157456662590276,0.8712151504190992,0.375,0.15809046248471353,0.8903535267894122,0.7107872933192407,0.289212726693338,0.9120976271839081
537,2,2,0,1.0,0.0,0.9245964981435351,0.9245964981435351,0.2857142857142857,0.26417042804101,0.10213074869707373,0.9622982531065194,0.03770175496298432,0.9622982531065194
538,1,1,0,1.0,0.0,0.9839567852932871,0.9839567852932871,0.16666666666666666,0.1639927975488812,0.0,0.9919784034838517,0.008021618190564607,0.9919784034838517
539,3,1,2,0.3333333333333333,0.6666666666666666,-0.3769528245252924,-0.9609523366350646,0.375,-0.14135730919698464,1.0436848872771634,0.31152357531409386,0.6884763998393861,0.9644769960893996
540,2,1,1,0.5,0.5,-0.012063518037879473,-0.012063518037879473,0.2857142857142857,-0.003446719439394135,1.3937659304398955,0.49396822404217683,0.5060317420800563,0.9927706534615306
541,11,10,1,0.9090909090909091,0.09090909090909091,0.8137262951509026,0.9980747965164483,0.6875,0.5594368279162455,0.5951589929000126,0.9068631390623431,0.09313684391144052,0.9960026531547814
542,1,0,1,0.0,1.0,-0.9988467470534798,-0.9988467470534798,0.16666666666666666,-0.16647445784224663,0.0,0.0005766040491826326,0.9994233511026623,0.9994233511026623
543,2,2,0,1.0,0.0,0.9674747288715978,0.9674747288715978,0.2857142857142857,0.2764213511061708,0.0425582115645384,0.9837373786973204,0.01626264982572257,0.9837373786973204
544,2,1,1,0.5,0.5,0.4497937356802486,0.4497937356802486,0.2857142857142857,0.12851249590864244,0.7639923639465417,0.7248968511243962,0.2751031154441475,0.7701120739449421
546,1,0,1,0.0,1.0,-0.46414141552053767,-0.46414141552053767,0.16666666666666666,-0.07735690258675627,0.0,0.26792926616805923,0.7320706816885969,0.7320706816885969
548,1,0,1,0.0,1.0,-0.9993747611047398,-0.9993747611047398,0.16666666666666666,-0.1665624601841233,0.0,0.00031263344184890467,0.9996873945465887,0.9996873945465887
551,2,1,1,0.5,0.5,0.3897793438037237,0.3897793438037237,0.2857142857142857,0.1113655268010639,0.8617990354051916,0.694889669418335,0.30511032561461127,0.8046919684939914
552,3,2,1,0.6666666666666666,0.3333333333333333,0.28657734178999833,0.839015683349298,0.375,0.10746650317124937,1.0934004369750785,0.6432886584253145,0.35671131663531613,0.9675609930753803
553,4,4,0,1.0,0.0,0.9933372172909167,0.9974717844260815,0.4444444444444444,0.44148320768485183,0.009474653710263967,0.9966686141547022,0.0033313968637854385,0.9966686141547022
555,6,5,1,0.8333333333333334,0.16666666666666666,0.60288715500117,0.9837572481628586,0.5454545454545454,0.32884753909154724,0.7967428678941338,0.8014435863903041,0.19855643138913406,0.9680212596694671
562,1,1,0,1.0,0.0,0.9852111441294352,0.9852111441294352,0.16666666666666666,0.16420185735490586,0.0,0.9926055501302083,0.007394406000773112,0.9926055501302083
581,1,1,0,1.0,0.0,0.9906818599066466,0.9906818599066466,0.16666666666666666,0.16511364331777442,0.0,0.9953409619242138,0.0046591020175672125,0.9953409619242138
585,1,1,0,1.0,0.0,0.9990289192726683,0.9990289192726683,0.16666666666666666,0.16650481987877805,0.0,0.9995144692613331,0.00048554998866478263,0.9995144692613331
586,5,5,0,1.0,0.0,0.9974485498752006,0.9980727854336418,0.5,0.4987242749376003,0.0018380898740263832,0.9987242579789501,0.0012757081037495551,0.9987242579789501
587,4,3,1,0.75,0.25,0.43873632229770276,0.8567272155976144,0.4444444444444444,0.19499392102120122,0.9348121305798159,0.7193681569619501,0.2806318346642474,0.9586287818639115
588,5,5,0,1.0,0.0,0.9994514215955244,0.9996493506755325,0.5,0.4997257107977622,0.0003874153844486197,0.999725711881657,0.00027429028613262975,0.999725711881657
589,8,7,1,0.875,0.125,0.7677301121918327,0.997119778978542,0.6153846153846154,0.47244929981035866,0.6472741287976723,0.8838650522523391,0.11613494006050637,0.9881361650086754
590,3,3,0,1.0,0.0,0.6770913859959954,0.9983098393500741,0.375,0.25390926974849826,0.557278530393405,0.8385457145749705,0.1614543285789751,0.8385457145749705
592,9,5,4,0.5555555555555556,0.4444444444444444,0.11248112241642357,0.9883310012878712,0.6428571428571429,0.07230929298198659,1.0490064182202974,0.55624056105294,0.4437594386365164,0.9976884469060043
593,7,5,2,0.7142857142857143,0.2857142857142857,0.5394804823363321,0.9978372999466956,0.5833333333333334,0.3146969480295271,0.7836378154888761,0.7697402414368135,0.2302597591004815,0.9433512028007794
594,1,1,0,1.0,0.0,0.9967599093319965,0.9967599093319965,0.16666666666666666,0.16612665155533274,0.0,0.9983799322895037,0.001620022957507162,0.9983799322895037
595,2,2,0,1.0,0.0,0.9946571040028768,0.9946571040028768,0.2857142857142857,0.2841877440008219,0.006506345841473987,0.9973285312767144,0.0026714272738375643,0.9973285312767144
596,1,1,0,1.0,0.0,0.996648219423723,0.996648219423723,0.16666666666666666,0.16610803657062048,0.0,0.9983240675348724,0.001675848111149349,0.9983240675348724
597,8,5,3,0.625,0.375,0.26631093222886665,0.9917655962394969,0.6153846153846154,0.16388365060237947,1.006374042859179,0.6331554689969755,0.3668445367681088,0.9885922234650608
599,3,2,1,0.6666666666666666,0.3333333333333333,0.44435056628296943,0.6913808818326308,0.375,0.16663146235611354,0.6787535159753593,0.7221752775531982,0.27782471127022884,0.8299491704138742
606,1,1,0,1.0,0.0,0.9993087915082773,0.9993087915082773,0.16666666666666666,0.16655146525137954,0.0,0.9996544247581846,0.0003456332499072665,0.9996544247581846
608,4,4,0,1.0,0.0,0.9982382990425508,0.9990221451615168,0.4444444444444444,0.4436614662411337,0.002048912371615416,0.9991191457501141,0.0008808467075633489,0.9991191457501141
609,1,0,1,0.0,1.0,-0.9845432906038432,-0.9845432906038432,0.16666666666666666,-0.16409054843397386,0.0,0.007728363929774223,0.9922716545336174,0.9922716545336174
610,1,0,1,0.0,1.0,-0.9385012169561442,-0.9385012169561442,0.16666666666666666,-0.15641686949269068,0.0,0.030749433844752566,0.9692506508008968,0.9692506508008968
616,1,1,0,1.0,0.0,0.9957174380500633,0.9957174380500633,0.16666666666666666,0.1659529063416772,0.0,0.9978587139083679,0.002141275858304587,0.9978587139083679
628,5,5,0,1.0,0.0,0.997742396707685,0.9992504854936426,0.5,0.4988711983538425,0.0032486527818688985,0.9988711939038358,0.001128797196150691,0.9988711939038358
647,1,0,1,0.0,1.0,-0.9840542853295386,-0.9840542853295386,0.16666666666666666,-0.1640090475549231,0.0,0.007972837328077196,0.9920271226576158,0.9920271226576158
648,6,4,2,0.6666666666666666,0.3333333333333333,0.30141348809425356,0.8890692623073044,0.5454545454545454,0.1644073571423201,0.9981766323207245,0.6507067437198983,0.3492932556256448,0.9787203793315205
653,1,1,0,1.0,0.0,0.4941543933238676,0.4941543933238676,0.16666666666666666,0.08235906555397793,0.0,0.7470771856224205,0.2529227922985529,0.7470771856224205
661,1,1,0,1.0,0.0,0.9992918284237384,0.9992918284237384,0.16666666666666666,0.16654863807062306,0.0,0.9996459197998047,0.00035409137606620786,0.9996459197998047
662,1,1,0,1.0,0.0,0.9900981198657642,0.9900981198657642,0.16666666666666666,0.1650163533109607,0.0,0.9950490315755208,0.004950911709756562,0.9950490315755208
665,2,1,1,0.5,0.5,-0.015931033369409375,-0.015931033369409375,0.2857142857142857,-0.0045517238198312495,1.3284356886564348,0.49203447634696296,0.5079655097163723,0.9696729349412607
668,1,1,0,1.0,0.0,0.9832373830122341,0.9832373830122341,0.16666666666666666,0.16387289716870568,0.0,0.9916186880219207,0.008381305009686623,0.9916186880219207
670,1,1,0,1.0,0.0,0.9536349334109288,0.9536349334109288,0.16666666666666666,0.15893915556848812,0.0,0.9768174429065906,0.023182509495661807,0.9768174429065906
671,1,0,1,0.0,1.0,-0.998851459628592,-0.998851459628592,0.16666666666666666,-0.16647524327143198,0.0,0.0005742694872121016,0.9994257291158041,0.9994257291158041
673,4,2,2,0.5,0.5,0.3837899533927655,0.4543635612891085,0.4444444444444444,0.17057331261900688,0.7178999215449358,0.6918949619285022,0.30810500853573664,0.8066767813357936
674,4,2,2,0.5,0.5,-0.04693710784507679,-0.10271122042013675,0.4444444444444444,-0.020860936820034127,1.0617298420797225,0.4765314408033211,0.5234685486483979,0.9574126711274734
680,2,2,0,1.0,0.0,0.959703586680148,0.959703586680148,0.2857142857142857,0.27420102476575653,0.05523270907667405,0.9798517845342398,0.02014819785409184,0.9798517845342398
688,1,1,0,1.0,0.0,0.9720495964891167,0.9720495964891167,0.16666666666666666,0.16200826608151944,0.0,0.9860248360582577,0.01397523956914102,0.9860248360582577
695,1,1,0,1.0,0.0,0.9970044865075386,0.9970044865075386,0.16666666666666666,0.1661674144179231,0.0,0.9985022111372515,0.0014977246297128272,0.9985022111372515
704,1,0,1,0.0,1.0,-0.9955064189584949,-0.9955064189584949,0.16666666666666666,-0.16591773649308247,0.0,0.002246791954281964,0.9977532109127769,0.9977532109127769
707,2,0,2,0.0,1.0,-0.9859004325159576,-0.9859004325159576,0.2857142857142857,-0.28168583786170215,0.000547837984129478,0.00704980324158763,0.9929502357575453,0.9929502357575453
708,1,1,0,1.0,0.0,0.6845536536358773,0.6845536536358773,0.16666666666666666,0.11409227560597954,0.0,0.8422767963815243,0.15772314274564703,0.8422767963815243
709,1,0,1,0.0,1.0,-0.8158777123255445,-0.8158777123255445,0.16666666666666666,-0.13597961872092407,0.0,0.09206116278439958,0.9079388751099441,0.9079388751099441
714,1,1,0,1.0,0.0,0.85546039173444,0.85546039173444,0.16666666666666666,0.14257673195574,0.0,0.9277301891681438,0.07226979743370376,0.9277301891681438
719,2,2,0,1.0,0.0,0.9458319270194518,0.9458319270194518,0.2857142857142857,0.27023769343412907,0.041342222580229744,0.9729159566348841,0.02708402961543223,0.9729159566348841
728,1,1,0,1.0,0.0,0.9947281927241945,0.9947281927241945,0.16666666666666666,0.1657880321206991,0.0,0.9973640727283354,0.0026358800041408016,0.9973640727283354
733,5,5,0,1.0,0.0,0.9145549941403186,0.987954664627711,0.5,0.4572774970701593,0.12120983079005934,0.957277503739502,0.04272250959918339,0.957277503739502
735,1,1,0,1.0,0.0,0.9981403713425,0.9981403713425,0.16666666666666666,0.16635672855708333,0.0,0.9990702311197917,0.0009298597772916158,0.9990702311197917
736,3,3,0,1.0,0.0,0.9945781346883221,0.9959755186424698,0.375,0.3729668005081208,0.005248997615261478,0.9972890761794283,0.002710941491106185,0.9972890761794283
741,2,2,0,1.0,0.0,0.9586942285865462,0.9586942285865462,0.2857142857142857,0.27391263673901317,0.05397921773346059,0.9793471343059061,0.02065290571935994,0.9793471343059061
742,1,1,0,1.0,0.0,0.9906881759643554,0.9906881759643554,0.16666666666666666,0.16511469599405923,0.0,0.995344091796875,0.004655915832519532,0.995344091796875
743,1,0,1,0.0,1.0,-0.99768031347455,-0.99768031347455,0.16666666666666666,-0.16628005224575831,0.0,0.001159838334781917,0.9988401518093319,0.9988401518093319
745,2,1,1,0.5,0.5,0.32392728732568077,0.32392728732568077,0.2857142857142857,0.09255065352162307,0.907176980272454,0.6619636422005769,0.33803635487489614,0.8207354957812301
748,1,1,0,1.0,0.0,0.9830631694793701,0.9830631694793701,0.16666666666666666,0.163843861579895,0.0,0.9915315551757813,0.008468385696411132,0.9915315551757813
750,5,5,0,1.0,0.0,0.9890827146129263,0.9948349353850043,0.5,0.49454135730646315,0.011268060446111203,0.9945413570235067,0.00545864241058037,0.9945413570235067
761,2,1,1,0.5,0.5,0.004837850160917645,0.004837850160917645,0.2857142857142857,0.001382242903119327,1.4052237351171022,0.5024189226378023,0.49758107247688466,0.9968216136501393
765,1,1,0,1.0,0.0,0.965561553937699,0.965561553937699,0.16666666666666666,0.16092692565628317,0.0,0.9827807867445544,0.017219232806855292,0.9827807867445544
778,3,2,1,0.6666666666666666,0.3333333333333333,0.33662637560263614,0.968764905397057,0.375,0.12623489085098855,1.1125362357807214,0.668313174359025,0.331686798756389,0.9843019303914068
780,5,3,2,0.6,0.4,0.31727248024989435,0.9996136472282703,0.5,0.15863624012494718,0.9346203269421278,0.6586362447021692,0.34136376445227484,0.9411764002288168
782,1,1,0,1.0,0.0,0.7769820772368332,0.7769820772368332,0.16666666666666666,0.12949701287280552,0.0,0.8884910057330954,0.11150892849626212,0.8884910057330954
783,2,2,0,1.0,0.0,0.998010989359871,0.998010989359871,0.2857142857142857,0.2851459969599631,0.002419133652987866,0.9990054776396572,0.0009944882797862937,0.9990054776396572
784,2,1,1,0.5,0.5,-0.003923458855585371,-0.003923458855585371,0.2857142857142857,-0.0011209882444529631,1.406267062000929,0.4980382565392864,0.5019617153948718,0.9971904738171491
785,1,1,0,1.0,0.0,0.3865317909085021,0.3865317909085021,0.16666666666666666,0.06442196515141702,0.0,0.6932658759915099,0.3067340850830078,0.6932658759915099
786,2,1,1,0.5,0.5,-0.026240657315109772,-0.026240657315109772,0.2857142857142857,-0.0074973306614599345,1.2193685764678284,0.4868796808551056,0.5131203381702153,0.9311119041057547
788,1,1,0,1.0,0.0,0.9586467016488314,0.9586467016488314,0.16666666666666666,0.15977445027480522,0.0,0.9793233513832093,0.020676649734377862,0.9793233513832093
798,1,0,1,0.0,1.0,-0.9967306835783852,-0.9967306835783852,0.16666666666666666,-0.16612178059639754,0.0,0.0016346883679193164,0.9983653719463046,0.9983653719463046
799,3,3,0,1.0,0.0,0.6673793901415547,0.9985458694226906,0.375,0.250267271303083,0.5736007444898599,0.8336896984335764,0.16631030829202179,0.8336896984335764
800,2,2,0,1.0,0.0,0.8272344252316788,0.8272344252316788,0.2857142857142857,0.23635269292333677,0.20396265700074792,0.9136171979717627,0.0863827727400838,0.9136171979717627
802,1,0,1,0.0,1.0,-0.9260422983243047,-0.9260422983243047,0.16666666666666666,-0.1543403830540508,0.0,0.036978850104929406,0.9630211484292341,0.9630211484292341
805,2,2,0,1.0,0.0,0.569133657165753,0.569133657165753,0.2857142857142857,0.16260961633307228,0.6029223807660085,0.7845668180698135,0.21543316090406056,0.7845668180698135
808,1,1,0,1.0,0.0,0.9993124144707676,0.9993124144707676,0.16666666666666666,0.16655206907846126,0.0,0.99965623785688,0.0003438233861124328,0.99965623785688
809,1,1,0,1.0,0.0,0.9956108487599733,0.9956108487599733,0.16666666666666666,0.16593514145999555,0.0,0.9978054627677463,0.002194614007772989,0.9978054627677463
818,1,1,0,1.0,0.0,0.9989350157185695,0.9989350157185695,0.16666666666666666,0.16648916928642823,0.0,0.999467528421819,0.0005325127032495314,0.999467528421819
835,1,0,1,0.0,1.0,-0.49492331863385847,-0.49492331863385847,0.16666666666666666,-0.08248721977230974,0.0,0.2525383343693028,0.7474616530031613,0.7474616530031613
836,2,0,2,0.0,1.0,-0.995394974281651,-0.995394974281651,0.2857142857142857,-0.2843985640804717,0.0005847295599705986,0.00230252143036372,0.9976974957120147,0.9976974957120147
837,2,2,0,1.0,0.0,0.9821385884557805,0.9821385884557805,0.2857142857142857,0.28061102527308013,0.024758696664453957,0.9910693119182428,0.008930723462462282,0.9910693119182428
838,3,3,0,1.0,0.0,0.9155270803896326,0.9008125049967161,0.375,0.3433226551461122,0.07703413919132136,0.9577635324954042,0.0422364521057717,0.9577635324954042
839,2,1,1,0.5,0.5,-0.004923193921512192,-0.004923193921512192,0.2857142857142857,-0.001406626834717769,1.4047720964063968,0.497538412336451,0.5024616062579632,0.99666194699251
841,2,2,0,1.0,0.0,0.9973376516554806,0.9973376516554806,0.2857142857142857,0.28495361475870873,0.0025484616794287864,0.9986688356141786,0.0013311839586979634,0.9986688356141786
842,1,1,0,1.0,0.0,0.35189915146938594,0.35189915146938594,0.16666666666666666,0.05864985857823099,0.0,0.675949593477471,0.324050442008085,0.675949593477471
848,1,1,0,1.0,0.0,0.9992145296123067,0.9992145296123067,0.16666666666666666,0.16653575493538444,0.0,0.9996072370453742,0.0003927074330674726,0.9996072370453742
849,3,2,1,0.6666666666666666,0.3333333333333333,0.3232516720796971,0.9674168527126312,0.375,0.12121937702988642,1.1401454606209003,0.6616258471108417,0.3383741750311446,0.9926841692947795
852,4,4,0,1.0,0.0,0.9976330177269106,0.9978756251872671,0.4444444444444444,0.44339245232307134,0.0023861867149692663,0.9988164982461399,0.0011834805192293067,0.9988164982461399
858,6,5,1,0.8333333333333334,0.16666666666666666,0.6655063087974981,0.9994693115839883,0.5454545454545454,0.3630034411622716,0.8133077530407833,0.8327531273493425,0.16724681855184434,0.9985247144816712
866,3,3,0,1.0,0.0,0.993480413865352,0.9996322385218155,0.375,0.372555155199507,0.010661066028139108,0.9967401984082823,0.0032597845429304766,0.9967401984082823
879,3,1,2,0.3333333333333333,0.6666666666666666,-0.3285477432055253,-0.9671258808861316,0.375,-0.123205403702072,1.1312541014599269,0.33572612288445125,0.6642738660899766,0.9901420984038628
880,2,1,1,0.5,0.5,0.3849658332905527,0.3849658332905527,0.2857142857142857,0.10999023808301504,0.7442251947188161,0.6924829025335958,0.3075170692430432,0.7631233268460963
881,1,0,1,0.0,1.0,-0.9925195630324088,-0.9925195630324088,0.16666666666666666,-0.16541992717206813,0.0,0.0037402232824745823,0.9962597863148834,0.9962597863148834
886,2,1,1,0.5,0.5,-0.01355828670510767,-0.01355828670510767,0.2857142857142857,-0.003873796201459334,1.3921922309991783,0.4932208514192833,0.5067791381243909,0.9922142783992108
891,2,0,2,0.0,1.0,-0.9930406403081755,-0.9930406403081755,0.2857142857142857,-0.2837258972309073,0.005905975887279008,0.0034797021629123007,0.9965203424710878,0.9965203424710878
897,1,0,1,0.0,1.0,-0.9944998202815412,-0.9944998202815412,0.16666666666666666,-0.16574997004692352,0.0,0.0027500783213444293,0.9972498986028856,0.9972498986028856
898,3,2,1,0.6666666666666666,0.3333333333333333,0.5160646857772869,0.9835558317227071,0.375,0.19352425716648258,0.8233710319686363,0.7580323344303692,0.24196764865308226,0.9029119876410601
899,4,3,1,0.75,0.25,0.5595879258315298,0.9987918278847532,0.4444444444444444,0.24870574481401325,0.8789666674047001,0.7797939783895886,0.22020605255805875,0.9695094119919698
900,1,1,0,1.0,0.0,0.998534077651722,0.998534077651722,0.16666666666666666,0.166422346275287,0.0,0.9992670118194266,0.0007329341677046314,0.9992670118194266
901,1,1,0,1.0,0.0,0.9867375326309941,0.9867375326309941,0.16666666666666666,0.164456255438499,0.0,0.9933687559661375,0.006631223335143454,0.9933687559661375
902,2,2,0,1.0,0.0,0.9947842491055501,0.9947842491055501,0.2857142857142857,0.2842240711730143,0.0038976827479566658,0.9973921299808814,0.00260788087533138,0.9973921299808814
903,5,4,1,0.8,0.2,0.5964591904935357,0.9928968460722403,0.5,0.29822959524676784,0.8914450557040644,0.798229603759384,0.20177041326584838,0.9978691628175904
904,5,4,1,0.8,0.2,0.7667438252783345,0.9853592646556715,0.5,0.38337191263916726,0.49491478064034633,0.8833719131516572,0.1166280878733228,0.9070662225870499
905,3,3,0,1.0,0.0,0.998813305939242,0.9993300290425887,0.375,0.37455498972721574,0.0010890532616837513,0.9994066510535422,0.0005933451143003201,0.9994066510535422
906,1,1,0,1.0,0.0,0.995475481092842,0.995475481092842,0.16666666666666666,0.16591258018214033,0.0,0.9977377440687132,0.002262262975871124,0.9977377440687132
907,1,1,0,1.0,0.0,0.8257685839119604,0.8257685839119604,0.16666666666666666,0.13762809731866005,0.0,0.9128842757920087,0.08711569188004833,0.9128842757920087
908,7,4,3,0.5714285714285714,0.42857142857142855,0.15564009254528083,0.9428690125544865,0.5833333333333334,0.09079005398474715,1.019117956537512,0.5778200402235328,0.4221799476782519,0.9775800841236203
909,4,4,0,1.0,0.0,0.9749198980017936,0.9963666644350821,0.4444444444444444,0.43329773244524156,0.04522251373413578,0.9874599411823402,0.012540043180546597,0.9874599411823402
910,3,2,1,0.6666666666666666,0.3333333333333333,0.33313261951173373,0.9990468160440661,0.375,0.12492473231690016,1.1534080738263768,0.6665663020961399,0.33343368258440614,0.9994690701917764
911,4,4,0,1.0,0.0,0.9968647374420435,0.9983368939302304,0.4444444444444444,0.443050994418686,0.004025580402094294,0.998432354660413,0.0015676172183695203,0.998432354660413
912,4,4,0,1.0,0.0,0.9988580553791023,0.9990594102229264,0.4444444444444444,0.44393691350182324,0.0008033031754393643,0.9994290195390063,0.0005709641599039158,0.9994290195390063
913,4,4,0,1.0,0.0,0.9877024786994251,0.9904863838349987,0.4444444444444444,0.4389788794219667,0.013385486966415306,0.993851238581577,0.0061487598821519185,0.993851238581577
914,3,3,0,1.0,0.0,0.9833447999391381,0.9987085894230873,0.375,0.3687542999771768,0.026709322580877912,0.9916723858261077,0.00832758588696965,0.9916723858261077
915,2,2,0,1.0,0.0,0.9960801684197782,0.9960801684197782,0.2857142857142857,0.28459433383422233,0.003483502198002378,0.9980400612583222,0.001959892838544102,0.9980400612583222
916,3,3,0,1.0,0.0,0.9985009540321611,0.9983258733066056,0.375,0.3744378577620604,0.0011945317584327205,0.9992504760021697,0.00074952197000861,0.9992504760021697
917,1,1,0,1.0,0.0,0.9977202462298529,0.9977202462298529,0.16666666666666666,0.16628670770497547,0.0,0.998860124860491,0.0011398786306381227,0.998860124860491
918,2,2,0,1.0,0.0,0.9985760414494527,0.9985760414494527,0.2857142857142857,0.2853074404141293,0.0014684440961653862,0.9992880194587277,0.0007119780092750695,0.9992880194587277
919,6,6,0,1.0,0.0,0.9982657911472147,0.9982758174108263,0.5454545454545454,0.5445086133530261,0.0007352284679132634,0.9991328947139827,0.0008671035667679484,0.9991328947139827
920,2,2,0,1.0,0.0,0.9589352815230812,0.9589352815230812,0.2857142857142857,0.2739815090065946,0.047086431576220576,0.9794676390269388,0.02053235750385766,0.9794676390269388
922,7,7,0,1.0,0.0,0.9870374436156035,0.9972488335148639,0.5833333333333334,0.575771842109102,0.025126487845589643,0.9935187151066066,0.006481271491003106,0.9935187151066066
923,10,8,2,0.8,0.2,0.6627004084304329,0.9974770369638993,0.6666666666666666,0.44180027228695523,0.6575217207127292,0.8313502041686849,0.16864979573825195,0.9309772775678711
924,16,12,4,0.75,0.25,0.47121490210847333,0.9511881878043572,0.7619047619047619,0.35902087779693204,0.7930945276434361,0.7356074515076794,0.2643925493992061,0.9371284572274872
926,4,4,0,1.0,0.0,0.9974989341076901,0.9978867913382629,0.4444444444444444,0.4433328596034178,0.002602152545501315,0.9987494821595908,0.001250548051900709,0.9987494821595908
927,1,0,1,0.0,1.0,-0.9784303928414981,-0.9784303928414981,0.16666666666666666,-0.16307173214024967,0.0,0.010784822205702463,0.9892152150472006,0.9892152150472006
928,6,4,2,0.6666666666666666,0.3333333333333333,0.3374360903270646,0.9955510828224018,0.5454545454545454,0.18405604926930796,1.020103189006798,0.6687180598185133,0.33128196949144867,0.9952210827888782
929,2,2,0,1.0,0.0,0.9964257084477526,0.9964257084477526,0.2857142857142857,0.2846930595565007,0.0005777974815014517,0.9982128847548857,0.0017871763071331535,0.9982128847548857
930,2,2,0,1.0,0.0,0.9995793859889567,0.9995793859889567,0.2857142857142857,0.28559411028255904,0.0001466851245740493,0.9997896864424627,0.00021030045350592616,0.9997896864424627
931,2,2,0,1.0,0.0,0.9944919665378736,0.9944919665378736,0.2857142857142857,0.2841405618679639,0.001606095417219997,0.9972459749972566,0.0027540084593830273,0.9972459749972566
933,3,3,0,1.0,0.0,0.9963959190532446,0.998811921383115,0.375,0.37364846964496673,0.004855529407076388,0.9981979679893528,0.001802048936108128,0.9981979679893528
936,1,1,0,1.0,0.0,0.9986145155409636,0.9986145155409636,0.16666666666666666,0.16643575259016058,0.0,0.999307233734993,0.0006927181940294255,0.999307233734993
938,1,1,0,1.0,0.0,0.997640963210616,0.997640963210616,0.16666666666666666,0.16627349386843598,0.0,0.9988204601199128,0.00117949690929679,0.9988204601199128
940,2,2,0,1.0,0.0,0.9993986969205494,0.9993986969205494,0.2857142857142857,0.28554248483444267,0.0003127213639849678,0.9996993571410686,0.00030066022051918387,0.9996993571410686
941,2,2,0,1.0,0.0,0.9991700575407881,0.9991700575407881,0.2857142857142857,0.285477159297368,0.0001076112612820424,0.9995850252731786,0.00041496773239057107,0.9995850252731786
942,2,2,0,1.0,0.0,0.955317630587182,0.955317630587182,0.2857142857142857,0.27294789445348056,0.058886502689866047,0.9776588266351904,0.022341196048008525,0.9776588266351904
943,1,1,0,1.0,0.0,0.9657344747992123,0.9657344747992123,0.16666666666666666,0.1609557457998687,0.0,0.9828672222062653,0.01713274740705303,0.9828672222062653
944,2,2,0,1.0,0.0,0.9919560733707249,0.9919560733707249,0.2857142857142857,0.28341602096306423,0.010501498538847088,0.9959780605204462,0.004021987149721377,0.9959780605204462
945,1,1,0,1.0,0.0,0.9986786137660736,0.9986786137660736,0.16666666666666666,0.1664464356276789,0.0,0.9993392869169488,0.0006606731508752982,0.9993392869169488
946,1,1,0,1.0,0.0,0.9940342470607926,0.9940342470607926,0.16666666666666666,0.1656723745101321,0.0,0.9970171768053443,0.002982929744551667,0.9970171768053443
947,4,3,1,0.75,0.25,0.5841074252203228,0.9932021540094991,0.4444444444444444,0.2596033000979212,0.8221964718378041,0.7920537155141432,0.20794629029382042,0.9543447250199373
948,1,1,0,1.0,0.0,0.9185409344410059,0.9185409344410059,0.16666666666666666,0.15309015574016765,0.0,0.9592704293543818,0.04072949491337584,0.9592704293543818
950,1,1,0,1.0,0.0,0.998590852249622,0.998590852249622,0.16666666666666666,0.16643180870827032,0.0,0.9992954183069075,0.0007045660572855369,0.9992954183069075
951,1,1,0,1.0,0.0,0.995843056546215,0.995843056546215,0.16666666666666666,0.1659738427577025,0.0,0.9979215054898649,0.00207844894364994,0.9979215054898649
952,2,1,1,0.5,0.5,0.018889518652094095,0.018889518652094095,0.2857142857142857,0.005397005329169741,1.3745507523893292,0.5094447638793264,0.49055524522723226,0.9859770836030621
953,6,6,0,1.0,0.0,0.9968439479018908,0.9993949780020666,0.5454545454545454,0.5437330624919404,0.006336935826845898,0.9984219550862856,0.0015780071843947221,0.9984219550862856
954,3,3,0,1.0,0.0,0.8984372389626648,0.9174936028087841,0.375,0.3369139646109993,0.10620518163367614,0.9492185969045606,0.05078135794189558,0.9492185969045606
955,4,4,0,1.0,0.0,0.9954602159465319,0.997793480337303,0.4444444444444444,0.44242676264290304,0.006054867685753615,0.9977301026160504,0.002269886669518605,0.9977301026160504
965,1,1,0,1.0,0.0,0.9990084748114308,0.9990084748114308,0.16666666666666666,0.1665014124685718,0.0,0.9995042370211693,0.0004957622097384545,0.9995042370211693
968,3,2,1,0.6666666666666666,0.3333333333333333,0.22067843923490807,0.6791124806820767,0.375,0.08275441471309053,1.0657323765491638,0.6103392380718603,0.38966079883695226,0.942859373623799
969,3,3,0,1.0,0.0,0.9937904636872417,0.9957906961963888,0.375,0.3726714238827156,0.006986332283537574,0.9968952299071892,0.0031047662199475026,0.9968952299071892
971,1,1,0,1.0,0.0,0.9805512106491744,0.9805512106491744,0.16666666666666666,0.1634252017748624,0.0,0.9902756267773837,0.009724416128209276,0.9902756267773837
973,2,2,0,1.0,0.0,0.9754562518443723,0.9754562518443723,0.2857142857142857,0.27870178624124925,0.03023843763858008,0.9877281153406516,0.012271863496279359,0.9877281153406516
991,2,1,1,0.5,0.5,-0.3716423186450387,-0.3716423186450387,0.2857142857142857,-0.1061835196128682,0.8847408639067988,0.3141788496431294,0.6858211682881681,0.8128031411963197
994,1,1,0,1.0,0.0,0.9911732436996432,0.9911732436996432,0.16666666666666666,0.16519554061660718,0.0,0.9955865981034921,0.004413354403848918,0.9955865981034921
996,1,0,1,0.0,1.0,-0.8593477304430975,-0.8593477304430975,0.16666666666666666,-0.14322462174051626,0.0,0.07032613247489007,0.9296738629179876,0.9296738629179876
999,2,2,0,1.0,0.0,0.9861316447072113,0.9861316447072113,0.2857142857142857,0.28175189848777465,0.018625258310840737,0.993065803984754,0.006934159277542732,0.993065803984754
1005,1,1,0,1.0,0.0,0.8649726336515402,0.8649726336515402,0.16666666666666666,0.14416210560859002,0.0,0.9324863288975969,0.06751369524605666,0.9324863288975969
1006,1,0,1,0.0,1.0,-0.993542328702681,-0.993542328702681,0.16666666666666666,-0.1655903881171135,0.0,0.003228819054184538,0.9967711477568655,0.9967711477568655
1007,2,2,0,1.0,0.0,0.9955311048734974,0.9955311048734974,0.2857142857142857,0.28443745853528496,0.004730005973198845,0.9977655463166288,0.00223444144313152,0.9977655463166288
1008,1,1,0,1.0,0.0,0.9983926331047464,0.9983926331047464,0.16666666666666666,0.16639877218412438,0.0,0.9991963479371198,0.0008037148323734249,0.9991963479371198
1009,2,2,0,1.0,0.0,0.9927339572808083,0.9927339572808083,0.2857142857142857,0.28363827350880233,0.007993165575856458,0.9963669749595812,0.003633017678772839,0.9963669749595812
1010,2,2,0,1.0,0.0,0.9875373273645929,0.9875373273645929,0.2857142857142857,0.2821535221041694,0.007557388817405686,0.9937686791133253,0.006231351748732518,0.9937686791133253
1011,2,1,1,0.5,0.5,0.008458299674886371,0.008458299674886371,0.2857142857142857,0.0024166570499675345,1.3957884044899456,0.5042291533101535,0.49577085363526713,0.9934857264309065
1013,3,3,0,1.0,0.0,0.8280650296314872,0.98526936554047,0.375,0.3105243861118077,0.284582677831835,0.9140325320561039,0.0859675024246166,0.9140325320561039
1014,2,2,0,1.0,0.0,0.9945729557007483,0.9945729557007483,0.2857142857142857,0.28416370162878524,0.005332869670356221,0.9972865015239931,0.0027135458232448815,0.9972865015239931
1015,1,1,0,1.0,0.0,0.9992308421267403,0.9992308421267403,0.16666666666666666,0.16653847368779004,0.0,0.9996154106987847,0.00038456857204437255,0.9996154106987847
1017,1,1,0,1.0,0.0,0.9987623996525254,0.9987623996525254,0.16666666666666666,0.16646039994208756,0.0,0.9993812260234655,0.0006188263709399862,0.9993812260234655
1018,2,2,0,1.0,0.0,0.9524423209491873,0.9524423209491873,0.2857142857142857,0.2721263774140535,0.06624849394101907,0.9762211952786548,0.023778874329467473,0.9762211952786548
1019,2,2,0,1.0,0.0,0.9957516977142591,0.9957516977142591,0.2857142857142857,0.2845004850612169,0.005399937976182722,0.9978758712513769,0.002124173537117873,0.9978758712513769
1021,1,1,0,1.0,0.0,0.9965396418886364,0.9965396418886364,0.16666666666666666,0.16608994031477273,0.0,0.9982698260613208,0.0017301841726842916,0.9982698260613208
1022,2,2,0,1.0,0.0,0.9968189382361192,0.9968189382361192,0.2857142857142857,0.2848054109246055,4.421547650135829e-06,0.9984094579736669,0.0015905197375477888,0.9984094579736669
1023,1,1,0,1.0,0.0,0.98238761030185,0.98238761030185,0.16666666666666666,0.16373126838364166,0.0,0.9911938321058917,0.008806221804041772,0.9911938321058917
1025,2,1,1,0.5,0.5,0.00064959714411017,0.00064959714411017,0.2857142857142857,0.00018559918403147712,1.4094904849243783,0.5003248011107444,0.4996752039666343,0.9983301424926609
1027,3,2,1,0.6666666666666666,0.3333333333333333,0.41340264746282274,0.9798632640089229,0.375,0.15502599279855853,0.9866501054447404,0.7067013431059698,0.2932986956431471,0.9486602918771286
1028,3,2,1,0.6666666666666666,0.3333333333333333,0.33700441825707816,0.9988562164882433,0.375,0.1263766568464043,1.147118499344033,0.6685022101090222,0.331497791851944,0.9976934881957904
1029,4,3,1,0.75,0.25,0.49409182281756603,0.9852827498046182,0.4444444444444444,0.219596365696696,0.9917304567392217,0.747045891404517,0.25295406858695096,0.9953931804297866
1031,2,2,0,1.0,0.0,0.9962615842443686,0.9962615842443686,0.2857142857142857,0.28464616692696243,0.004252477202691968,0.9981307802308578,0.0018691959864891475,0.9981307802308578
1032,2,2,0,1.0,0.0,0.9838115458851697,0.9838115458851697,0.2857142857142857,0.28108901311004847,0.020040619563963313,0.9919057658035233,0.00809421991835359,0.9919057658035233
1033,1,0,1,0.0,1.0,-0.9933454963430088,-0.9933454963430088,0.16666666666666666,-0.1655575827238348,0.0,0.0033272441907144673,0.9966727405337233,0.9966727405337233
1034,1,0,1,0.0,1.0,-0.98154502255576,-0.98154502255576,0.16666666666666666,-0.16359083709262667,0.0,0.009227479071844192,0.9907725016276042,0.9907725016276042
1035,3,3,0,1.0,0.0,0.9787941487941031,0.9976933149688215,0.375,0.3670478057977887,0.033289591993816064,0.9893970753847842,0.01060292659068113,0.9893970753847842
1036,9,8,1,0.8888888888888888,0.1111111111111111,0.8623893661149891,0.9986057536704327,0.6428571428571429,0.5543931639310644,0.3501044309916926,0.9311946736004657,0.06880530748547667,0.9378582249242395
1037,2,0,2,0.0,1.0,-0.8811925110181992,-0.8811925110181992,0.2857142857142857,-0.2517692888623426,0.1653435437247484,0.05940375510095869,0.9405962661191578,0.9405962661191578
1041,5,5,0,1.0,0.0,0.9864401706815444,0.9943873178140791,0.5,0.4932200853407722,0.015713680380126233,0.9932200735011303,0.006779902819585902,0.9932200735011303
1042,1,1,0,1.0,0.0,0.9989545316222708,0.9989545316222708,0.16666666666666666,0.1664924219370451,0.0,0.9994772676778088,0.0005227360555380067,0.9994772676778088
1046,2,1,1,0.5,0.5,0.026800311359424234,0.026800311359424234,0.2857142857142857,0.007657231816978352,1.3720428316263025,0.5134001483836828,0.48659983702425846,0.985090387864646
1047,2,2,0,1.0,0.0,0.9412295408395379,0.9412295408395379,0.2857142857142857,0.2689227259541537,0.08222944337757726,0.97061478464945,0.029385243809912066,0.97061478464945
1049,3,3,0,1.0,0.0,0.9871810871275016,0.9862024879646684,0.375,0.3701929076728131,0.009023792228283404,0.9935905423728264,0.006409455245324926,0.9935905423728264
1051,1,1,0,1.0,0.0,0.999174465708311,0.999174465708311,0.16666666666666666,0.16652907761805183,0.0,0.9995872539709945,0.00041278826268338365,0.9995872539709945
1057,1,1,0,1.0,0.0,0.914780402515328,0.914780402515328,0.16666666666666666,0.15246340041922132,0.0,0.9573901804019632,0.04260977788663527,0.9573901804019632
1059,3,2,1,0.6666666666666666,0.3333333333333333,0.3243354552058537,0.9579821009384958,0.375,0.12162579570219514,1.105387074778027,0.662167730241335,0.33783227503548124,0.979516001241477
1060,1,1,0,1.0,0.0,0.9940849354144613,0.9940849354144613,0.16666666666666666,0.16568082256907687,0.0,0.9970424486243207,0.002957513209859373,0.9970424486243207
1061,3,2,1,0.6666666666666666,0.3333333333333333,0.38161594934568566,0.9679122937136683,0.375,0.14310598100463212,1.0349984042804183,0.6908079634344385,0.3091920140887529,0.9619502884938992
1066,1,1,0,1.0,0.0,0.9922578024807833,0.9922578024807833,0.16666666666666666,0.16537630041346388,0.0,0.9961288848949099,0.003871082414126565,0.9961288848949099
1069,1,1,0,1.0,0.0,0.9536823529117513,0.9536823529117513,0.16666666666666666,0.1589470588186252,0.0,0.9768411168512309,0.02315876393947961,0.9768411168512309
1073,5,4,1,0.8,0.2,0.7306513690905059,0.9982820641799052,0.5,0.36532568454525294,0.5841934105019113,0.8653256732315802,0.13467430414107437,0.9281548305427268
1079,2,1,1,0.5,0.5,-0.4408764972701529,-0.4408764972701529,0.2857142857142857,-0.12596471350575797,0.676621915382607,0.279561768236043,0.7204382655061958,0.7392219892043552
1080,3,2,1,0.6666666666666666,0.3333333333333333,0.3961573351127656,0.996618989631538,0.375,0.14855900066728708,1.0414163107918242,0.6980786742830087,0.30192133917024316,0.96686743584578
1082,3,3,0,1.0,0.0,0.9914652064634146,0.994396963093662,0.375,0.3717994524237805,0.009910441899160008,0.9957326063698099,0.00426739990639527,0.9957326063698099
1084,3,3,0,1.0,0.0,0.9976108733321412,0.9986583844560092,0.375,0.37410407749955293,0.0019987134743983757,0.9988054414607438,0.0011945681286026544,0.9988054414607438
1086,6,6,0,1.0,0.0,0.8152388481579944,0.9972877890894225,0.5454545454545454,0.44467573535890603,0.36701542155604383,0.9076194299120194,0.09238058175402501,0.9076194299120194
1088,5,3,2,0.6,0.4,0.413325958149706,0.9946757671507922,0.5,0.206662979074853,0.86041340054887,0.7066629820903302,0.29333702394062416,0.8915967368743403
1089,4,2,2,0.5,0.5,-0.004687774147706214,-0.011916268176763833,0.4444444444444444,-0.0020834551767583173,1.1419492633065285,0.49765612564217154,0.5023438997898778,0.9944485258992735
1090,3,3,0,1.0,0.0,0.9900707093854159,0.9859055743276418,0.375,0.37127651601953093,0.008341493393209354,0.9950353412787415,0.004964631893325672,0.9950353412787415
1091,1,1,0,1.0,0.0,0.9834312194137164,0.9834312194137164,0.16666666666666666,0.16390520323561938,0.0,0.9917156260500672,0.008284406636350898,0.9917156260500672
1092,2,2,0,1.0,0.0,0.996382547962452,0.996382547962452,0.2857142857142857,0.28468072798927196,0.0025398210195824943,0.9981912849949074,0.0018087370324554146,0.9981912849949074
1093,3,2,1,0.6666666666666666,0.3333333333333333,0.429472662706128,0.9891784661221054,0.375,0.161052248514798,0.9782804963045931,0.7147363182908482,0.28526365558472017,0.9481139917914351
1095,4,4,0,1.0,0.0,0.9293446669669582,0.9967770366307251,0.4444444444444444,0.4130420742075369,0.13677362568519863,0.9646723325283306,0.03532766556137247,0.9646723325283306
1096,1,1,0,1.0,0.0,0.946314251109762,0.946314251109762,0.16666666666666666,0.157719041851627,0.0,0.9731571508840593,0.026842899774297317,0.9731571508840593
1097,4,4,0,1.0,0.0,0.998802495599077,0.9991271737361603,0.4444444444444444,0.44391222026625643,0.001044193835074857,0.999401244620911,0.0005987490218340007,0.999401244620911
1099,2,2,0,1.0,0.0,0.9996479021722715,0.9996479021722715,0.2857142857142857,0.2856136863349347,7.680876838572556e-05,0.9998239488814664,0.00017604670919496427,0.9998239488814664
1100,3,2,1,0.6666666666666666,0.3333333333333333,0.14942810117315064,0.4364863528481013,0.375,0.05603553793993149,1.0238199448793053,0.5747140517096063,0.4252859505364556,0.9038075482549784
1101,4,3,1,0.75,0.25,0.5179360310151674,0.9814621839325055,0.4444444444444444,0.2301937915622966,0.9391916495869207,0.7589680091501533,0.24103197813498592,0.981623555815345
1103,2,2,0,1.0,0.0,0.8468800271570334,0.8468800271570334,0.2857142857142857,0.24196572204486666,0.1500037088777816,0.923440018004739,0.07655999084770554,0.923440018004739
1104,2,1,1,0.5,0.5,0.0182335009127646,0.0182335009127646,0.2857142857142857,0.005209571689361314,1.383397459500607,0.5091167506206414,0.49088324970787683,0.9891048625088199
1120,2,2,0,1.0,0.0,0.9822442321543257,0.9822442321543257,0.2857142857142857,0.2806412091869502,0.00944540366017957,0.9911221227114348,0.00887789055710922,0.9911221227114348
1124,1,1,0,1.0,0.0,0.9956117499734938,0.9956117499734938,0.16666666666666666,0.16593529166224896,0.0,0.9978058805170748,0.002194130543580989,0.9978058805170748
1125,1,0,1,0.0,1.0,-0.9661556202688335,-0.9661556202688335,0.16666666666666666,-0.16102593671147225,0.0,0.016922194280742126,0.9830778145495757,0.9830778145495757
1126,1,1,0,1.0,0.0,0.9960833743891933,0.9960833743891933,0.16666666666666666,0.1660138957315322,0.0,0.9980416731400923,0.001958298750899055,0.9980416731400923
1127,4,3,1,0.75,0.25,0.45905633728390693,0.9272304034556553,0.4444444444444444,0.2040250387928475,0.9714564902187673,0.7295281592634116,0.2704718219795047,0.9788715909824974
1128,3,3,0,1.0,0.0,0.7094835312920525,0.9903118188964253,0.375,0.2660563242345197,0.4944496311675811,0.8547417624390231,0.1452582311469705,0.8547417624390231
1129,3,2,1,0.6666666666666666,0.3333333333333333,0.19315416379933578,0.575083844611217,0.375,0.07243281142475091,1.050884236483574,0.5965770698693261,0.4034229060699904,0.9283387268192437
1130,4,3,1,0.75,0.25,0.6297667391068771,0.7937212754114499,0.4444444444444444,0.27989632849194535,0.46747396212913644,0.8148833788925485,0.18511663978567144,0.8287360373716586
1131,3,3,0,1.0,0.0,0.994140110801272,0.9937805019753541,0.375,0.372802541550477,0.00490069057743656,0.9970700316483355,0.002929920847063634,0.9970700316483355
1132,2,1,1,0.5,0.5,0.16330749552305762,0.16330749552305762,0.2857142857142857,0.04665928443515932,1.1744582724586374,0.5816537327829859,0.41834623725992826,0.9152336893595272
1136,4,3,1,0.75,0.25,0.4175962305837361,0.8338520265792239,0.4444444444444444,0.1855983247038827,0.954542676430598,0.7087981035877874,0.29120187300405126,0.9576431332101037
1147,1,0,1,0.0,1.0,-0.06352217474243138,-0.06352217474243138,0.16666666666666666,-0.010587029123738562,0.0,0.468238929924107,0.5317611046665384,0.5317611046665384
1148,2,2,0,1.0,0.0,0.9853741963898647,0.9853741963898647,0.2857142857142857,0.28153548468281847,0.019555916139233204,0.9926871161163919,0.007312919726527284,0.9926871161163919
1161,1,1,0,1.0,0.0,0.9989445156612504,0.9989445156612504,0.16666666666666666,0.1664907526102084,0.0,0.9994722239588609,0.0005277082976104761,0.9994722239588609
1162,1,0,1,0.0,1.0,-0.7920506369259398,-0.7920506369259398,0.16666666666666666,-0.13200843948765661,0.0,0.10397470642842366,0.8960253433543635,0.8960253433543635
1172,4,4,0,1.0,0.0,0.9961869493659479,0.9995451363321473,0.4444444444444444,0.4427497552737546,0.00685072367554247,0.9980934774472252,0.0019065280812773499,0.9980934774472252
1173,1,1,0,1.0,0.0,0.9995564585108133,0.9995564585108133,0.16666666666666666,0.16659274308513555,0.0,0.9997782389322917,0.0002217804214784077,0.9997782389322917
1175,2,2,0,1.0,0.0,0.9967748929938476,0.9967748929938476,0.2857142857142857,0.2847928265696707,0.00025437496209785134,0.9983874632108798,0.0016125702170322884,0.9983874632108798
1176,1,1,0,1.0,0.0,0.8987097949312445,0.8987097949312445,0.16666666666666666,0.14978496582187406,0.0,0.9493548744603207,0.05064507952907629,0.9493548744603207
1177,1,1,0,1.0,0.0,0.9681669929264727,0.9681669929264727,0.16666666666666666,0.16136116548774543,0.0,0.984083485228853,0.015916492302380306,0.984083485228853
1178,3,3,0,1.0,0.0,0.9141358466611047,0.9731025539460729,0.375,0.34280094249791426,0.11922178681099425,0.9570679111993973,0.042932064538292625,0.9570679111993973
1179,1,1,0,1.0,0.0,0.9969134147688563,0.9969134147688563,0.16666666666666666,0.16615223579480937,0.0,0.9984567253244011,0.0015433105555447664,0.9984567253244011
1183,2,2,0,1.0,0.0,0.9879965388563774,0.9879965388563774,0.2857142857142857,0.2822847253875364,0.01380049694418311,0.9939982555519502,0.006001716695572742,0.9939982555519502
1185,1,1,0,1.0,0.0,0.9993274725352724,0.9993274725352724,0.16666666666666666,0.16655457875587873,0.0,0.9996637132432725,0.0003362407080001301,0.9996637132432725
1186,2,1,1,0.5,0.5,-0.005091710993168408,-0.005091710993168408,0.2857142857142857,-0.0014547745694766879,1.4063948786283464,0.4974541759666663,0.5025458869598347,0.9972357093153181
1187,1,1,0,1.0,0.0,0.999099391181085,0.999099391181085,0.16666666666666666,0.1665165651968475,0.0,0.9995496717549986,0.00045028057391360653,0.9995496717549986
1188,3,3,0,1.0,0.0,0.998108495332937,0.9979973855900438,0.375,0.37429068574985136,0.0007603309707521257,0.9990542377864994,0.0009457424535623398,0.9990542377864994
1189,1,1,0,1.0,0.0,0.9881427254734398,0.9881427254734398,0.16666666666666666,0.1646904542455733,0.0,0.9940713599244256,0.005928634450985835,0.9940713599244256
1190,1,1,0,1.0,0.0,0.9988345589216162,0.9988345589216162,0.16666666666666666,0.16647242648693603,0.0,0.9994172817323266,0.0005827228107103487,0.9994172817323266
1192,1,1,0,1.0,0.0,0.9893958345536263,0.9893958345536263,0.16666666666666666,0.16489930575893771,0.0,0.9946979153540827,0.005302080800456386,0.9946979153540827
1193,4,4,0,1.0,0.0,0.6726674261675991,0.7767771042426842,0.4444444444444444,0.29896330051893294,0.39472170657685113,0.836333733434453,0.16366630726685394,0.836333733434453
1194,1,1,0,1.0,0.0,0.10300470231267184,0.10300470231267184,0.16666666666666666,0.017167450385445305,0.0,0.551502351156336,0.4484976488436641,0.551502351156336
1196,8,6,2,0.75,0.25,0.5131078703233678,0.9980299265195847,0.6153846153846154,0.3157586894297648,0.8983544564933648,0.7565539377918278,0.24344606746846006,0.9921321630119463
1197,4,3,1,0.75,0.25,0.499173438457182,0.9965978429237807,0.4444444444444444,0.2218548615365253,0.9969720344483589,0.7495867236596374,0.2504132852024555,0.9986565200005096
1198,5,5,0,1.0,0.0,0.9965992664734726,0.9984667042181605,0.5,0.4982996332367363,0.0048144239781413006,0.9982996160134237,0.0017003495399510265,0.9982996160134237
1199,3,2,1,0.6666666666666666,0.3333333333333333,0.4304235263664118,0.9973072934847373,0.375,0.16140882238740442,0.9838721556719717,0.7152117526301401,0.28478822626372835,0.9504295523207063
1200,14,11,3,0.7857142857142857,0.21428571428571427,0.5711097731645106,0.9958430407789565,0.7368421052631579,0.42081772759490255,0.8438789306643132,0.7855548895696713,0.21444511640516065,0.9968339949525014
1201,11,9,2,0.8181818181818182,0.18181818181818182,0.6370763415918839,0.9978261516058355,0.6875,0.43798998484442014,0.7939795258727871,0.8185381711345685,0.1814618295426848,0.9946306886752406
1202,4,2,2,0.5,0.5,0.20318742471525775,0.40463908088547057,0.4444444444444444,0.09030552209567011,0.9750294827288728,0.6015937163861893,0.39840629167093156,0.89716522212527
1203,7,6,1,0.8571428571428571,0.14285714285714285,0.8504705891102612,0.9969241495273973,0.5833333333333334,0.49610784364765237,0.37881979652248143,0.9252352955531169,0.0747647064428557,0.9264414099954239
1204,4,4,0,1.0,0.0,0.8687434006571395,0.9883295618297853,0.4444444444444444,0.38610817806983977,0.2469494198521619,0.9343716998684609,0.0656282992113214,0.9343716998684609
1206,6,5,1,0.8333333333333334,0.16666666666666666,0.49997352725105326,0.9722378597844956,0.5454545454545454,0.27271283304602906,0.8217332263634074,0.7499867560781479,0.2500132288270946,0.9165484369119691
1207,4,4,0,1.0,0.0,0.9970433380833508,0.9987580159884145,0.4444444444444444,0.44313037248148923,0.004099384581598995,0.9985216589190249,0.0014783208356741154,0.9985216589190249
1208,7,4,3,0.5714285714285714,0.42857142857142855,0.06922897384217068,0.04415756039987734,0.5833333333333334,0.040383568074599564,0.9349487712654957,0.534614473384846,0.4653854995426753,0.8988161644195485
1209,9,8,1,0.8888888888888888,0.1111111111111111,0.6828607526774999,0.9811708203599423,0.6428571428571429,0.4389819124355357,0.6506061667339373,0.8414303792805232,0.15856962660302332,0.9524986088615695
1210,5,4,1,0.8,0.2,0.4825235886831017,0.9118852564629087,0.5,0.24126179434155084,0.8479136451344069,0.7412617849842355,0.2587381963011338,0.9384709473124383
1211,2,2,0,1.0,0.0,0.6627794916360038,0.6627794916360038,0.2857142857142857,0.1893655690388582,0.4741275425101528,0.831389739041277,0.16861024740527322,0.831389739041277
1212,5,5,0,1.0,0.0,0.9020254029581718,0.9963367006004045,0.5,0.4510127014790859,0.17437959567011285,0.9510127089122818,0.04898730595410988,0.9510127089122818
1213,9,9,0,1.0,0.0,0.9347932769626593,0.9991941800378016,0.6428571428571429,0.6009385351902811,0.1907592170090305,0.9673966437796359,0.032603366816976655,0.9673966437796359
1214,10,8,2,0.8,0.2,0.5837165513333195,0.9765478415581961,0.6666666666666666,0.38914436755554627,0.8258064186339121,0.7918582772317478,0.2081417258984284,0.9881842535207378
1215,6,5,1,0.8333333333333334,0.16666666666666666,0.6385538947179387,0.9922125053732165,0.5454545454545454,0.3483021243916029,0.7991256234200677,0.819276927707834,0.18072303298989537,0.9838932569425779
1216,2,2,0,1.0,0.0,0.9953800990723014,0.9953800990723014,0.2857142857142857,0.2843943140206575,0.0015389458761242822,0.9976900384268617,0.002309939354560254,0.9976900384268617
1217,1,1,0,1.0,0.0,0.6560440515357304,0.6560440515357304,0.16666666666666666,0.10934067525595506,0.0,0.8280220366348096,0.17197798509907916,0.8280220366348096
1218,1,1,0,1.0,0.0,0.9952090180051919,0.9952090180051919,0.16666666666666666,0.16586816966753198,0.0,0.9976045387225915,0.002395520717399555,0.9976045387225915
1219,6,6,0,1.0,0.0,0.9931084205184716,0.9990761410994724,0.5454545454545454,0.5416955021009845,0.011314125532982246,0.9965542049701518,0.003445784451680293,0.9965542049701518
1220,3,3,0,1.0,0.0,0.9627331353767815,0.998835581816545,0.375,0.3610249257662931,0.06324390856304878,0.98136656303365,0.018633427656868453,0.98136656303365
1221,4,3,1,0.75,0.25,0.4989877730981177,0.9979294628180839,0.4444444444444444,0.22177234359916342,0.9990726949456339,0.7494938799492499,0.25050610685113217,0.999399004544788
1222,4,2,2,0.5,0.5,-0.030462441711317817,-0.06484327503477089,0.4444444444444444,-0.013538862982807917,1.083168320984513,0.4847687821812064,0.5152312238925243,0.9681538167936203
1223,1,1,0,1.0,0.0,0.9986707312033474,0.9986707312033474,0.16666666666666666,0.16644512186722454,0.0,0.9993353637132777,0.0006646325099303426,0.9993353637132777
1224,1,1,0,1.0,0.0,0.9994629386082752,0.9994629386082752,0.16666666666666666,0.16657715643471252,0.0,0.9997314767739207,0.00026853816564550103,0.9997314767739207
1225,2,2,0,1.0,0.0,0.9908209187218698,0.9908209187218698,0.2857142857142857,0.2830916910633914,0.010151820940246636,0.9954104858625756,0.004589567140705773,0.9954104858625756
1226,2,2,0,1.0,0.0,0.8015131995144698,0.8015131995144698,0.2857142857142857,0.2290037712898485,0.2788926882585907,0.9007566050051018,0.09924340549063204,0.9007566050051018
1227,3,3,0,1.0,0.0,0.9572386333693318,0.9943722837294141,0.375,0.3589644875134994,0.06768765194475675,0.978619302115184,0.02138066874585223,0.978619302115184
1228,4,3,1,0.75,0.25,0.4937636003330827,0.986695010930706,0.4444444444444444,0.21945048903692563,0.9945464997025367,0.7468818037003786,0.2531182033672959,0.9963697175701036
1230,4,4,0,1.0,0.0,0.8252087614858138,0.9738012942312746,0.4444444444444444,0.36675944954925055,0.31428236994046793,0.9126043679775091,0.08739560649169528,0.9126043679775091
1231,1,1,0,1.0,0.0,0.9983605681870752,0.9983605681870752,0.16666666666666666,0.16639342803117918,0.0,0.9991802865719648,0.0008197183848896066,0.9991802865719648
1232,4,1,3,0.25,0.75,-0.6179172384618007,-0.7488924338425919,0.4444444444444444,-0.2746298837608003,0.4791331736624022,0.19104137277039057,0.8089586112321913,0.8132856453730019
1233,3,3,0,1.0,0.0,0.9973332624279484,0.9975185792743068,0.375,0.37399997341048064,0.0021498120251516387,0.9986666314297056,0.0013333690017572712,0.9986666314297056
1234,3,3,0,1.0,0.0,0.9980875904325962,0.9981177913692761,0.375,0.3742828464122236,0.0011471782645725262,0.9990437973703239,0.0009562069377276968,0.9990437973703239
1235,2,2,0,1.0,0.0,0.9719362539954247,0.9719362539954247,0.2857142857142857,0.27769607257012136,0.03821508426839539,0.9859681267763992,0.014031872780974524,0.9859681267763992
1236,1,1,0,1.0,0.0,0.9984762067888296,0.9984762067888296,0.16666666666666666,0.1664127011314716,0.0,0.9992381376378676,0.0007619308490379184,0.9992381376378676
1237,3,3,0,1.0,0.0,0.9904814925114741,0.9968449285660667,0.375,0.3714305596918028,0.013571488187461582,0.9952407537436826,0.004759261232208552,0.9952407537436826
1238,3,2,1,0.6666666666666666,0.3333333333333333,0.424613438800312,0.997002788827199,0.375,0.159230039550117,0.992485748328427,0.7123067303727746,0.2876932915724626,0.9527767849537208
1240,9,8,1,0.8888888888888888,0.1111111111111111,0.781550819324362,0.9969713826477528,0.6428571428571429,0.5024255267085185,0.6454014421149021,0.8907754212170418,0.1092246018926797,0.9951636308617648
1241,3,1,2,0.3333333333333333,0.6666666666666666,-0.15252265955589997,-0.4574432092554429,0.375,-0.05719599733346249,1.0331945122181667,0.42373869443814133,0.5762613539940413,0.9092000984851225
1242,4,3,1,0.75,0.25,0.5451687052903836,0.9885799442285327,0.4444444444444444,0.2422972023512816,0.8927405573632753,0.7725843556767178,0.22741565038633416,0.9710634785065946
1243,1,1,0,1.0,0.0,0.7844566900453799,0.7844566900453799,0.16666666666666666,0.13074278167422998,0.0,0.8922283655870957,0.10777167554171581,0.8922283655870957
1244,3,2,1,0.6666666666666666,0.3333333333333333,0.3304979770563483,0.9537068107228446,0.375,0.12393674139613062,1.1193179719640336,0.6652490044378264,0.33475102738147805,0.9858185697170904
1245,2,2,0,1.0,0.0,0.9725914977124349,0.9725914977124349,0.2857142857142857,0.27788328506069565,0.0377840026659492,0.9862957554403362,0.01370425772790136,0.9862957554403362
1246,5,4,1,0.8,0.2,0.465564071626304,0.8981071928273077,0.5,0.232782035813152,0.7468448263553992,0.7327820329328316,0.2672179613065277,0.8735165509182086
1247,2,2,0,1.0,0.0,0.5959522817682018,0.5959522817682018,0.2857142857142857,0.1702720805052005,0.5672494475528015,0.797976123286031,0.20202384151782915,0.797976123286031
1248,3,1,2,0.3333333333333333,0.6666666666666666,-0.24276189437482978,-0.8050907802581786,0.375,-0.09103571039056117,1.0605990508468945,0.3786190623276254,0.6213809567024552,0.948243020132901
1249,2,2,0,1.0,0.0,0.9811541540765341,0.9811541540765341,0.2857142857142857,0.28032975830758117,0.026121195242425753,0.9905770950678439,0.009422940991309863,0.9905770950678439
1250,1,1,0,1.0,0.0,0.9982224822704202,0.9982224822704202,0.16666666666666666,0.1663704137117367,0.0,0.9991112740717251,0.0008887918013048348,0.9991112740717251
1251,3,1,2,0.3333333333333333,0.6666666666666666,-0.2885399511222774,-0.8780576747295876,0.375,-0.10820248167085403,1.1110665323507465,0.35573001581358704,0.6442699669358646,0.9752840800703084
1252,3,3,0,1.0,0.0,0.9988211584188934,0.9990977261164418,0.375,0.374557934407085,0.0009197259990113045,0.999410562461069,0.0005894040421756938,0.999410562461069
1253,4,4,0,1.0,0.0,0.9957390366939478,0.9989454543347122,0.4444444444444444,0.4425506829750879,0.006713319890392096,0.9978695106918909,0.002130473997943046,0.9978695106918909
1254,4,3,1,0.75,0.25,0.48515250951008415,0.7607609800409059,0.4444444444444444,0.21562333756003738,0.745363135331775,0.742576262851519,0.25742375334143486,0.8877474352285111
1255,2,1,1,0.5,0.5,-0.04848293591888664,-0.04848293591888664,0.2857142857142857,-0.013852267405396182,1.33784268347167,0.47575851577490996,0.5242414516937965,0.972998800556166
1256,4,2,2,0.5,0.5,0.17835696371438817,0.3410947522408332,0.4444444444444444,0.07926976165083918,0.9815412207461112,0.5891784772948886,0.41082151358050045,0.9090041762742744
1257,1,0,1,0.0,1.0,-0.13544962868761667,-0.13544962868761667,0.16666666666666666,-0.022574938114602778,0.0,0.4322752084305037,0.5677248371181204,0.5677248371181204
1258,6,6,0,1.0,0.0,0.9280819041253753,0.9973937043056046,0.5454545454545454,0.5062264931592956,0.16769364690239696,0.9640409491062477,0.035959044980872455,0.9640409491062477
1259,5,5,0,1.0,0.0,0.9939389682693237,0.9990239732672648,0.5,0.49696948413466185,0.010725616928194794,0.9969694751391422,0.0030305068698185987,0.9969694751391422
1260,5,3,2,0.6,0.4,0.20208050551854811,0.9975962605165399,0.5,0.10104025275927406,1.0909753740184263,0.6010402593807674,0.39895975386221927,0.9982462081106952
1261,6,5,1,0.8333333333333334,0.16666666666666666,0.5192103324870618,0.8010859495811087,0.5454545454545454,0.2832056359020337,0.7619793014310522,0.7596051738252395,0.24039484133817768,0.9245784999278913
1262,3,3,0,1.0,0.0,0.9925759217247944,0.9941167360630587,0.375,0.3722159706467979,0.007880337920277106,0.9962879514749905,0.003712029750196048,0.9962879514749905
1263,4,4,0,1.0,0.0,0.9964393093551913,0.9987088801852908,0.4444444444444444,0.4428619152689739,0.00499242599857605,0.9982196384140617,0.0017803290588703194,0.9982196384140617
1264,4,4,0,1.0,0.0,0.8825242216230708,0.9717646984138535,0.4444444444444444,0.3922329873880314,0.19821531433948703,0.9412621169901303,0.05873789536705955,0.9412621169901303
1265,7,6,1,0.8571428571428571,0.14285714285714285,0.6658498005228071,0.9859695558140917,0.5833333333333334,0.38841238363830416,0.6518416699307535,0.8329249074928587,0.16707510697005162,0.9397915044883473
1266,7,5,2,0.7142857142857143,0.2857142857142857,0.5605003230643374,0.9981900974237033,0.5833333333333334,0.32695852178753015,0.7889513880383251,0.780250171730089,0.21974984866575162,0.932787621472171
1267,1,1,0,1.0,0.0,0.9992373900435796,0.9992373900435796,0.16666666666666666,0.16653956500726325,0.0,0.9996186728789428,0.00038128283536322763,0.9996186728789428
1268,1,1,0,1.0,0.0,0.9766304679214954,0.9766304679214954,0.16666666666666666,0.16277174465358257,0.0,0.9883152445157369,0.01168477659424146,0.9883152445157369
1269,3,3,0,1.0,0.0,0.9970966270800231,0.9960749394990303,0.375,0.3739112351550087,0.0018673350222347701,0.9985483267532486,0.0014516996732255331,0.9985483267532486
1270,7,7,0,1.0,0.0,0.9943067699793561,0.9992520939081142,0.5833333333333334,0.5800122824879578,0.012490124105560114,0.9971533915786599,0.0028466215993036698,0.9971533915786599
1271,2,2,0,1.0,0.0,0.9961136960696516,0.9961136960696516,0.2857142857142857,0.28460391316275757,0.0037014520581184064,0.9980568483499948,0.0019431522803431747,0.9980568483499948
1272,3,3,0,1.0,0.0,0.9879010345801073,0.9985012240298168,0.375,0.37046288796754023,0.018794814790483484,0.9939504999638568,0.0060494653837494,0.9939504999638568
1273,2,2,0,1.0,0.0,0.9839967541189621,0.9839967541189621,0.2857142857142857,0.2811419297482749,0.020586532387240328,0.9919983709447036,0.008001616825741508,0.9919983709447036
1274,3,3,0,1.0,0.0,0.897225806748617,0.990582693860216,0.375,0.33645967753073136,0.1648480026097674,0.9486128977108045,0.05138709096218747,0.9486128977108045
1275,1,1,0,1.0,0.0,0.9988809676478374,0.9988809676478374,0.16666666666666666,0.16648016127463955,0.0,0.9994404427957215,0.000559475147884164,0.9994404427957215
1276,2,2,0,1.0,0.0,0.970873231528281,0.970873231528281,0.2857142857142857,0.2773923518652231,0.035155794995319053,0.9854366121842522,0.014563380655971155,0.9854366121842522
1278,4,4,0,1.0,0.0,0.9962679811911217,0.9960314880185459,0.4444444444444444,0.4427857694182763,0.001478039803103173,0.9981339953478765,0.0018660141567548652,0.9981339953478765
1279,1,1,0,1.0,0.0,0.8235056326422893,0.8235056326422893,0.16666666666666666,0.13725093877371486,0.0,0.9117528136347381,0.08824718099244884,0.9117528136347381
1280,2,2,0,1.0,0.0,0.5356319890565049,0.5356319890565049,0.2857142857142857,0.1530377111590014,0.5988332868699032,0.7678159781407734,0.2321839890842686,0.7678159781407734
1281,2,2,0,1.0,0.0,0.9571414839590418,0.9571414839590418,0.2857142857142857,0.27346899541686903,0.05906057536252229,0.9785707415396527,0.02142925758061099,0.9785707415396527
1282,2,2,0,1.0,0.0,0.9976470638749317,0.9976470638749317,0.2857142857142857,0.2850420182499805,0.0008799199349895951,0.9988235369222721,0.0011764730473403126,0.9988235369222721
1283,5,4,1,0.8,0.2,0.46934984361703247,0.9829084102383339,0.5,0.23467492180851623,0.8614996124108893,0.7346749222608796,0.2653250786438472,0.9330696278719255
1284,4,4,0,1.0,0.0,0.8491068193142719,0.999228848059398,0.4444444444444444,0.3773808085841208,0.30055947087053264,0.9245534093763369,0.07544659006206499,0.9245534093763369
1285,3,1,2,0.3333333333333333,0.6666666666666666,-0.35989087570636613,-0.7912495102993278,0.375,-0.1349590783898873,0.9244268373388341,0.3200545570344847,0.6799454327408508,0.9137362412445836
1286,1,1,0,1.0,0.0,0.9614227112782839,0.9614227112782839,0.16666666666666666,0.16023711854638065,0.0,0.9807113478722354,0.019288636593951435,0.9807113478722354
1287,4,4,0,1.0,0.0,0.997576904335586,0.9978112518382484,0.4444444444444444,0.4433675130380382,0.001820432144262331,0.9987884472289953,0.0012115428934093824,0.9987884472289953
1288,3,2,1,0.6666666666666666,0.3333333333333333,0.2669315436188959,0.8097596438425892,0.375,0.10009932885708595,1.0995015044656,0.6334657570791253,0.36653421346022946,0.9662715949751165
1289,3,1,2,0.3333333333333333,0.6666666666666666,-0.1700046637798909,-0.47227292447476776,0.375,-0.06375174891745909,1.001855712502384,0.41499766849316927,0.5850023322730602,0.9010629455451576
1290,4,3,1,0.75,0.25,0.6586262345045053,0.9927806040068758,0.4444444444444444,0.2927227708908912,0.6722374931115354,0.8293131314108335,0.17068689690632824,0.9167372121058662
1291,5,5,0,1.0,0.0,0.9978388806094038,0.9980166819803217,0.5,0.4989194403047019,0.0017292922120813634,0.9989194593772412,0.0010805787678373926,0.9989194593772412
1292,2,2,0,1.0,0.0,0.8878394614802037,0.8878394614802037,0.2857142857142857,0.25366841756577246,0.09602843858358241,0.9439197269700714,0.056080265489867775,0.9439197269700714
1293,1,1,0,1.0,0.0,0.9934273162872895,0.9934273162872895,0.16666666666666666,0.1655712193812149,0.0,0.9967136548913044,0.0032863386040148527,0.9967136548913044
1295,1,0,1,0.0,1.0,-0.36206192512150875,-0.36206192512150875,0.16666666666666666,-0.06034365418691812,0.0,0.3189690503441755,0.6810309754656843,0.6810309754656843
1296,2,2,0,1.0,0.0,0.9913819575788863,0.9913819575788863,0.2857142857142857,0.28325198787968175,0.00018893454580963453,0.9956909772924751,0.004309019713588917,0.9956909772924751
1297,2,2,0,1.0,0.0,0.9879021413940419,0.9879021413940419,0.2857142857142857,0.28225775468401193,0.0038141803927808685,0.9939510428387186,0.006048901444676661,0.9939510428387186
1298,2,2,0,1.0,0.0,0.8280350885036082,0.8280350885036082,0.2857142857142857,0.23658145385817375,0.2402394230439435,0.9140175279959919,0.0859824394923837,0.9140175279959919
1299,3,3,0,1.0,0.0,0.9742057826287923,0.9918190488532254,0.375,0.3653271684857971,0.03322753783590189,0.98710288280693,0.012897100178137888,0.98710288280693
1300,2,2,0,1.0,0.0,0.9209796833304811,0.9209796833304811,0.2857142857142857,0.26313705238013746,0.06333563386336098,0.960489858606924,0.03951017527644305,0.960489858606924
1301,4,3,1,0.75,0.25,0.5685682813155488,0.9014840815334213,0.4444444444444444,0.2526970139180217,0.7267167200224279,0.7842841316120985,0.21571585029654972,0.9134268208521564
1302,6,5,1,0.8333333333333334,0.16666666666666666,0.6725875953422044,0.9957440780298144,0.5454545454545454,0.3668659610957478,0.7857900129002184,0.8362938018551689,0.16370620651296452,0.9915127242710433
1303,3,3,0,1.0,0.0,0.9985472388888992,0.9988968458699121,0.375,0.3744552145833372,0.0006644594319440311,0.9992736432941438,0.00072640440524454,0.9992736432941438
1304,6,6,0,1.0,0.0,0.9779891577265389,0.9955345129384388,0.5454545454545454,0.533448631487203,0.04631513143530606,0.9889945802435295,0.011005422516990437,0.9889945802435295
1305,4,2,2,0.5,0.5,0.10889670541474067,0.19478320506238722,0.4444444444444444,0.048398535739884736,0.9282609076366947,0.5544483461392911,0.44555164072455045,0.8965559717139934
1306,1,0,1,0.0,1.0,-0.994046179835076,-0.994046179835076,0.16666666666666666,-0.165674363305846,0.0,0.0029768911681074726,0.9970230710031835,0.9970230710031835
1307,5,3,2,0.6,0.4,0.2778691006584421,0.9928014144043013,0.5,0.13893455032922106,0.9868826757224745,0.6389345407187886,0.36106544006034647,0.9593035344393618
1320,8,6,2,0.75,0.25,0.39137671642041044,0.9709685379310404,0.6153846153846154,0.24084721010486798,0.8976215714798728,0.6956883727605458,0.3043116563401354,0.9428464907137275
1321,4,4,0,1.0,0.0,0.9809185108068731,0.9963733611790382,0.4444444444444444,0.43596378258083246,0.03271586264241285,0.9904592611314206,0.009540750324547514,0.9904592611314206
1327,2,2,0,1.0,0.0,0.986475791674488,0.986475791674488,0.2857142857142857,0.28185022619271083,0.018652435705584437,0.9932378951734803,0.0067621034989923156,0.9932378951734803
1330,3,2,1,0.6666666666666666,0.3333333333333333,0.3552721801062642,0.9924866675020575,0.375,0.1332270675398491,1.109662651127895,0.6776360929595603,0.3223639128532962,0.9863193264561438
1333,3,2,1,0.6666666666666666,0.3333333333333333,0.20768029053550427,0.6191962112218906,0.375,0.0778801089508141,1.0587849022028817,0.6038401434838523,0.39615985294834805,0.9355339462223258
1334,2,2,0,1.0,0.0,0.9354600702420215,0.9354600702420215,0.2857142857142857,0.2672743057834347,0.07636160631297959,0.9677300244676597,0.03226995422563815,0.9677300244676597
1339,5,4,1,0.8,0.2,0.5855374078249463,0.9887141885095938,0.5,0.29276870391247317,0.8842145223500624,0.7927687064680186,0.20723129864307213,0.991872874231003
1340,2,2,0,1.0,0.0,0.957869666490659,0.957869666490659,0.2857142857142857,0.2736770475687597,0.058281069962476735,0.9789348395991309,0.021065173108471866,0.9789348395991309
1343,3,3,0,1.0,0.0,0.9846765681283237,0.9898160424127996,0.375,0.3692537130481214,0.013483419069797423,0.9923382782758807,0.007661710147557034,0.9923382782758807
1344,2,2,0,1.0,0.0,0.9958808251165951,0.9958808251165951,0.2857142857142857,0.28453737860474143,0.0029702694680220775,0.9979404122562383,0.002059587139643191,0.9979404122562383
1345,4,4,0,1.0,0.0,0.9988327067925629,0.9991515553344197,0.4444444444444444,0.4439256474633613,0.0010316184815973726,0.999416346566412,0.0005836397738491156,0.999416346566412
1346,1,1,0,1.0,0.0,0.9987733098459832,0.9987733098459832,0.16666666666666666,0.16646221830766386,0.0,0.9993866343557098,0.0006133245097266303,0.9993866343557098
1347,3,3,0,1.0,0.0,0.9755671909568734,0.9963683527343128,0.375,0.36583769660882753,0.03830517789666208,0.9877835769889786,0.012216386032105092,0.9877835769889786
1348,2,2,0,1.0,0.0,0.983162144315429,0.983162144315429,0.2857142857142857,0.2809034698044083,0.022663376874828597,0.9915810881434259,0.008418943827996987,0.9915810881434259
1350,3,2,1,0.6666666666666666,0.3333333333333333,0.3285867993008452,0.9832949558091084,0.375,0.12322004973781696,1.140792636724174,0.664293390494702,0.3357065911938568,0.9938531492385211
1353,1,0,1,0.0,1.0,-0.5870616326756233,-0.5870616326756233,0.16666666666666666,-0.0978436054459372,0.0,0.20646918366218833,0.7935308163378116,0.7935308163378116
1354,3,2,1,0.6666666666666666,0.3333333333333333,0.29393798898526774,0.8674575153729657,0.375,0.1102267458694754,1.1098343565149968,0.6469690018427442,0.35303101285747646,0.9754066651957171
1355,1,0,1,0.0,1.0,-0.8753586866087832,-0.8753586866087832,0.16666666666666666,-0.1458931144347972,0.0,0.062320668818586965,0.9376793554273702,0.9376793554273702
1356,6,4,2,0.6666666666666666,0.3333333333333333,0.32951652663346725,0.9782614310657314,0.5454545454545454,0.1797362872546185,1.021773178344749,0.6647582775451165,0.3352417509116492,0.9945629374031646
1357,1,1,0,1.0,0.0,0.9980523238256896,0.9980523238256896,0.16666666666666666,0.16634205397094826,0.0,0.9990261898068294,0.000973865981139834,0.9990261898068294
1358,2,2,0,1.0,0.0,0.9845064783495303,0.9845064783495303,0.2857142857142857,0.2812875652427229,0.020848766161999672,0.9922532564104763,0.007746778060945957,0.9922532564104763
1359,2,2,0,1.0,0.0,0.7387585517639915,0.7387585517639915,0.2857142857142857,0.211073871932569,0.3690142759417298,0.86937927669949,0.1306207249354985,0.86937927669949
1363,1,0,1,0.0,1.0,-0.9871884754725865,-0.9871884754725865,0.16666666666666666,-0.1645314125787644,0.0,0.006405765979320972,0.9935942414519074,0.9935942414519074
1367,4,2,2,0.5,0.5,-0.21452652429920324,-0.4367454178963026,0.4444444444444444,-0.09534512191075699,0.9487716080251954,0.39273673662531106,0.6072632609245143,0.8772923445050635
1370,5,3,2,0.6,0.4,0.24334699062594414,0.9721722810164741,0.5,0.12167349531297207,1.024271512552832,0.6216734989311103,0.37832650830516623,0.9722737831947443
1371,3,1,2,0.3333333333333333,0.6666666666666666,-0.36085505225589576,-0.5607516600353883,0.375,-0.1353206445959609,0.7579184523534551,0.31957247860098115,0.6804275308568769,0.8394196301793585
1372,2,2,0,1.0,0.0,0.9972912280948562,0.9972912280948562,0.2857142857142857,0.2849403508842446,0.0029877184796039975,0.9986456130922531,0.0013543849973969325,0.9986456130922531
1373,5,2,3,0.4,0.6,-0.03043286792345028,-0.14194099557487622,0.5,-0.01521643396172514,0.9889496907650134,0.4847835718798915,0.5152164398033418,0.9089633341434442
1374,3,3,0,1.0,0.0,0.9977808806248665,0.998234905670042,0.375,0.3741678302343249,0.0013472498232219702,0.9988904493406325,0.0011095687157661007,0.9988904493406325
1375,5,5,0,1.0,0.0,0.9479944544649019,0.9972977970219865,0.5,0.47399722723245097,0.1107702530414826,0.9739972203841791,0.02600276591927722,0.9739972203841791
1376,2,1,1,0.5,0.5,-0.0012327204190219487,-0.0012327204190219487,0.2857142857142857,-0.000352205834006271,1.4110850252621754,0.4993836410403366,0.5006163614593586,0.9988938963466851
1377,4,3,1,0.75,0.25,0.49618766518960256,0.9396294571198773,0.4444444444444444,0.2205278511953789,0.9283314902380028,0.7480938250106705,0.2519061598210679,0.9715974845616306
1378,3,3,0,1.0,0.0,0.9259884001102057,0.9457220943820592,0.375,0.3472456500413271,0.08533894903552607,0.9629942027218618,0.03700580261165613,0.9629942027218618
1379,3,3,0,1.0,0.0,0.9840411456533094,0.9834194014930304,0.375,0.369015429619991,0.0021601515982206843,0.992020569489083,0.00797942383577352,0.992020569489083
1380,5,5,0,1.0,0.0,0.9874339310922494,0.9974464267282418,0.5,0.4937169655461247,0.023169517211244224,0.9937169684332796,0.006283037341030272,0.9937169684332796
1381,1,0,1,0.0,1.0,-0.9996059101971764,-0.9996059101971764,0.16666666666666666,-0.16660098503286272,0.0,0.00019706775330834917,0.9998029779504847,0.9998029779504847
1382,2,1,1,0.5,0.5,0.28549242242662265,0.28549242242662265,0.2857142857142857,0.08156926355046361,0.9502930442454883,0.6427462105768266,0.3572537881502039,0.8359793272137115
1385,3,3,0,1.0,0.0,0.9975818747208018,0.9989107280636011,0.375,0.3740932030203007,0.0027811752169211207,0.998790960841382,0.0012090861205801874,0.998790960841382
1387,9,8,1,0.8888888888888888,0.1111111111111111,0.7046677413392706,0.9983580661601708,0.6428571428571429,0.4530006908609597,0.6260590250304702,0.8523338699912917,0.14766612865202108,0.9418687033663427
1388,5,3,2,0.6,0.4,0.22852045416639744,0.9966198770623458,0.5,0.11426022708319872,1.0554202031681783,0.6142602414253683,0.38573978725897085,0.9848715460853723
1389,3,0,3,0.0,1.0,-0.9785602263901564,-0.9846015860957483,0.375,-0.36696008489630866,0.023769015811288177,0.010719869988304896,0.9892800963784613,0.9892800963784613
1391,4,3,1,0.75,0.25,0.5251848910757531,0.899245173002759,0.4444444444444444,0.23341550714477913,0.8155407982338703,0.762592442575224,0.2374075514994709,0.9358106555553558
1393,2,1,1,0.5,0.5,0.01651760433381666,0.01651760433381666,0.2857142857142857,0.004719315523947617,1.3890651477058773,0.5082588264862966,0.49174122215247995,0.9911087170457478
1394,2,1,1,0.5,0.5,0.2568672247616258,0.2568672247616258,0.2857142857142857,0.0733906356461788,1.0477852106501369,0.6284336192657312,0.3715663945041054,0.8704480207237617
1396,1,1,0,1.0,0.0,0.9982346515960759,0.9982346515960759,0.16666666666666666,0.1663724419326793,0.0,0.9991173133718101,0.0008826617757341853,0.9991173133718101
1398,1,1,0,1.0,0.0,0.9953905305731188,0.9953905305731188,0.16666666666666666,0.16589842176218644,0.0,0.9976952929015553,0.0023047623284366153,0.9976952929015553
1407,2,2,0,1.0,0.0,0.9974156324399279,0.9974156324399279,0.2857142857142857,0.28497589498283654,0.002052065315754959,0.9987078018128075,0.0012921693728795978,0.9987078018128075
1408,2,2,0,1.0,0.0,0.9420578574199934,0.9420578574199934,0.2857142857142857,0.2691593878342838,0.0751046207030793,0.971028935728703,0.02897107830870962,0.971028935728703
1409,2,1,1,0.5,0.5,0.0074093589820178885,0.0074093589820178885,0.2857142857142857,0.002116959709147968,1.4023721917423797,0.5037047010537892,0.49629534207177134,0.9958134648270193
1411,1,1,0,1.0,0.0,0.999063277709307,0.999063277709307,0.16666666666666666,0.1665105462848845,0.0,0.9995316609297649,0.00046838322045779466,0.9995316609297649
1416,1,0,1,0.0,1.0,-0.9994001649183668,-0.9994001649183668,0.16666666666666666,-0.16656669415306113,0.0,0.00029991324240471415,0.9997000781607716,0.9997000781607716
1419,2,2,0,1.0,0.0,0.9066288069840938,0.9066288069840938,0.2857142857142857,0.25903680199545537,0.12805012889133827,0.9533144242258694,0.04668561724177574,0.9533144242258694
1425,1,0,1,0.0,1.0,-0.9795040683981813,-0.9795040683981813,0.16666666666666666,-0.16325067806636354,0.0,0.010247978163354191,0.9897520465615355,0.9897520465615355
1427,1,0,1,0.0,1.0,-0.36400184631347654,-0.36400184631347654,0.16666666666666666,-0.06066697438557942,0.0,0.3179991040910993,0.6820009504045759,0.6820009504045759
1429,1,1,0,1.0,0.0,0.9994187974371016,0.9994187974371016,0.16666666666666666,0.16656979957285026,0.0,0.9997094018118722,0.00029060437477060726,0.9997094018118722
1431,1,1,0,1.0,0.0,0.9953402909967634,0.9953402909967634,0.16666666666666666,0.16589004849946054,0.0,0.9976701383237485,0.002329847326985112,0.9976701383237485
1438,1,0,1,0.0,1.0,-0.9455573756391831,-0.9455573756391831,0.16666666666666666,-0.15759289593986384,0.0,0.027221281884124926,0.972778657523308,0.972778657523308
1457,1,1,0,1.0,0.0,0.9984693815012347,0.9984693815012347,0.16666666666666666,0.1664115635835391,0.0,0.9992347029657322,0.000765321464497644,0.9992347029657322
1460,1,1,0,1.0,0.0,0.9177172214170045,0.9177172214170045,0.16666666666666666,0.1529528702361674,0.0,0.9588586348521558,0.041141413435151306,0.9588586348521558
1461,2,2,0,1.0,0.0,0.9894594022363581,0.9894594022363581,0.2857142857142857,0.28270268635324514,0.007452844103220639,0.9947296908112611,0.005270288574902829,0.9947296908112611
1464,2,2,0,1.0,0.0,0.632300571835905,0.632300571835905,0.2857142857142857,0.18065730623883,0.5183169683860334,0.8161502719259396,0.18384970009003448,0.8161502719259396
1468,1,1,0,1.0,0.0,0.9252386960116299,0.9252386960116299,0.16666666666666666,0.15420644933527164,0.0,0.962619348005815,0.03738065199418501,0.962619348005815
1474,2,0,2,0.0,1.0,-0.9920318524310121,-0.9920318524310121,0.2857142857142857,-0.2834376721231463,0.0031632925295406646,0.0039840687214492635,0.9960159211524614,0.9960159211524614
1479,5,3,2,0.6,0.4,0.07564837515861486,0.35275666936864997,0.5,0.03782418757930743,1.0036507462818611,0.5378242067601555,0.46217583160154063,0.9319113554524294
1483,2,1,1,0.5,0.5,0.027010030661701045,0.027010030661701045,0.2857142857142857,0.00771715161762887,1.3744488985355632,0.5135050237725634,0.48649499311086236,0.9859410767161518
1485,2,2,0,1.0,0.0,0.9974385360255837,0.9974385360255837,0.2857142857142857,0.28498243886445246,0.0022067049379981504,0.9987192613737923,0.0012807253482086318,0.9987192613737923
1487,2,2,0,1.0,0.0,0.9763745064628835,0.9763745064628835,0.2857142857142857,0.27896414470368097,0.03294357948041914,0.9881872458191159,0.011812739356232322,0.9881872458191159
1488,1,0,1,0.0,1.0,-0.999337680564311,-0.999337680564311,0.16666666666666666,-0.16655628009405182,0.0,0.00033114348097067133,0.9996688240452817,0.9996688240452817
1497,1,0,1,0.0,1.0,-0.26028950074139756,-0.26028950074139756,0.16666666666666666,-0.04338158345689959,0.0,0.3698552917031681,0.6301447924445657,0.6301447924445657
1499,3,2,1,0.6666666666666666,0.3333333333333333,0.32888338990785454,0.9852234058909946,0.375,0.12333127121544546,1.1419704473153982,0.6644416838230521,0.33555829391519754,0.9943570260546437
1500,1,1,0,1.0,0.0,0.9997305823297336,0.9997305823297336,0.16666666666666666,0.16662176372162224,0.0,0.9998653017241379,0.00013471939440431267,0.9998653017241379
1513,1,1,0,1.0,0.0,0.9239403819309846,0.9239403819309846,0.16666666666666666,0.1539900636551641,0.0,0.9619702055254056,0.03802982359442092,0.9619702055254056
1515,1,0,1,0.0,1.0,-0.799220045256524,-0.799220045256524,0.16666666666666666,-0.13320334087608732,0.0,0.10039000275470458,0.8996100480112286,0.8996100480112286
1517,2,1,1,0.5,0.5,0.18603321259822392,0.18603321259822392,0.2857142857142857,0.0531523464566354,1.1446749018584494,0.593016604486795,0.4069833918885712,0.9047036908667608
1518,3,2,1,0.6666666666666666,0.3333333333333333,0.17297902193200973,0.5176034792505129,0.375,0.06486713322450365,1.0424932369243693,0.5864895008093404,0.41351047887733067,0.9192199585205109
1527,6,5,1,0.8333333333333334,0.16666666666666666,0.7502492155322309,0.9960883864817041,0.5454545454545454,0.40922684483576227,0.5404053903466782,0.8751246040234572,0.12487538849122633,0.932923060800731
1541,1,1,0,1.0,0.0,0.9950669255852699,0.9950669255852699,0.16666666666666666,0.16584448759754497,0.0,0.9975334167480469,0.002466491162776947,0.9975334167480469
1542,2,2,0,1.0,0.0,0.9903182557250447,0.9903182557250447,0.2857142857142857,0.2829480730642985,0.009926047114339679,0.9951591590060577,0.004840903281012855,0.9951591590060577
1544,8,2,6,0.25,0.75,-0.3866214996775462,-0.9757185450957296,0.6153846153846154,-0.23792092287848998,0.8910801005425961,0.306689247331751,0.6933107470092973,0.9340968059723551
1552,5,5,0,1.0,0.0,0.995794649816454,0.9990048602016436,0.5,0.497897324908227,0.007388824818551229,0.9978973173184336,0.0021026675019796006,0.9978973173184336
1554,1,0,1,0.0,1.0,-0.7103158143037174,-0.7103158143037174,0.16666666666666666,-0.11838596905061956,0.0,0.1448420759315237,0.8551578902352411,0.8551578902352411
1556,1,1,0,1.0,0.0,0.7799824873606365,0.7799824873606365,0.16666666666666666,0.12999708122677273,0.0,0.8899912304348416,0.11000874307420519,0.8899912304348416
1562,4,2,2,0.5,0.5,-0.03332473063974242,-0.05960945731967665,0.4444444444444444,-0.014810991395441076,1.0212085663518788,0.48333763130874274,0.5166623619484851,0.9381712021175218
1566,2,2,0,1.0,0.0,0.9789895270143688,0.9789895270143688,0.2857142857142857,0.2797112934326768,0.027205238450964515,0.9894947630947692,0.010505236080400413,0.9894947630947692
1569,3,2,1,0.6666666666666666,0.3333333333333333,0.3335683627534681,0.9940226086974144,0.375,0.12508813603255053,1.148882153172631,0.6667842032330769,0.3332158404796087,0.9977983342271708
1572,1,0,1,0.0,1.0,-0.9717570931135776,-0.9717570931135776,0.16666666666666666,-0.1619595155189296,0.0,0.014121491514042229,0.9858785846276198,0.9858785846276198
1573,5,4,1,0.8,0.2,0.5992943905200945,0.9953063751610233,0.5,0.29964719526004724,0.8799531195936738,0.7996471976796267,0.20035280715953213,0.9945997400640921
1580,6,5,1,0.8333333333333334,0.16666666666666666,0.7553491899005488,0.9991754317108237,0.5454545454545454,0.41200864903666296,0.593449493975315,0.877674592150315,0.12232540224976628,0.9536750579404104
1584,4,3,1,0.75,0.25,0.33492588753868185,0.6707257598142238,0.4444444444444444,0.14885595001719193,0.9359656665744167,0.6674629470665763,0.3325370595278945,0.9160574100711739
1586,1,0,1,0.0,1.0,-0.984841941087649,-0.984841941087649,0.16666666666666666,-0.16414032351460817,0.0,0.007579009061918239,0.9924209501495672,0.9924209501495672
1587,2,2,0,1.0,0.0,0.7024411461136024,0.7024411461136024,0.2857142857142857,0.20069747031817212,0.42026195268981975,0.8512205985748714,0.14877945246126903,0.8512205985748714
1588,1,1,0,1.0,0.0,0.9990386947158324,0.9990386947158324,0.16666666666666666,0.1665064491193054,0.0,0.9995193785405254,0.0004806838246930643,0.9995193785405254
1589,6,5,1,0.8333333333333334,0.16666666666666666,0.6389934304419527,0.9834057635763316,0.5454545454545454,0.348541871150156,0.8032552874010551,0.819496708300414,0.1805032778584613,0.9857195436162199
1590,7,7,0,1.0,0.0,0.8487905357437527,0.9950317409570499,0.5833333333333334,0.4951278125171891,0.33413240193611077,0.9243952739914761,0.07560473824772333,0.9243952739914761
1591,1,0,1,0.0,1.0,-0.9948827658227818,-0.9948827658227818,0.16666666666666666,-0.16581379430379695,0.0,0.002558600224420696,0.9974413660472025,0.9974413660472025
1595,1,0,1,0.0,1.0,-0.45509028153358094,-0.45509028153358094,0.16666666666666666,-0.07584838025559681,0.0,0.27245484946964466,0.7275451310032256,0.7275451310032256
1597,3,2,1,0.6666666666666666,0.3333333333333333,0.36843821027418033,0.9988826187199926,0.375,0.13816432885281762,1.092504208601995,0.6842190930169824,0.31578088274280197,0.9819114049344803
1603,2,1,1,0.5,0.5,0.37394948060478617,0.37394948060478617,0.2857142857142857,0.10684270874422461,0.8826227365059043,0.6869747255426878,0.3130252449379017,0.8120542463466709
1604,1,1,0,1.0,0.0,0.982284102588892,0.982284102588892,0.16666666666666666,0.16371401709814865,0.0,0.9911420345306396,0.008857931941747665,0.9911420345306396
1605,1,1,0,1.0,0.0,0.9681392925373022,0.9681392925373022,0.16666666666666666,0.16135654875621702,0.0,0.9840696767908363,0.01593038425353414,0.9840696767908363
1606,2,1,1,0.5,0.5,-0.006556052768622589,-0.006556052768622589,0.2857142857142857,-0.001873157933892168,1.4017808376777574,0.49672197761541664,0.5032780303840393,0.9956043720293786
1608,6,6,0,1.0,0.0,0.9818816889979193,0.9911315400754853,0.5454545454545454,0.5355718303625013,0.024739237247281613,0.9909408511722781,0.009059162174358782,0.9909408511722781
1609,1,0,1,0.0,1.0,-0.9866086084894673,-0.9866086084894673,0.16666666666666666,-0.16443476808157786,0.0,0.006695682757368712,0.9933042912468361,0.9933042912468361
1610,3,3,0,1.0,0.0,0.9932111373534567,0.9962552698917034,0.375,0.37245417650754625,0.005842053393631342,0.9966055796079605,0.0033944422545037593,0.9966055796079605
1611,1,1,0,1.0,0.0,0.9996545607270287,0.9996545607270287,0.16666666666666666,0.16660909345450478,0.0,0.9998272982510653,0.00017273752403653358,0.9998272982510653
1614,2,2,0,1.0,0.0,0.9847059427476441,0.9847059427476441,0.2857142857142857,0.28134455507075545,0.00420310309172616,0.9923529688085102,0.0076470260608661475,0.9923529688085102
1615,2,1,1,0.5,0.5,0.3347461095346327,0.3347461095346327,0.2857142857142857,0.09564174558132361,0.9402367376214474,0.6673730512785782,0.33262694174394547,0.8324238830576829
1616,1,0,1,0.0,1.0,-0.9919326017105502,-0.9919326017105502,0.16666666666666666,-0.1653221002850917,0.0,0.004033692521986618,0.9959662942325368,0.9959662942325368
1617,2,2,0,1.0,0.0,0.9854481864643503,0.9854481864643503,0.2857142857142857,0.2815566247041001,0.0029098209936902117,0.9927241031795307,0.0072759167151804135,0.9927241031795307
1619,2,2,0,1.0,0.0,0.9916362475043772,0.9916362475043772,0.2857142857142857,0.28332464214410774,0.008534815092234287,0.9958180974647904,0.004181849960413279,0.9958180974647904
1620,5,4,1,0.8,0.2,0.6330512536410928,0.8974134596567306,0.5,0.3165256268205464,0.6492510567922507,0.8165256130632702,0.18347435942217746,0.9201136764395608
1623,2,2,0,1.0,0.0,0.9964980636712042,0.9964980636712042,0.2857142857142857,0.2847137324774869,0.0026019796673612153,0.9982490404435351,0.0017509767723309076,0.9982490404435351
1625,1,1,0,1.0,0.0,0.9996498838568536,0.9996498838568536,0.16666666666666666,0.16660831397614226,0.0,0.999824964083158,0.0001750802263044394,0.999824964083158
1627,1,1,0,1.0,0.0,0.9994472437710674,0.9994472437710674,0.16666666666666666,0.16657454062851124,0.0,0.9997236463758681,0.00027640260480068347,0.9997236463758681
1633,1,1,0,1.0,0.0,0.9341990757436259,0.9341990757436259,0.16666666666666666,0.155699845957271,0.0,0.9670995434684933,0.03290046772486727,0.9670995434684933
1635,1,1,0,1.0,0.0,0.9839257493506384,0.9839257493506384,0.16666666666666666,0.16398762489177304,0.0,0.9919629062179232,0.008037156867284845,0.9919629062179232
1639,2,0,2,0.0,1.0,-0.9933729670389447,-0.9933729670389447,0.2857142857142857,-0.2838208477254128,0.00875609932596466,0.0033135314146351003,0.9966864984535798,0.9966864984535798
1641,3,3,0,1.0,0.0,0.9909577278218057,0.9954987815240535,0.375,0.3716091479331771,0.01141014771616652,0.9954788606900505,0.00452113286824486,0.9954788606900505
1643,1,1,0,1.0,0.0,0.9977437298911721,0.9977437298911721,0.16666666666666666,0.16629062164852867,0.0,0.9988718744534165,0.0011281445622444153,0.9988718744534165
1644,4,3,1,0.75,0.25,0.4355908441188183,0.8189725547168782,0.4444444444444444,0.1935959307194748,0.9030867149468051,0.7177954093820507,0.28220456526323234,0.9415879300801926
1645,3,3,0,1.0,0.0,0.8524797366037692,0.9931435591663158,0.375,0.31967990122641343,0.24631044909693575,0.9262398670371949,0.07376013043342579,0.9262398670371949
1646,1,1,0,1.0,0.0,0.22585090514152284,0.22585090514152284,0.16666666666666666,0.03764181752358714,0.0,0.6129254987162929,0.38707459357477003,0.6129254987162929
1653,3,2,1,0.6666666666666666,0.3333333333333333,0.3461019327570359,0.9922688372562386,0.375,0.12978822478388846,1.1256386218075736,0.6730509487187447,0.32694901596170883,0.9909397828035118
1655,3,2,1,0.6666666666666666,0.3333333333333333,0.12461979471296498,0.3736584813971269,0.375,0.04673242301736187,1.0136253261708357,0.5623098750136687,0.4376900803007036,0.8924145948182899
1665,1,0,1,0.0,1.0,-0.5734684762610182,-0.5734684762610182,0.16666666666666666,-0.09557807937683635,0.0,0.21326576828197308,0.7867342445429912,0.7867342445429912
1672,2,2,0,1.0,0.0,0.9931032448146939,0.9931032448146939,0.2857142857142857,0.2837437842327697,0.009100738279804042,0.9965516259659937,0.0034483811512998003,0.9965516259659937
1673,2,1,1,0.5,0.5,0.035257456885540384,0.035257456885540384,0.2857142857142857,0.010073559110154395,1.3599247951836924,0.517628737837518,0.4823712809519776,0.9808060316838056
1674,4,3,1,0.75,0.25,0.5913988037693175,0.8514474679152478,0.4444444444444444,0.2628439127863633,0.6300329125702674,0.7956994158820222,0.20430061211270473,0.8793744941200792
1676,7,6,1,0.8571428571428571,0.14285714285714285,0.7095466741184168,0.9834909829600105,0.5833333333333334,0.4139022265690765,0.717763771045239,0.8547733467924307,0.14522667267401376,0.9858529484328915
1680,2,2,0,1.0,0.0,0.923353631461522,0.923353631461522,0.2857142857142857,0.26381532327472057,0.10773641470565469,0.961676814497745,0.03832318303622291,0.961676814497745
1681,2,0,2,0.0,1.0,-0.997848180912692,-0.997848180912692,0.2857142857142857,-0.28509948026076914,0.0014327210264199384,0.0010759091548536016,0.9989240900675456,0.9989240900675456
1682,10,9,1,0.9,0.1,0.7675534324896051,0.9965931237358943,0.6666666666666666,0.5117022883264033,0.6273060398150793,0.883776718839018,0.1162232863494129,0.9837091030935721
1687,3,3,0,1.0,0.0,0.9874164265973583,0.9865116571435834,0.375,0.37028115997400934,0.010949849468620638,0.993708220100488,0.006291793503129853,0.993708220100488
1688,1,1,0,1.0,0.0,0.9785839959126402,0.9785839959126402,0.16666666666666666,0.16309733265210669,0.0,0.9892919888613334,0.010707992948693216,0.9892919888613334
1689,1,1,0,1.0,0.0,0.9968645200133324,0.9968645200133324,0.16666666666666666,0.16614408666888872,0.0,0.9984322287819603,0.0015677087686278603,0.9984322287819603
1690,7,3,4,0.42857142857142855,0.5714285714285714,-0.2205204416854565,-0.9156915417739324,0.5833333333333334,-0.1286369243165163,0.9500259722624154,0.38973976985677,0.6102602115422265,0.9412368305393077
1693,1,1,0,1.0,0.0,0.9988821202533067,0.9988821202533067,0.16666666666666666,0.16648035337555112,0.0,0.9994410464638158,0.0005589262105091127,0.9994410464638158
1694,1,1,0,1.0,0.0,0.9917808874793674,0.9917808874793674,0.16666666666666666,0.16529681457989456,0.0,0.9958904402058115,0.004109552726444048,0.9958904402058115
1699,1,1,0,1.0,0.0,0.9994997261974372,0.9994997261974372,0.16666666666666666,0.16658328769957287,0.0,0.9997498361687911,0.00025010997135388224,0.9997498361687911
1701,1,0,1,0.0,1.0,-0.9981998980045318,-0.9981998980045318,0.16666666666666666,-0.16636664966742196,0.0,0.0009000847620122573,0.9990999827665441,0.9990999827665441
1702,1,0,1,0.0,1.0,-0.993286151615227,-0.993286151615227,0.16666666666666666,-0.16554769193587116,0.0,0.0033569147910229415,0.99664306640625,0.99664306640625
1704,6,6,0,1.0,0.0,0.9965114342933273,0.9969581869171318,0.5454545454545454,0.543551691432724,0.0026704744596782277,0.9982557067940324,0.0017442725007050062,0.9982557067940324
1707,1,0,1,0.0,1.0,-0.09639269454888838,-0.09639269454888838,0.16666666666666666,-0.016065449091481394,0.0,0.4518036695303896,0.548196364079278,0.548196364079278
1711,1,1,0,1.0,0.0,0.9996150089917999,0.9996150089917999,0.16666666666666666,0.16660250149863332,0.0,0.9998074868567904,0.00019247786499055705,0.9998074868567904
1713,1,1,0,1.0,0.0,0.5131324413959486,0.5131324413959486,0.16666666666666666,0.08552207356599142,0.0,0.7565662367937434,0.2434337953977947,0.7565662367937434
1717,3,1,2,0.3333333333333333,0.6666666666666666,-0.3009951750026453,-0.9017533554138495,0.375,-0.11287319062599198,1.1254368920749318,0.3495024163339078,0.650497591336553,0.98294577065178
1721,8,7,1,0.875,0.125,0.705010091852452,0.9984435282685623,0.6153846153846154,0.43385236421689355,0.6928762325016911,0.8525050511544251,0.14749495930197312,0.9772321150317166
1722,6,4,2,0.6666666666666666,0.3333333333333333,0.3382744380661122,0.971647310761339,0.5454545454545454,0.18451332985424299,1.0030743035170513,0.6691372135868753,0.3308627755207631,0.9879304945416197
1726,2,1,1,0.5,0.5,0.23264876495699494,0.23264876495699494,0.2857142857142857,0.06647107570199855,1.071288440590929,0.6163243875520239,0.3836756225950289,0.8787576655478302
1729,5,5,0,1.0,0.0,0.9964656460450039,0.9975471140094921,0.5,0.49823282302250194,0.003931535436736677,0.998232823552749,0.0017671775077451432,0.998232823552749
1730,1,1,0,1.0,0.0,0.9936476379870104,0.9936476379870104,0.16666666666666666,0.1656079396645017,0.0,0.9968238243689904,0.003176186381980026,0.9968238243689904
1731,1,0,1,0.0,1.0,-0.9973675557971,-0.9973675557971,0.16666666666666666,-0.16622792596618333,0.0,0.001316221058368683,0.9986837768554687,0.9986837768554687
1732,4,4,0,1.0,0.0,0.9930191223991651,0.9956367024720649,0.4444444444444444,0.4413418321774067,0.00859573508199395,0.9965095653562781,0.003490442957112904,0.9965095653562781
1734,1,1,0,1.0,0.0,0.9989207589287099,0.9989207589287099,0.16666666666666666,0.16648679315478498,0.0,0.999460421926607,0.0005396629978970783,0.999460421926607
1748,6,5,1,0.8333333333333334,0.16666666666666666,0.49280571901488485,0.7580069608799467,0.5454545454545454,0.26880311946266444,0.7604077776720028,0.7464028573287056,0.25359713831382075,0.9118174302108124
1753,1,0,1,0.0,1.0,-0.9925191654335884,-0.9925191654335884,0.16666666666666666,-0.16541986090559807,0.0,0.0037404330713408335,0.9962595985049293,0.9962595985049293
1754,2,2,0,1.0,0.0,0.9661330608712879,0.9661330608712879,0.2857142857142857,0.2760380173917965,0.020535563064769828,0.9830665152184018,0.01693345434711382,0.9830665152184018
1757,1,1,0,1.0,0.0,0.9578165780930292,0.9578165780930292,0.16666666666666666,0.15963609634883819,0.0,0.9789082706650368,0.021091692572007645,0.9789082706650368
1760,1,1,0,1.0,0.0,0.9590097065844567,0.9590097065844567,0.16666666666666666,0.15983495109740944,0.0,0.9795048532922284,0.02049514670777165,0.9795048532922284
1762,3,2,1,0.6666666666666666,0.3333333333333333,0.3519396114789279,0.7630623142893722,0.375,0.13197735430459795,0.9213162232221224,0.6759697990973578,0.3240301876184299,0.9104235374501314
1769,2,2,0,1.0,0.0,0.988864258656714,0.988864258656714,0.2857142857142857,0.2825326453304897,0.010833835389583704,0.9944321275004195,0.005567868843705511,0.9944321275004195
1772,1,0,1,0.0,1.0,-0.9907069392637773,-0.9907069392637773,0.16666666666666666,-0.16511782321062954,0.0,0.004646509777415883,0.9953534490411932,0.9953534490411932
1777,2,2,0,1.0,0.0,0.9990304173104192,0.9990304173104192,0.2857142857142857,0.2854372620886912,0.0009689570888108189,0.9995152067103419,0.00048478939992263804,0.9995152067103419
1779,3,2,1,0.6666666666666666,0.3333333333333333,0.1520123061434868,0.4480303390843335,0.375,0.05700461480380754,1.0243982396290143,0.5760061363898222,0.4239938302463355,0.905272463788617
1783,2,2,0,1.0,0.0,0.9996376921644523,0.9996376921644523,0.2857142857142857,0.2856107691898435,0.0001297385238850339,0.999818862430633,0.00018117026618075748,0.999818862430633
1784,3,2,1,0.6666666666666666,0.3333333333333333,0.4666639540505461,0.9949887135624885,0.375,0.17499898276895479,0.917452912909216,0.7333319769154154,0.2666680228648693,0.930904724781728
1785,3,2,1,0.6666666666666666,0.3333333333333333,0.3177303940852492,0.9491444691534965,0.375,0.11914889778196847,1.1377582207968122,0.658865192442911,0.34113479835766175,0.990770048820001
1792,2,0,2,0.0,1.0,-0.9661930460796291,-0.9661930460796291,0.2857142857142857,-0.27605515602275116,0.0010398934433939388,0.016903449431071485,0.9830964955107004,0.9830964955107004
1794,1,1,0,1.0,0.0,0.9804900407269435,0.9804900407269435,0.16666666666666666,0.1634150067878239,0.0,0.990244992713177,0.009754951986233567,0.990244992713177
1801,1,1,0,1.0,0.0,0.9526174598269992,0.9526174598269992,0.16666666666666666,0.1587695766378332,0.0,0.976308716668023,0.023691256841023762,0.976308716668023
1804,1,0,1,0.0,1.0,-0.9432231953601964,-0.9432231953601964,0.16666666666666666,-0.15720386589336605,0.0,0.02838838337272998,0.9716115787329264,0.9716115787329264
1805,1,1,0,1.0,0.0,0.9996147663451922,0.9996147663451922,0.16666666666666666,0.16660246105753201,0.0,0.9998074066944611,0.00019264034926891327,0.9998074066944611
1809,3,2,1,0.6666666666666666,0.3333333333333333,0.3542659282780585,0.9468139069420951,0.375,0.13284972310427193,1.05322743377298,0.677132960196189,0.32286703191813054,0.9643880272879107
1810,1,1,0,1.0,0.0,0.9778173925045648,0.9778173925045648,0.16666666666666666,0.16296956541742746,0.0,0.9889086993587134,0.011091306854148641,0.9889086993587134
1831,3,1,2,0.3333333333333333,0.6666666666666666,-0.347213977795608,-0.8163421498009222,0.375,-0.13020524167335298,0.973963122839138,0.3263930281887231,0.6736070059843312,0.9311169669130237
1833,2,2,0,1.0,0.0,0.8268340424057276,0.8268340424057276,0.2857142857142857,0.23623829783020786,0.24454232405153853,0.9134170161192179,0.08658297371349025,0.9134170161192179
1834,2,2,0,1.0,0.0,0.6653136141216685,0.6653136141216685,0.2857142857142857,0.1900896040347624,0.47248874898424115,0.8326567877093602,0.16734317358769188,0.8326567877093602
1835,2,2,0,1.0,0.0,0.9925004795731769,0.9925004795731769,0.2857142857142857,0.28357156559233626,0.004691094779610276,0.9962502394782172,0.003749759905040264,0.9962502394782172
1862,1,0,1,0.0,1.0,-0.9975375074690038,-0.9975375074690038,0.16666666666666666,-0.16625625124483395,0.0,0.0012312469699166037,0.9987687544389204,0.9987687544389204
1863,1,1,0,1.0,0.0,0.8467342012068805,0.8467342012068805,0.16666666666666666,0.1411223668678134,0.0,0.9233671076157514,0.07663290640887092,0.9233671076157514
1866,2,0,2,0.0,1.0,-0.9966360147785533,-0.9966360147785533,0.2857142857142857,-0.28475314707958665,0.0025643943520751297,0.0016819807392781396,0.9983179955178316,0.9983179955178316
1876,4,2,2,0.5,0.5,0.22586132557631988,0.32674285971859607,0.4444444444444444,0.10038281136725327,0.8377055542211072,0.6129306738229614,0.3870693482466415,0.8481629049861835
1881,1,0,1,0.0,1.0,-0.9888962227811096,-0.9888962227811096,0.16666666666666666,-0.16481603713018492,0.0,0.005551875022149855,0.9944480978032594,0.9944480978032594
1882,4,1,3,0.25,0.75,-0.43568268276140854,-0.8731292995176836,0.4444444444444444,-0.19363674789395935,0.9585059446580437,0.2821586570918705,0.717841339853279,0.9676875127433219
1883,1,0,1,0.0,1.0,-0.9859889559447765,-0.9859889559447765,0.16666666666666666,-0.16433149265746275,0.0,0.0070055432617664335,0.9929944992065429,0.9929944992065429
1884,1,1,0,1.0,0.0,0.9968756588570999,0.9968756588570999,0.16666666666666666,0.16614594314284997,0.0,0.9984378236712832,0.0015621648141832063,0.9984378236712832
1885,1,0,1,0.0,1.0,-0.001970909176273905,-0.001970909176273905,0.16666666666666666,-0.00032848486271231747,0.0,0.49901452149424247,0.5009854306705164,0.5009854306705164
1892,3,3,0,1.0,0.0,0.9980525021346947,0.9988859775993559,0.375,0.3742696883005105,0.0019798721942040653,0.9990262443385046,0.0009737422038099136,0.9990262443385046
1894,2,2,0,1.0,0.0,0.9967309437298915,0.9967309437298915,0.2857142857142857,0.28478026963711184,0.0033387382154452055,0.9983654602276812,0.0016345164977897278,0.9983654602276812
1895,2,2,0,1.0,0.0,0.9743971465952521,0.9743971465952521,0.2857142857142857,0.2783991847415006,0.03513842048926267,0.9871985812406305,0.012801434645378302,0.9871985812406305
1900,1,1,0,1.0,0.0,0.9988574082297939,0.9988574082297939,0.16666666666666666,0.16647623470496564,0.0,0.9994286517707669,0.0005712435409730794,0.9994286517707669
1907,3,2,1,0.6666666666666666,0.3333333333333333,0.5173539156043986,0.9977042945903246,0.375,0.19400771835164948,0.8330799321614341,0.7586769430313666,0.241323027426968,0.9068781619981466
1909,1,1,0,1.0,0.0,0.03414567091594123,0.03414567091594123,0.16666666666666666,0.005690945152656871,0.0,0.51707283532827,0.48292716441232875,0.51707283532827
1912,2,2,0,1.0,0.0,0.9160371497958162,0.9160371497958162,0.2857142857142857,0.26172489994166176,0.1182378710519211,0.9580185817384631,0.04198143194264684,0.9580185817384631
1913,1,1,0,1.0,0.0,0.6551451612007241,0.6551451612007241,0.16666666666666666,0.10919086020012067,0.0,0.8275725606211515,0.17242739942042742,0.8275725606211515
1916,2,2,0,1.0,0.0,0.9953563024198085,0.9953563024198085,0.2857142857142857,0.28438751497708814,0.004628771961240782,0.9976781453925774,0.002321842972768905,0.9976781453925774
1917,8,7,1,0.875,0.125,0.6705625549220919,0.9927332600893883,0.6153846153846154,0.4126538799520566,0.7016309646460209,0.8352812612933781,0.16471870637128616,0.9579287218906034
1918,1,1,0,1.0,0.0,0.9305050086975097,0.9305050086975097,0.16666666666666666,0.15508416811625161,0.0,0.9652525499131944,0.03474754121568468,0.9652525499131944
1923,2,1,1,0.5,0.5,0.0003160147747972575,0.0003160147747972575,0.2857142857142857,9.028993565635928e-05,1.413300382334455,0.5001579879712291,0.4998419731964319,0.9996771226849472
1924,1,1,0,1.0,0.0,0.9371123338497959,0.9371123338497959,0.16666666666666666,0.15618538897496598,0.0,0.9685562022681375,0.0314438684183417,0.9685562022681375
1927,2,2,0,1.0,0.0,0.999620415783323,0.999620415783323,0.2857142857142857,0.2856058330809494,9.588840907390654e-05,0.9998101994073242,0.0001897836240012632,0.9998101994073242
1929,1,1,0,1.0,0.0,0.9914074785007025,0.9914074785007025,0.16666666666666666,0.16523457975011707,0.0,0.9957037488062062,0.004296270305503586,0.9957037488062062
1931,2,2,0,1.0,0.0,0.9956194196229543,0.9956194196229543,0.2857142857142857,0.28446269132084406,0.004229288485671805,0.9978097124797543,0.0021902928567998775,0.9978097124797543
1934,1,1,0,1.0,0.0,0.9849450317536586,0.9849450317536586,0.16666666666666666,0.1641575052922764,0.0,0.992472541402783,0.007527509649124371,0.992472541402783
1935,1,1,0,1.0,0.0,0.9971347432171683,0.9971347432171683,0.16666666666666666,0.16618912386952805,0.0,0.9985673234269425,0.0014325802097742328,0.9985673234269425
1936,3,3,0,1.0,0.0,0.9987143902285296,0.9988865420132517,0.375,0.3745178963356986,0.00104579457739901,0.9993571935888026,0.0006428033602730149,0.9993571935888026
1938,4,4,0,1.0,0.0,0.9912474866625496,0.9979335188884483,0.4444444444444444,0.4405544385166887,0.014585125619400384,0.9956237439985545,0.004376257336004897,0.9956237439985545
1939,2,2,0,1.0,0.0,0.9971264077040056,0.9971264077040056,0.2857142857142857,0.2848932593440016,0.0032070756217337936,0.99856322152274,0.0014368138187343166,0.99856322152274
1941,1,1,0,1.0,0.0,0.9764028105830007,0.9764028105830007,0.16666666666666666,0.16273380176383345,0.0,0.9882013906840406,0.011798580101039869,0.9882013906840406
1942,2,2,0,1.0,0.0,0.9847327350530426,0.9847327350530426,0.2857142857142857,0.28135221001515504,0.009488530625147233,0.9923663429549732,0.0076336079019306575,0.9923663429549732
1945,4,3,1,0.75,0.25,0.39684109992353994,0.7693639904803369,0.4444444444444444,0.17637382218823996,0.9198131584683837,0.6984205576376012,0.30157945771406136,0.935182952653584
1946,1,1,0,1.0,0.0,0.9995022835260858,0.9995022835260858,0.16666666666666666,0.1665837139210143,0.0,0.9997511900187842,0.000248906492698388,0.9997511900187842
1947,3,2,1,0.6666666666666666,0.3333333333333333,0.16578475776383428,0.5194769208984715,0.375,0.062169284161437854,1.0344790153727605,0.5828923856882381,0.41710762792440387,0.9159430589607366
1949,2,2,0,1.0,0.0,0.998253795574283,0.998253795574283,0.2857142857142857,0.28521537016408083,0.0009573664649615191,0.9991268977784273,0.0008731022041443496,0.9991268977784273
1950,2,1,1,0.5,0.5,0.3419118108524733,0.3419118108524733,0.2857142857142857,0.09768908881499236,0.9105690618431772,0.6709559147303674,0.3290441038778941,0.8219347884881225
1951,2,2,0,1.0,0.0,0.9984571044902626,0.9984571044902626,0.2857142857142857,0.2852734584257893,0.0003300936899048989,0.9992285236930389,0.000771419202776256,0.9992285236930389
1952,3,3,0,1.0,0.0,0.9961295400443397,0.9967375685145535,0.375,0.3735485775166274,0.0020629268790394633,0.9980647882092947,0.0019352481649550068,0.9980647882092947
1953,1,1,0,1.0,0.0,0.9952577874266357,0.9952577874266357,0.16666666666666666,0.16587629790443928,0.0,0.9976288916941903,0.0023711042675545546,0.9976288916941903
1954,3,3,0,1.0,0.0,0.9960375571359169,0.995460932361149,0.375,0.37351408392596885,0.0028286142712884614,0.9980187747229404,0.0019812175870234394,0.9980187747229404
1955,2,2,0,1.0,0.0,0.9897342799811175,0.9897342799811175,0.2857142857142857,0.28278122285174784,0.0008717848126308763,0.9948671388516229,0.005132858870505332,0.9948671388516229
1956,1,1,0,1.0,0.0,0.9920575303690774,0.9920575303690774,0.16666666666666666,0.16534292172817955,0.0,0.9960287911551339,0.003971260786056518,0.9960287911551339
1957,1,0,1,0.0,1.0,-0.9950783733769628,-0.9950783733769628,0.16666666666666666,-0.16584639556282713,0.0,0.0024607911753884468,0.9975391645523513,0.9975391645523513
1958,1,1,0,1.0,0.0,0.9216821635210956,0.9216821635210956,0.16666666666666666,0.1536136939201826,0.0,0.9608411032056051,0.0391589396845096,0.9608411032056051
1960,1,1,0,1.0,0.0,0.9965034049670938,0.9965034049670938,0.16666666666666666,0.16608390082784896,0.0,0.9982517082881565,0.001748303321062697,0.9982517082881565
1961,3,2,1,0.6666666666666666,0.3333333333333333,0.35128251323867427,0.9879287322918018,0.375,0.13173094246450284,1.1108635300862517,0.6756412527533285,0.3243587395146543,0.9861148180138978
1962,1,1,0,1.0,0.0,0.9947214672120951,0.9947214672120951,0.16666666666666666,0.16578691120201583,0.0,0.9973607467392743,0.0026392795271792655,0.9973607467392743
1964,1,1,0,1.0,0.0,0.9935477985424942,0.9935477985424942,0.16666666666666666,0.16559129975708237,0.0,0.9967739148086376,0.003226116266143456,0.9967739148086376
1965,1,1,0,1.0,0.0,0.8956532534906421,0.8956532534906421,0.16666666666666666,0.14927554224844033,0.0,0.9478266247248246,0.052173371234182586,0.9478266247248246
1966,1,1,0,1.0,0.0,0.9988412410379028,0.9988412410379028,0.16666666666666666,0.1664735401729838,0.0,0.9994206061730018,0.0005793651350988791,0.9994206061730018
1967,1,1,0,1.0,0.0,0.9900034956932068,0.9900034956932068,0.16666666666666666,0.16500058261553446,0.0,0.995001708984375,0.004998213291168213,0.995001708984375
1968,5,4,1,0.8,0.2,0.5948378901658444,0.9890498811235795,0.5,0.2974189450829222,0.8906381931091284,0.7974189378307217,0.20258104766487728,0.99708905375948
1969,3,2,1,0.6666666666666666,0.3333333333333333,0.3133294014739369,0.951494719057667,0.375,0.11749852555272633,1.13666938412763,0.6566647029434448,0.3433353014695079,0.9896709060333703
1970,2,2,0,1.0,0.0,0.9773539205982794,0.9773539205982794,0.2857142857142857,0.2792439773137941,0.012726274476477019,0.9886769736473909,0.011323053049111537,0.9886769736473909
1971,1,1,0,1.0,0.0,0.9993040819341937,0.9993040819341937,0.16666666666666666,0.1665506803223656,0.0,0.9996520148383247,0.0003479329041308827,0.9996520148383247
1972,2,0,2,0.0,1.0,-0.9889128746568329,-0.9889128746568329,0.2857142857142857,-0.28254653561623794,0.013453589955794988,0.005543548113631982,0.9944564227704649,0.9944564227704649
1973,1,0,1,0.0,1.0,-0.9970410892532932,-0.9970410892532932,0.16666666666666666,-0.16617351487554885,0.0,0.0014794439905219609,0.9985205332438151,0.9985205332438151
1974,5,4,1,0.8,0.2,0.3362934716963163,0.38364756917080367,0.5,0.16814673584815815,0.8137980780662505,0.668146732199558,0.3318532605032417,0.8670267768057291
1975,4,3,1,0.75,0.25,0.3124610521703674,0.6247111889551319,0.4444444444444444,0.1388715787423855,0.9422329609774555,0.6562305223219366,0.3437694701515691,0.9059550651862291
1976,3,0,3,0.0,1.0,-0.9921510512725821,-0.990068703497711,0.375,-0.3720566442272183,0.005228322415973238,0.003924468399249132,0.9960755196718312,0.9960755196718312
1977,4,1,3,0.25,0.75,-0.428789539930409,-0.8614533461093798,0.4444444444444444,-0.19057312885795955,0.9568446033187402,0.28560523462911896,0.714394774559528,0.9640535817831692
1978,2,2,0,1.0,0.0,0.9967921010439595,0.9967921010439595,0.2857142857142857,0.284797743155417,0.003472578909001543,0.9983960554115239,0.0016039543675642651,0.9983960554115239
1979,4,2,2,0.5,0.5,-0.040553619818686215,-0.08044750828061359,0.4444444444444444,-0.018023831030527206,1.105304580593201,0.4797232121443445,0.5202768319630307,0.9777613507373362
1980,5,2,3,0.4,0.6,-0.3021864193477058,-0.4607765650062404,0.5,-0.1510932096738529,0.7833194549719484,0.34890679475765995,0.6510932141053657,0.8404342316289402
1981,4,1,3,0.25,0.75,-0.33655526183051165,-0.6631017552285037,0.4444444444444444,-0.14958011636911628,0.9184688807141703,0.33172236711460573,0.6682776289451173,0.9128336143308388
1982,7,6,1,0.8571428571428571,0.14285714285714285,0.5450379984241048,0.8774740526862178,0.5833333333333334,0.3179388324140612,0.7352727774641827,0.7725189911191903,0.22748099269508554,0.9147682360218783
1983,3,2,1,0.6666666666666666,0.3333333333333333,0.33308071810364276,0.9978024662933617,0.375,0.12490526928886603,1.1526310953161703,0.666540338429211,0.3334596203255682,0.9991612539183997
1984,5,3,2,0.6,0.4,0.28285291573476706,0.9644317358848412,0.5,0.14142645786738353,0.969830580445038,0.6414264636154212,0.35857354788065415,0.9502439150559556
1985,4,3,1,0.75,0.25,0.513603388850085,0.9754116422406034,0.4444444444444444,0.22826817282226,0.9369413906863173,0.7568016884478959,0.24319829959781086,0.9796865218658768
1986,3,1,2,0.3333333333333333,0.6666666666666666,-0.3693027467578829,-0.9818082239436007,0.375,-0.13848853003420608,1.0699513827602392,0.3153486463224971,0.6846513930803799,0.9733700482988659
1991,4,2,2,0.5,0.5,0.13758860760889585,0.23499396887178137,0.4444444444444444,0.061150492270620374,1.0073153688925705,0.5687943005842718,0.4312056929753759,0.9306759384011808
1992,2,1,1,0.5,0.5,0.007951833985068602,0.007951833985068602,0.2857142857142857,0.0022719525671624574,1.3823623536795056,0.5039758968780191,0.4960240628929506,0.9887388770573724
1993,2,2,0,1.0,0.0,0.9547999904338491,0.9547999904338491,0.2857142857142857,0.27279999726681403,0.04899133373145881,0.9773999589660858,0.02259996853223661,0.9773999589660858
1994,5,3,2,0.6,0.4,0.22399247873657563,0.9894997375767405,0.5,0.11199623936828781,1.0537028294755264,0.6119962319118726,0.3880037531752969,0.9840301164872791
1997,3,3,0,1.0,0.0,0.9946493791966362,0.9992337412052397,0.375,0.3729935171987386,0.008077641657428298,0.9973246879385741,0.002675308741937933,0.9973246879385741
1998,2,1,1,0.5,0.5,-0.006208379447210699,-0.006208379447210699,0.2857142857142857,-0.0017738226992030568,1.4048537137806791,0.4968958069477853,0.503104186394996,0.9966907904661023
1999,4,3,1,0.75,0.25,0.6116476590466342,0.9861635196003955,0.4444444444444444,0.2718434040207263,0.7570597230525797,0.8058238415984079,0.19417618255177374,0.9368013274293101
2000,5,5,0,1.0,0.0,0.9962022328036954,0.9981863877939102,0.5,0.4981011164018477,0.004460293921109655,0.9981011266560934,0.001898893852397942,0.9981011266560934
2001,4,3,1,0.75,0.25,0.41026790054913637,0.8213775579000517,0.4444444444444444,0.18234128913294947,0.9526912964897226,0.7051339637754364,0.2948660632263,0.9549998279624445
2002,3,3,0,1.0,0.0,0.8413059330831724,0.9854135793414924,0.375,0.31548972490618965,0.2608451487308788,0.9206529728418863,0.0793470397587138,0.9206529728418863
2003,5,5,0,1.0,0.0,0.8057127474180342,0.9927183335477656,0.5,0.4028563737090171,0.27984076470324976,0.9028563776659994,0.09714363024796505,0.9028563776659994
2004,3,1,2,0.3333333333333333,0.6666666666666666,-0.3231474240235164,-0.9787862659189743,0.375,-0.12118028400881867,1.1453787471911065,0.33842627792105096,0.6615737019445673,0.9947090385267382
2005,6,5,1,0.8333333333333334,0.16666666666666666,0.7127349756935848,0.9981504418855883,0.5454545454545454,0.38876453219650076,0.6993236394386522,0.8563674778541635,0.14363250216057877,0.9754924689137136
2006,2,2,0,1.0,0.0,0.9687469941402447,0.9687469941402447,0.2857142857142857,0.27678485546864134,0.04311334112726499,0.98437348436404,0.015626490223795447,0.98437348436404
2009,1,0,1,0.0,1.0,-0.8943694793816769,-0.8943694793816769,0.16666666666666666,-0.14906157989694613,0.0,0.05281528559598056,0.9471847649776575,0.9471847649776575
2010,2,2,0,1.0,0.0,0.993971422348025,0.993971422348025,0.2857142857142857,0.2839918349565786,0.002009062452882654,0.9969857115129739,0.00301428916494884,0.9969857115129739
2011,5,4,1,0.8,0.2,0.5434943359986433,0.9634206146001816,0.5,0.27174716799932164,0.8405452352571917,0.771747174600738,0.22825283860209464,0.960706813714984
2012,6,5,1,0.8333333333333334,0.16666666666666666,0.6602485817607612,0.9931510156475158,0.5454545454545454,0.36013559005132423,0.8130376846545578,0.8301243077344439,0.16987572597368275,0.9966641766693517
2013,2,2,0,1.0,0.0,0.9939782492999332,0.9939782492999332,0.2857142857142857,0.28399378551426663,0.00802195028287192,0.9969891355173883,0.0030108862174551827,0.9969891355173883
2014,2,1,1,0.5,0.5,0.016217245950732206,0.016217245950732206,0.2857142857142857,0.004633498843066345,1.3906560510464925,0.5081086158752441,0.49189136992451193,0.9916711548964183
2015,2,2,0,1.0,0.0,0.9979971178891973,0.9979971178891973,0.2857142857142857,0.2851420336826278,0.0014612865851851573,0.9989985634510559,0.0010014455618584915,0.9989985634510559
2016,1,1,0,1.0,0.0,0.9977586819825929,0.9977586819825929,0.16666666666666666,0.16629311366376548,0.0,0.9988793545081968,0.0011206725256039144,0.9988793545081968
2017,1,1,0,1.0,0.0,0.9982061398565961,0.9982061398565961,0.16666666666666666,0.16636768997609935,0.0,0.9991031168358119,0.000896976979215812,0.9991031168358119
2018,4,2,2,0.5,0.5,0.21528099974209886,0.4277942348864616,0.4444444444444444,0.09568044432982171,0.9648911020324612,0.6076404940950352,0.3923594943529364,0.8890211093569449
2019,5,5,0,1.0,0.0,0.9142395470376812,0.9996248137972811,0.5,0.4571197735188406,0.18895143392733538,0.9571197736641593,0.04288022662647822,0.9571197736641593
2020,1,1,0,1.0,0.0,0.9978979506061576,0.9978979506061576,0.16666666666666666,0.16631632510102626,0.0,0.9989489539194916,0.0010510033133339747,0.9989489539194916
2021,3,1,2,0.3333333333333333,0.6666666666666666,-0.20839095416909062,-0.5951797442729247,0.375,-0.07814660781340899,1.036590737939035,0.39580451373403375,0.6041954679031244,0.9261890004139618
2022,1,1,0,1.0,0.0,0.9724911439508588,0.9724911439508588,0.16666666666666666,0.16208185732514313,0.0,0.9862455809155194,0.013754436964660591,0.9862455809155194
2023,2,1,1,0.5,0.5,-0.10157704922339966,-0.10157704922339966,0.2857142857142857,-0.029022014063828473,1.2427090667206904,0.4492114740857811,0.5507885233091807,0.9393640027575839
2025,1,1,0,1.0,0.0,0.9988788779008023,0.9988788779008023,0.16666666666666666,0.16647981298346703,0.0,0.9994394335830421,0.0005605556822398253,0.9994394335830421
2026,1,1,0,1.0,0.0,0.6916484024565098,0.6916484024565098,0.16666666666666666,0.11527473374275163,0.0,0.8458242254742121,0.15417582301770227,0.8458242254742121
2028,7,6,1,0.8571428571428571,0.14285714285714285,0.7800242373811359,0.990693207093101,0.5833333333333334,0.4550141384723293,0.540674874121523,0.8900121224577883,0.10998788507665234,0.9536860630871635
2034,1,1,0,1.0,0.0,0.8607301243015977,0.8607301243015977,0.16666666666666666,0.14345502071693295,0.0,0.930365077784804,0.06963495348320632,0.930365077784804
2038,1,0,1,0.0,1.0,-0.9963168122371038,-0.9963168122371038,0.16666666666666666,-0.16605280203951728,0.0,0.0018415536483128866,0.9981583658854166,0.9981583658854166
2040,1,1,0,1.0,0.0,0.9994111674004479,0.9994111674004479,0.16666666666666666,0.16656852790007465,0.0,0.9997055856805098,0.00029441828006192256,0.9997055856805098
2041,2,2,0,1.0,0.0,0.9804310777742318,0.9804310777742318,0.2857142857142857,0.28012316507835194,0.02529811644564672,0.9902155450738981,0.009784467299666234,0.9902155450738981
2042,1,0,1,0.0,1.0,-0.9979438602096504,-0.9979438602096504,0.16666666666666666,-0.1663239767016084,0.0,0.0010280364917384253,0.9989718967013889,0.9989718967013889
2043,1,1,0,1.0,0.0,0.999661469419838,0.999661469419838,0.16666666666666666,0.16661024490330634,0.0,0.9998307149918353,0.000169245571997322,0.9998307149918353
2046,2,2,0,1.0,0.0,0.9948230401989773,0.9948230401989773,0.2857142857142857,0.2842351543425649,0.006159443248907321,0.9974115167375852,0.002588476538608049,0.9974115167375852
2048,1,1,0,1.0,0.0,0.998244925032016,0.998244925032016,0.16666666666666666,0.16637415417200266,0.0,0.9991224530482397,0.0008775280162236576,0.9991224530482397
2050,2,1,1,0.5,0.5,0.0123591143150239,0.0123591143150239,0.2857142857142857,0.003531175518578257,1.3942884242218592,0.5061795436847977,0.4938204293697738,0.9929553863758769
2051,2,1,1,0.5,0.5,-0.2436667768520609,-0.2436667768520609,0.2857142857142857,-0.06961907910058883,1.066788982806807,0.378166607204606,0.6218333840566669,0.8771668575495326
2052,6,3,3,0.5,0.5,0.001457267961337494,0.004966095148268901,0.5454545454545454,0.0007948734334568148,1.0898427702970215,0.5007286294093684,0.4992713614480308,0.9974335899191819
2053,2,1,1,0.5,0.5,0.004924674171277066,0.004924674171277066,0.2857142857142857,0.0014070497632220186,1.3984089872637169,0.5024623462648102,0.4975376720935332,0.994412248062365
2054,3,3,0,1.0,0.0,0.9767568314145597,0.9762211744902564,0.375,0.3662838117804599,0.01750140447116717,0.9883784222228332,0.0116215908082737,0.9883784222228332
2057,1,0,1,0.0,1.0,-0.23834017138460495,-0.23834017138460495,0.16666666666666666,-0.03972336189743415,0.0,0.3808299143076975,0.6191700856923025,0.6191700856923025
2058,2,2,0,1.0,0.0,0.9968118830800963,0.9968118830800963,0.2857142857142857,0.28480339516574177,0.004036322024611855,0.9984059363900626,0.0015940533099662005,0.9984059363900626
2059,4,4,0,1.0,0.0,0.7528518165695508,0.9990558112323658,0.4444444444444444,0.3346008073642448,0.4928829253391025,0.8764259097627746,0.12357409319322375,0.8764259097627746
2060,2,2,0,1.0,0.0,0.9991223622483993,0.9991223622483993,0.2857142857142857,0.28546353207097125,0.00046523663479278507,0.9995611775305964,0.00043881528219708835,0.9995611775305964
2064,1,1,0,1.0,0.0,0.9866171375999238,0.9866171375999238,0.16666666666666666,0.1644361895999873,0.0,0.9933085521506198,0.006691414550696005,0.9933085521506198
2065,1,1,0,1.0,0.0,0.9659125859334589,0.9659125859334589,0.16666666666666666,0.1609854309889098,0.0,0.982956280991367,0.017043695057908148,0.982956280991367
2066,1,1,0,1.0,0.0,0.985474649854498,0.985474649854498,0.16666666666666666,0.16424577497574966,0.0,0.9927373159145435,0.007262666060045559,0.9927373159145435
2067,1,1,0,1.0,0.0,0.9982501337570804,0.9982501337570804,0.16666666666666666,0.16637502229284673,0.0,0.9991250719342913,0.0008749381772109441,0.9991250719342913
2068,2,2,0,1.0,0.0,0.9949486240707339,0.9949486240707339,0.2857142857142857,0.28427103544878113,0.004773331211131139,0.9974743298650095,0.002525705794275667,0.9974743298650095
2070,1,1,0,1.0,0.0,0.9304343489713447,0.9304343489713447,0.16666666666666666,0.15507239149522412,0.0,0.9652171467625817,0.03478279779123705,0.9652171467625817
2072,2,2,0,1.0,0.0,0.982744482471041,0.982744482471041,0.2857142857142857,0.28078413784886885,0.022947391257341826,0.9913722527720941,0.008627770301053132,0.9913722527720941
2076,2,1,1,0.5,0.5,-0.0009383936936384063,-0.0009383936936384063,0.2857142857142857,-0.0002681124838966875,1.4104430600428857,0.49953079509002146,0.5004691887836599,0.9986669180537553
2077,1,1,0,1.0,0.0,0.9997342391894554,0.9997342391894554,0.16666666666666666,0.16662237319824255,0.0,0.999867085878014,0.00013284668855860753,0.999867085878014
2078,2,2,0,1.0,0.0,0.6405835469034078,0.6405835469034078,0.2857142857142857,0.1830238705438308,0.5074351511550949,0.8202917706512445,0.17970822374783665,0.8202917706512445
2080,2,1,1,0.5,0.5,0.265567547643317,0.265567547643317,0.2857142857142857,0.07587644218380486,1.034771760968227,0.6327837585156803,0.3672162108723632,0.865847049274511
2082,1,1,0,1.0,0.0,0.9997367854309032,0.9997367854309032,0.16666666666666666,0.1666227975718172,0.0,0.9998683606163931,0.0001315751854898566,0.9998683606163931
2083,4,4,0,1.0,0.0,0.9994844215543703,0.9996363227191105,0.4444444444444444,0.444215298468609,0.0003552451324063952,0.9997421986809895,0.00025777712661906305,0.9997421986809895
2084,2,1,1,0.5,0.5,0.002070979167759779,0.002070979167759779,0.2857142857142857,0.0005917083336456511,1.4085654724475096,0.5010354875803535,0.49896450841259377,0.9980030966529072
2085,3,3,0,1.0,0.0,0.9987914171487279,0.9986436108618864,0.375,0.37454678143077297,0.0005883822800126257,0.999395705838514,0.0006042886897861051,0.999395705838514
2087,2,1,1,0.5,0.5,0.15328312715711567,0.15328312715711567,0.2857142857142857,0.043795179187747335,1.1963720130636237,0.5766415495621531,0.4233584224050374,0.9229813676131399
2088,3,2,1,0.6666666666666666,0.3333333333333333,0.3920216910211898,0.9985276627697444,0.375,0.14700813413294617,1.051293352248611,0.6960108314613284,0.3039891404401385,0.9699798959212055
2089,1,1,0,1.0,0.0,0.9951257556676865,0.9951257556676865,0.16666666666666666,0.16585429261128107,0.0,0.9975629208692863,0.002437165201599918,0.9975629208692863
2090,1,1,0,1.0,0.0,0.994308056953075,0.994308056953075,0.16666666666666666,0.16571800949217916,0.0,0.9971539838178022,0.002845926864727123,0.9971539838178022
2091,2,1,1,0.5,0.5,0.0011360392470201597,0.0011360392470201597,0.2857142857142857,0.0003245826420057599,1.4115146018387277,0.5005680183892431,0.49943197914222304,0.9990457721177302
2093,2,1,1,0.5,0.5,0.022020866838491915,0.022020866838491915,0.2857142857142857,0.006291676239569118,1.3729520110501845,0.511010478951764,0.48898961211327213,0.9854118841611647
2094,4,4,0,1.0,0.0,0.9959596563962467,0.9961871513400351,0.4444444444444444,0.4426487361761096,0.003678759536437445,0.9979798385267624,0.0020201821305157754,0.9979798385267624
2096,2,2,0,1.0,0.0,0.9593648293792927,0.9593648293792927,0.2857142857142857,0.27410423696551217,0.055411843948025,0.9796824413949993,0.0203176120157066,0.9796824413949993
2097,3,2,1,0.6666666666666666,0.3333333333333333,0.4242643319800907,0.9648284114136988,0.375,0.15909912449253402,0.9664408540699606,0.7121321590774118,0.2878678270973211,0.9426342239473658
2100,2,1,1,0.5,0.5,0.007227378765801096,0.007227378765801096,0.2857142857142857,0.002064965361657456,1.4023166707786026,0.5036136860885317,0.49638630732273065,0.9957938103448778
2105,4,3,1,0.75,0.25,0.2629113433516018,0.5365417634989207,0.4444444444444444,0.11684948593404525,0.9310776205487379,0.6314556813116466,0.36854433796004477,0.8804018754486396
2107,3,2,1,0.6666666666666666,0.3333333333333333,0.3174913882242092,0.9617170138792558,0.375,0.11905927058407845,1.1158629026415015,0.6587456902062931,0.34125430198208395,0.9824110588874458
2108,2,2,0,1.0,0.0,0.9992440069245319,0.9992440069245319,0.2857142857142857,0.2854982876927234,0.00015333261883220312,0.9996220184745017,0.00037801154996986266,0.9996220184745017
2109,1,1,0,1.0,0.0,0.3241840400318108,0.3241840400318108,0.16666666666666666,0.05403067333863513,0.0,0.6620920011312654,0.33790796109945465,0.6620920011312654
2111,1,1,0,1.0,0.0,0.9773491035652845,0.9773491035652845,0.16666666666666666,0.16289151726088075,0.0,0.9886745876736112,0.011325484108326683,0.9886745876736112
2112,1,1,0,1.0,0.0,0.7997545153029422,0.7997545153029422,0.16666666666666666,0.133292419217157,0.0,0.8998772576514711,0.10012274234852893,0.8998772576514711
2114,2,2,0,1.0,0.0,0.6141981685845269,0.6141981685845269,0.2857142857142857,0.17548519102415053,0.2906436406015201,0.8070990875249313,0.1929009189404044,0.8070990875249313
2115,5,3,2,0.6,0.4,0.19623429685729013,0.9806361529562209,0.5,0.09811714842864507,1.0906252765693067,0.5981171465221886,0.4018828496648985,0.9975004702087125
2116,1,1,0,1.0,0.0,0.9983010469628261,0.9983010469628261,0.16666666666666666,0.16638350782713768,0.0,0.9991505118495597,0.0008494648867336212,0.9991505118495597
2117,3,2,1,0.6666666666666666,0.3333333333333333,0.3326179940516649,0.9760530123261593,0.375,0.12473174776937435,1.126584448444095,0.6663089713243001,0.33369097727263525,0.989050525171014
2118,3,3,0,1.0,0.0,0.9995702144875525,0.9995184889932474,0.375,0.37483883043283217,0.00014313682848979506,0.9997850896122612,0.00021487512470864237,0.9997850896122612
2119,1,1,0,1.0,0.0,0.9994568255179646,0.9994568255179646,0.16666666666666666,0.16657613758632742,0.0,0.9997283762151544,0.0002715506971898404,0.9997283762151544
2120,3,2,1,0.6666666666666666,0.3333333333333333,0.10682260947335571,0.33955854353600673,0.375,0.040058478552508395,1.0095690429868083,0.5534113055746689,0.4465886961013132,0.8863413356824927
2121,3,2,1,0.6666666666666666,0.3333333333333333,0.32057326462728525,0.9669296741485596,0.375,0.12021497423523198,1.1422338110684325,0.660286622080538,0.33971335745325276,0.9930460861305784
2122,3,1,2,0.3333333333333333,0.6666666666666666,-0.29663564586763064,-0.8797294270239974,0.375,-0.11123836720036148,1.1142612658583368,0.3516821775588061,0.6483178234264367,0.9777105829200461
2123,1,1,0,1.0,0.0,0.9996560432741212,0.9996560432741212,0.16666666666666666,0.16660934054568685,0.0,0.9998279854103371,0.00017194213621594286,0.9998279854103371
2124,2,2,0,1.0,0.0,0.9985400322749451,0.9985400322749451,0.2857142857142857,0.2852971520785557,0.000885189290852772,0.9992700041447026,0.0007299718697574688,0.9992700041447026
2126,2,0,2,0.0,1.0,-0.9964392984914041,-0.9964392984914041,0.2857142857142857,-0.28469694242611543,0.0010420631611957052,0.0017803553500842172,0.9982196538414884,0.9982196538414884
2131,2,2,0,1.0,0.0,0.9984347154422293,0.9984347154422293,0.2857142857142857,0.28526706155492265,0.0007655531071012079,0.9992173453156905,0.0007826298734612563,0.9992173453156905
2132,1,1,0,1.0,0.0,0.9832329937856492,0.9832329937856492,0.16666666666666666,0.16387216563094154,0.0,0.9916165103651073,0.008383516579458159,0.9916165103651073
2133,1,1,0,1.0,0.0,0.9962774165689129,0.9962774165689129,0.16666666666666666,0.1660462360948188,0.0,0.9981386785637842,0.0018612619948713746,0.9981386785637842
2136,1,1,0,1.0,0.0,0.9986238685938028,0.9986238685938028,0.16666666666666666,0.16643731143230045,0.0,0.9993119459885818,0.0006880773947789119,0.9993119459885818
2138,2,2,0,1.0,0.0,0.9965245174480102,0.9965245174480102,0.2857142857142857,0.2847212906994315,0.004410658385975918,0.9982622518853136,0.0017377344373034288,0.9982622518853136
2139,1,1,0,1.0,0.0,0.9993305230941576,0.9993305230941576,0.16666666666666666,0.1665550871823596,0.0,0.9996652529221173,0.00033472982795971617,0.9996652529221173
2140,2,1,1,0.5,0.5,0.004382616699373565,0.004382616699373565,0.2857142857142857,0.0012521761998210185,1.399823896431561,0.5021912927101411,0.4978086760107675,0.9949124691773203
2141,1,1,0,1.0,0.0,0.9555195348603385,0.9555195348603385,0.16666666666666666,0.1592532558100564,0.0,0.977759769984654,0.022240235124315534,0.977759769984654
2143,1,1,0,1.0,0.0,0.9993676579173874,0.9993676579173874,0.16666666666666666,0.16656127631956455,0.0,0.9996838737936581,0.000316215876270743,0.9996838737936581
2144,2,2,0,1.0,0.0,0.9958860947191716,0.9958860947191716,0.2857142857142857,0.28453888420547757,0.005369489850307477,0.9979430484771729,0.0020569537580013273,0.9979430484771729
2145,3,1,2,0.3333333333333333,0.6666666666666666,-0.31763092616367933,-0.9557858905653013,0.375,-0.11911159731137974,1.1308180106629806,0.3411845203716863,0.6588154465353656,0.9881539082046996
2146,1,1,0,1.0,0.0,0.9938429690859645,0.9938429690859645,0.16666666666666666,0.16564049484766075,0.0,0.9969214424869131,0.0030784734009486163,0.9969214424869131
2148,2,1,1,0.5,0.5,0.003549307428156512,0.003549307428156512,0.2857142857142857,0.0010140878366161463,1.4061324207348607,0.5017746793125656,0.49822537188440913,0.9971429105724252
2150,1,1,0,1.0,0.0,0.9987890602985643,0.9987890602985643,0.16666666666666666,0.16646484338309403,0.0,0.9993945427660672,0.0006054824675029178,0.9993945427660672
2160,1,1,0,1.0,0.0,0.9988800961366842,0.9988800961366842,0.16666666666666666,0.16648001602278067,0.0,0.9994400239326584,0.0005599277959743017,0.9994400239326584
2161,2,2,0,1.0,0.0,0.9987906938829146,0.9987906938829146,0.2857142857142857,0.28536876968083275,0.000986887280566739,0.9993953422582352,0.000604648375320591,0.9993953422582352
2162,1,0,1,0.0,1.0,-0.9964797658513682,-0.9964797658513682,0.16666666666666666,-0.16607996097522804,0.0,0.001760150573050329,0.9982399164244186,0.9982399164244186
2166,1,0,1,0.0,1.0,-0.5986060298637944,-0.5986060298637944,0.16666666666666666,-0.09976767164396573,0.0,0.2006969798421031,0.7993030097058975,0.7993030097058975
2167,7,7,0,1.0,0.0,0.9974023416215129,0.997924617872164,0.5833333333333334,0.5818180326125492,0.002357318298291858,0.9987011734560862,0.0012988318345733506,0.9987011734560862
2170,1,0,1,0.0,1.0,-0.9995649873437185,-0.9995649873437185,0.16666666666666666,-0.1665941645572864,0.0,0.00021750293672084808,0.9997824902804393,0.9997824902804393
2173,1,0,1,0.0,1.0,-0.4742362042552539,-0.4742362042552539,0.16666666666666666,-0.07903936737587565,0.0,0.2628818908867808,0.7371180951420347,0.7371180951420347
2174,7,6,1,0.8571428571428571,0.14285714285714285,0.707674034312584,0.9991530144104251,0.5833333333333334,0.4128098533490074,0.7504163638974268,0.853837023425499,0.14616298911291506,0.9958048200396264
2176,6,3,3,0.5,0.5,0.11951001493572043,0.3792568693558375,0.5454545454545454,0.06518728087402932,0.9538233175533478,0.5597550090866702,0.44024499415094986,0.9089092410290144
2178,3,2,1,0.6666666666666666,0.3333333333333333,0.5099112649157241,0.9989427463447346,0.375,0.19121672434339654,0.8474657278046478,0.7549556290639349,0.2450443641482107,0.9111749036004003
2181,1,1,0,1.0,0.0,0.9991790181019281,0.9991790181019281,0.16666666666666666,0.16652983635032134,0.0,0.9995894684808414,0.00041045037891334024,0.9995894684808414
2186,2,2,0,1.0,0.0,0.9879019892332466,0.9879019892332466,0.2857142857142857,0.282257711209499,0.012776088029298954,0.9939509894258232,0.006049000192576657,0.9939509894258232
2193,3,2,1,0.6666666666666666,0.3333333333333333,0.3177409219068302,0.9537326871219125,0.375,0.11915284571506132,1.1398954935187477,0.6588704814702274,0.3411295595633972,0.9916210649082058
2194,3,2,1,0.6666666666666666,0.3333333333333333,0.17317983844429027,0.32083792167325176,0.375,0.06494243941660885,0.9073188087092684,0.58658992232902,0.41341008388472966,0.8528937713545961
2195,1,1,0,1.0,0.0,0.9995795394522402,0.9995795394522402,0.16666666666666666,0.16659658990870668,0.0,0.99978975979787,0.00021022034562983603,0.99978975979787
2202,1,1,0,1.0,0.0,0.9920722050122937,0.9920722050122937,0.16666666666666666,0.16534536750204892,0.0,0.9960361146800398,0.003963909667746142,0.9960361146800398
2203,1,1,0,1.0,0.0,0.9969046208295929,0.9969046208295929,0.16666666666666666,0.16615077013826546,0.0,0.9984523130266854,0.0015476921970924635,0.9984523130266854
2204,2,1,1,0.5,0.5,-0.0004897885064073515,-0.0004897885064073515,0.2857142857142857,-0.00013993957325924327,1.4120589546130324,0.499755077895393,0.5002448664018003,0.999238203269628
2206,1,1,0,1.0,0.0,0.9957114875696268,0.9957114875696268,0.16666666666666666,0.1659519145949378,0.0,0.9978557027828922,0.0021442152132653885,0.9978557027828922
2208,1,1,0,1.0,0.0,0.9993240282767349,0.9993240282767349,0.16666666666666666,0.16655400471278914,0.0,0.9996620460792824,0.0003380178025475255,0.9996620460792824
2232,2,1,1,0.5,0.5,-0.0009452318494050926,-0.0009452318494050926,0.2857142857142857,-0.0002700662426871693,1.4120887636527495,0.4995273454582401,0.5004725773076452,0.9992487315910362
2243,2,2,0,1.0,0.0,0.9455864390162939,0.9455864390162939,0.2857142857142857,0.27016755400465536,0.03164142181349126,0.9727932149708213,0.027206775954527362,0.9727932149708213
2245,2,2,0,1.0,0.0,0.9988690240646689,0.9988690240646689,0.2857142857142857,0.28539114973276253,0.00016246293666831023,0.9994344970893774,0.0005654730247084889,0.9994344970893774
2247,2,2,0,1.0,0.0,0.628386307465271,0.628386307465271,0.2857142857142857,0.17953894499007741,0.4365125557925869,0.814193156980845,0.18580684951557402,0.814193156980845
2248,2,2,0,1.0,0.0,0.9795283051272239,0.9795283051272239,0.2857142857142857,0.27986523003634967,0.027855616090543673,0.9897641626310649,0.010235857503840968,0.9897641626310649
2249,2,1,1,0.5,0.5,-0.007509132735712798,-0.007509132735712798,0.2857142857142857,-0.002145466495917942,1.3986860466017499,0.4962454202807204,0.5037545530164331,0.9945101808001271
2252,1,1,0,1.0,0.0,0.9938347561367543,0.9938347561367543,0.16666666666666666,0.16563912602279238,0.0,0.9969174121427048,0.003082656005950511,0.9969174121427048
2259,1,1,0,1.0,0.0,0.8730837655962531,0.8730837655962531,0.16666666666666666,0.14551396093270885,0.0,0.9365418730335431,0.06345810743729002,0.9365418730335431
2261,2,2,0,1.0,0.0,0.9985004520393213,0.9985004520393213,0.2857142857142857,0.28528584343980606,0.0015668345655615134,0.9992502628673207,0.0007498108279994793,0.9992502628673207
2263,1,0,1,0.0,1.0,-0.9977605767788426,-0.9977605767788426,0.16666666666666666,-0.1662934294631404,0.0,0.0011197234353711527,0.9988803002142137,0.9988803002142137
2265,1,1,0,1.0,0.0,0.9934931204305681,0.9934931204305681,0.16666666666666666,0.165582186738428,0.0,0.9967465533890538,0.0032534329584856937,0.9967465533890538
2268,5,5,0,1.0,0.0,0.8707483106295317,0.9982339053573114,0.5,0.43537415531476586,0.2796427391406055,0.9353741498425467,0.06462583921301508,0.9353741498425467
2269,1,1,0,1.0,0.0,0.9674849180798781,0.9674849180798781,0.16666666666666666,0.16124748634664635,0.0,0.9837424629612973,0.01625754488141913,0.9837424629612973
2273,3,2,1,0.6666666666666666,0.3333333333333333,0.2901653015858839,0.8710874066208347,0.375,0.10881198809470646,1.1186830718354006,0.6450826513826448,0.3549173497967609,0.9782392790372602
2275,1,1,0,1.0,0.0,0.99648018181324,0.99648018181324,0.16666666666666666,0.16608003030220667,0.0,0.998240119532535,0.0017599377192948993,0.998240119532535
2278,3,2,1,0.6666666666666666,0.3333333333333333,0.32911463320420614,0.9707680948628675,0.375,0.12341798745157731,1.1347080075026517,0.6645573127144683,0.33544267951026213,0.9915711834878577
2279,4,3,1,0.75,0.25,0.4209392428005568,0.841676305784356,0.4444444444444444,0.18708410791135857,0.9574096864877073,0.7104696149057683,0.2895303721052115,0.9602542869565052
2285,2,1,1,0.5,0.5,-0.030202164628362227,-0.030202164628362227,0.2857142857142857,-0.008629189893817779,1.3635377647258253,0.4848989177046796,0.5151010823330417,0.9820833999396499
2287,2,2,0,1.0,0.0,0.9972556366116744,0.9972556366116744,0.2857142857142857,0.2849301818890498,0.001807711690049946,0.9986278015097019,0.0013721648980274997,0.9986278015097019
2288,9,7,2,0.7777777777777778,0.2222222222222222,0.6117473585735391,0.9877523306757211,0.6428571428571429,0.39326615908298945,0.7477170093328107,0.8058736862153695,0.1941263276418304,0.9558931206676091
2289,2,2,0,1.0,0.0,0.9948097659765955,0.9948097659765955,0.2857142857142857,0.2842313617075987,0.0007227381063054758,0.9974048899867474,0.0025951240101517855,0.9974048899867474
2291,4,4,0,1.0,0.0,0.9993011226813411,0.9994351518107578,0.4444444444444444,0.4441338323028182,0.00040997571984282226,0.9996505750719208,0.00034945239057968273,0.9996505750719208
2294,2,2,0,1.0,0.0,0.5406068269740385,0.5406068269740385,0.2857142857142857,0.15445909342115385,0.6492687458771825,0.7703033880047176,0.2296965610306791,0.7703033880047176
2296,2,2,0,1.0,0.0,0.9756920267288272,0.9756920267288272,0.2857142857142857,0.2787691504939506,0.0008602245782224936,0.9878460175213328,0.012153990792505669,0.9878460175213328
2297,1,1,0,1.0,0.0,0.9229739158407084,0.9229739158407084,0.16666666666666666,0.1538289859734514,0.0,0.9614869441851511,0.03851302834444268,0.9614869441851511
2300,2,2,0,1.0,0.0,0.997840284097365,0.997840284097365,0.2857142857142857,0.28509722402781856,0.0026429951274201855,0.9989201384289067,0.001079854331541659,0.9989201384289067
2302,2,2,0,1.0,0.0,0.9955016878309093,0.9955016878309093,0.2857142857142857,0.2844290536659741,0.0006681720130220892,0.9977508401986432,0.0022491523677338606,0.9977508401986432
2306,1,1,0,1.0,0.0,0.9523216653990265,0.9523216653990265,0.16666666666666666,0.15872027756650442,0.0,0.9761608559013213,0.023839190502294758,0.9761608559013213
2311,2,2,0,1.0,0.0,0.9599408441130182,0.9599408441130182,0.2857142857142857,0.27426881260371944,0.05510646714281858,0.9799704125360009,0.020029568422982834,0.9799704125360009
2312,2,2,0,1.0,0.0,0.8694456322653912,0.8694456322653912,0.2857142857142857,0.24841303779011176,0.17825495702294006,0.9347228364937139,0.06527720422832264,0.9347228364937139
2313,2,2,0,1.0,0.0,0.9779412479584189,0.9779412479584189,0.2857142857142857,0.2794117851309768,0.030226150641031596,0.9889706278318557,0.011029379873436952,0.9889706278318557
2315,2,1,1,0.5,0.5,0.004034232353396283,0.004034232353396283,0.2857142857142857,0.001152637815256081,1.4078610948676746,0.5020171214816391,0.49798288912824284,0.9977540688797659
2316,2,0,2,0.0,1.0,-0.9842344409150603,-0.9842344409150603,0.2857142857142857,-0.2812098402614458,0.01961644424794505,0.007882768141141626,0.9921172090562018,0.9921172090562018
2318,3,2,1,0.6666666666666666,0.3333333333333333,0.07554914011433822,0.2287475990526604,0.375,0.028330927542876833,1.0070876568646585,0.5377745667903979,0.46222542667605976,0.8708946577860027
2322,1,1,0,1.0,0.0,0.9996113997043633,0.9996113997043633,0.16666666666666666,0.16660189995072722,0.0,0.9998057295636433,0.00019432985928000474,0.9998057295636433
2324,2,2,0,1.0,0.0,0.9988832678636238,0.9988832678636238,0.2857142857142857,0.28539521938960677,0.0005893831021996328,0.9994416330374923,0.0005583651738685351,0.9994416330374923
2327,2,2,0,1.0,0.0,0.9333541359695858,0.9333541359695858,0.2857142857142857,0.2666726102770245,0.01141540034269298,0.9666770723836418,0.033322936414056,0.9666770723836418
2328,2,2,0,1.0,0.0,0.9987917934336006,0.9987917934336006,0.2857142857142857,0.28536908383817156,0.0006152984314128113,0.9993959154401506,0.0006041220065500328,0.9993959154401506
2329,4,2,2,0.5,0.5,0.004255107282867848,0.003854943377719411,0.4444444444444444,0.0018911587923857102,1.1437926796936841,0.5021275489396687,0.4978724416568009,0.9952753239978008
2336,2,2,0,1.0,0.0,0.9978527013078371,0.9978527013078371,0.2857142857142857,0.28510077180223914,0.0020158418598104563,0.9989263510406226,0.0010736497327855517,0.9989263510406226
2337,2,2,0,1.0,0.0,0.8920255323861721,0.8920255323861721,0.2857142857142857,0.2548644378246206,0.15221910714849185,0.9460127505908438,0.053987218204671755,0.9460127505908438
2338,2,1,1,0.5,0.5,-0.002058749416348149,-0.002058749416348149,0.2857142857142857,-0.000588214118956614,1.3896975030465106,0.4989706169551923,0.5010293663715405,0.9913322557644666
2340,4,2,2,0.5,0.5,-0.03949782894185061,-0.07193014520199575,0.4444444444444444,-0.01755459064082249,1.0579264672257545,0.48025108045782205,0.5197489093996727,0.9569841095598406
2344,2,2,0,1.0,0.0,0.9481432943816344,0.9481432943816344,0.2857142857142857,0.2708980841090384,0.07292507115149842,0.9740716390264144,0.025928344644780037,0.9740716390264144
2346,1,1,0,1.0,0.0,0.9940003876884778,0.9940003876884778,0.16666666666666666,0.16566673128141296,0.0,0.9970001807579627,0.0029997930694849063,0.9970001807579627
2349,3,2,1,0.6666666666666666,0.3333333333333333,0.3294542969744574,0.9841954065758048,0.375,0.12354536136542152,1.1475210964710925,0.6647271674618634,0.3352728704874061,0.9965800313714838
2351,1,1,0,1.0,0.0,0.9971774615755903,0.9971774615755903,0.16666666666666666,0.16619624359593171,0.0,0.9985887014523499,0.0014112398767595815,0.9985887014523499
2352,2,1,1,0.5,0.5,0.061475715760716865,0.061475715760716865,0.2857142857142857,0.017564490217347673,1.3006985452691997,0.5307378699406827,0.4692621541799658,0.9598663928799885
2353,7,6,1,0.8571428571428571,0.14285714285714285,0.7071539707598229,0.9951595375960773,0.5833333333333334,0.41250648294323006,0.7508978996367915,0.8535769733955252,0.1464230026357022,0.9957758670026361
2354,1,0,1,0.0,1.0,-0.9714624262125479,-0.9714624262125479,0.16666666666666666,-0.16191040436875798,0.0,0.014268795649210611,0.9857312218617584,0.9857312218617584
2355,4,3,1,0.75,0.25,0.5005188001008682,0.9989650641701051,0.4444444444444444,0.2224528000448303,0.9973750367448779,0.7502593905649889,0.24974059046412062,0.999145275535237
2356,1,0,1,0.0,1.0,-0.9766734824908351,-0.9766734824908351,0.16666666666666666,-0.1627789137484725,0.0,0.01166324137555168,0.9883367238663867,0.9883367238663867
2357,1,1,0,1.0,0.0,0.9972493319891285,0.9972493319891285,0.16666666666666666,0.16620822199818808,0.0,0.9986246616835365,0.0013753296944080408,0.9986246616835365
2359,2,2,0,1.0,0.0,0.9839501077558614,0.9839501077558614,0.2857142857142857,0.2811286022159604,0.003487743012874435,0.9919750463237491,0.008024938567887665,0.9919750463237491
2360,1,1,0,1.0,0.0,0.8822822798057085,0.8822822798057085,0.16666666666666666,0.14704704663428475,0.0,0.941141163345671,0.058858883539962506,0.941141163345671
2361,2,1,1,0.5,0.5,-0.371248099035111,-0.371248099035111,0.2857142857142857,-0.10607088543860314,0.841591895389092,0.3143759682990503,0.6856240673341613,0.797547685927239
2363,1,1,0,1.0,0.0,0.9986493857552475,0.9986493857552475,0.16666666666666666,0.16644156429254126,0.0,0.9993246860862098,0.0006753003309623166,0.9993246860862098
2365,2,2,0,1.0,0.0,0.7679180910114607,0.7679180910114607,0.2857142857142857,0.21940516886041733,0.300434546910708,0.8839590263435582,0.1160409353320975,0.8839590263435582
2366,4,4,0,1.0,0.0,0.9825017025392879,0.9803257398887586,0.4444444444444444,0.4366674233507946,0.01322272086084726,0.9912508546306764,0.008749152091388521,0.9912508546306764
2367,5,2,3,0.4,0.6,-0.18469386699526905,-0.9222135009959758,0.5,-0.09234693349763452,1.0655111222495777,0.4076530706995117,0.5923469376947808,0.9852212088001391
2369,2,2,0,1.0,0.0,0.997287205353766,0.997287205353766,0.2857142857142857,0.2849392015296474,0.00325259128310427,0.9986435900620424,0.0013563847082763748,0.9986435900620424
2370,1,0,1,0.0,1.0,-0.759571330650993,-0.759571330650993,0.16666666666666666,-0.1265952217751655,0.0,0.1202143378879713,0.8797856685389643,0.8797856685389643
2372,1,1,0,1.0,0.0,0.9820913515049658,0.9820913515049658,0.16666666666666666,0.1636818919174943,0.0,0.9910456669795049,0.008954315474539093,0.9910456669795049
2373,2,0,2,0.0,1.0,-0.532170935538093,-0.532170935538093,0.2857142857142857,-0.15204883872516942,0.6568654716237273,0.23391451318651002,0.766085448724603,0.766085448724603
2375,2,1,1,0.5,0.5,-0.009720146391906326,-0.009720146391906326,0.2857142857142857,-0.002777184683401807,1.3973760440235061,0.49513992143375457,0.504860067825661,0.9940470329280341
2376,7,4,3,0.5714285714285714,0.42857142857142855,0.12060731620326172,0.9070750139653683,0.5833333333333334,0.07035426778523601,1.0449769698000415,0.5603036535694239,0.43969633736616226,0.9872138594404525
2377,5,2,3,0.4,0.6,-0.10035605788080484,-0.45873321970964126,0.5,-0.05017802894040242,1.0025935938514272,0.4498219818224194,0.5501780397032243,0.9387375671682324
2378,2,1,1,0.5,0.5,0.12856689720311487,0.12856689720311487,0.2857142857142857,0.036733399200889964,1.2273618530941055,0.5642834494126512,0.4357165522095363,0.9339379454573583
2379,4,2,2,0.5,0.5,0.008818740366371342,0.009470497216306495,0.4444444444444444,0.003919440162831707,1.1424398662528576,0.5044093650255118,0.4955906246591405,0.9946907089493915
2380,2,2,0,1.0,0.0,0.9962696457081875,0.9962696457081875,0.2857142857142857,0.2846484702023393,0.003104910728281578,0.9981347997299093,0.001865154021721802,0.9981347997299093
2381,2,1,1,0.5,0.5,0.06590643048869943,0.06590643048869943,0.2857142857142857,0.01883040871105698,1.3171070220629058,0.5329532297304186,0.4670467992417191,0.965667667910619
2382,4,0,4,0.0,1.0,-0.9238443137460355,-0.9888952381242281,0.4444444444444444,-0.41059747277601577,0.1336928838092818,0.03807782591246214,0.9619221396584977,0.9619221396584977
2383,2,0,2,0.0,1.0,-0.9650715877302356,-0.9650715877302356,0.2857142857142857,-0.2757347393514959,0.0465943747839904,0.017464203116728312,0.982535790846964,0.982535790846964
2384,1,0,1,0.0,1.0,-0.7970310117544461,-0.7970310117544461,0.16666666666666666,-0.13283850195907435,0.0,0.10148449208718609,0.8985155038416323,0.8985155038416323
2387,1,1,0,1.0,0.0,0.9990400311433607,0.9990400311433607,0.16666666666666666,0.16650667185722678,0.0,0.999520026312934,0.00047999516957336,0.999520026312934
2389,1,0,1,0.0,1.0,-0.9981708301647195,-0.9981708301647195,0.16666666666666666,-0.16636180502745324,0.0,0.0009146054248207981,0.9990854355895403,0.9990854355895403
2390,1,1,0,1.0,0.0,0.9978494179186396,0.9978494179186396,0.16666666666666666,0.16630823631977326,0.0,0.9989246947603075,0.0010752768416679341,0.9989246947603075
2391,3,3,0,1.0,0.0,0.9766338988616852,0.9827947766368925,0.375,0.36623771207313194,0.021096457555489494,0.9883169441520065,0.011683045290321404,0.9883169441520065
2393,3,0,3,0.0,1.0,-0.5749629088700011,-0.42047671918515805,0.375,-0.2156110908262504,0.37105205249298895,0.21251851837154756,0.7874814272415488,0.7874814272415488
2394,2,2,0,1.0,0.0,0.9888939671292333,0.9888939671292333,0.2857142857142857,0.2825411334654952,0.012309386824391281,0.9944469852934468,0.005553018164213576,0.9944469852934468
2396,2,1,1,0.5,0.5,0.008128010219592863,0.008128010219592863,0.2857142857142857,0.0023222886341693894,1.3832118979864023,0.5040640314061848,0.49593602118659197,0.9890392827384384
2398,2,1,1,0.5,0.5,0.0187460393364674,0.0187460393364674,0.2857142857142857,0.005356011238990686,1.3780904786754955,0.5093730032587649,0.4906269639222975,0.9872285448705602
2399,2,1,1,0.5,0.5,0.0858762754360956,0.0858762754360956,0.2857142857142857,0.024536078696027315,1.2883344888777686,0.5429381371224122,0.4570618616863166,0.9554950261653519
2401,3,3,0,1.0,0.0,0.9947780091270829,0.9971281625739821,0.375,0.3730417534226561,0.004455210538314627,0.9973890013365199,0.0026109922094369096,0.9973890013365199
2402,4,2,2,0.5,0.5,0.12473336033085511,0.24981818451898255,0.4444444444444444,0.055437049035935604,0.8841525996279885,0.5623666561199928,0.43763329578913773,0.8448934898289789
2403,5,2,3,0.4,0.6,0.11056561137059143,-0.17432449969391406,0.5,0.05528280568529571,0.8642727512114232,0.5552828108651602,0.4447171994945688,0.8430527419715326
2404,2,0,2,0.0,1.0,-0.5690366478315764,-0.5690366478315764,0.2857142857142857,-0.1625818993804504,0.6078091688455327,0.21548166682759637,0.7845183146591728,0.7845183146591728
2405,1,1,0,1.0,0.0,0.998961833195161,0.998961833195161,0.16666666666666666,0.16649363886586016,0.0,0.9994809425483315,0.0005191093531705565,0.9994809425483315
2406,3,1,2,0.3333333333333333,0.6666666666666666,-0.28219613494820955,-0.7439373731613159,0.375,-0.10582355060557858,1.0235981156453167,0.35890194272375125,0.6410980776719607,0.9380754371645651
2407,2,2,0,1.0,0.0,0.9941636196703005,0.9941636196703005,0.2857142857142857,0.2840467484772287,0.0016973162609095248,0.99708179791114,0.002918178240839529,0.99708179791114
2408,1,0,1,0.0,1.0,-0.993862074944708,-0.993862074944708,0.16666666666666666,-0.16564367915745132,0.0,0.0030689587195714316,0.9969310336642795,0.9969310336642795
2409,4,4,0,1.0,0.0,0.9943632055761042,0.9965303947866678,0.4444444444444444,0.4419392024782685,0.006062694178156084,0.997181591415679,0.0028183858395747488,0.997181591415679
2410,3,2,1,0.6666666666666666,0.3333333333333333,0.3370042855325322,0.9945249428887585,0.375,0.12637660707469958,1.1393023046340933,0.6685021588178354,0.33149787328530306,0.9946850474316422
2411,3,2,1,0.6666666666666666,0.3333333333333333,0.3342368279197851,0.9976812681271916,0.375,0.1253388104699194,1.149743291951211,0.6671184157426048,0.3328815878228197,0.9982425174656487
2412,2,0,2,0.0,1.0,-0.9768554541002479,-0.9768554541002479,0.2857142857142857,-0.2791015583143565,0.022038098586894574,0.011572270606700094,0.988427724706948,0.988427724706948
2413,6,5,1,0.8333333333333334,0.16666666666666666,0.6749501871545602,0.9963303271149326,0.5454545454545454,0.368154647538851,0.784286515097325,0.837475096217406,0.16252490906284583,0.9917954854705279
2420,4,4,0,1.0,0.0,0.9770851993011569,0.9875148594936027,0.4444444444444444,0.4342600885782919,0.029740416637513905,0.9885425938281628,0.011457394527005886,0.9885425938281628
2421,3,2,1,0.6666666666666666,0.3333333333333333,0.31007806733449356,0.9526796811892663,0.375,0.11627927525043508,1.1324918370767438,0.6550390308619513,0.3449609635274577,0.9875546280418717
2422,3,0,3,0.0,1.0,-0.9893960605742277,-0.9952496164950771,0.375,-0.3710235227153354,0.01302165896468605,0.00530197041281199,0.9946980309870397,0.9946980309870397
2423,1,1,0,1.0,0.0,0.9969031916454781,0.9969031916454781,0.16666666666666666,0.166150531940913,0.0,0.9984515877657159,0.0015483961202377497,0.9984515877657159
2427,5,2,3,0.4,0.6,-0.30577084732653387,-0.995165785995165,0.5,-0.15288542366326693,0.9649161663484116,0.3471145768719861,0.65288542419852,0.9453224053930727
2428,3,1,2,0.3333333333333333,0.6666666666666666,-0.056846980503156765,-0.2680278990891493,0.375,-0.021317617688683788,0.9679418218584471,0.4715764911777441,0.5284234716809008,0.8615069257145036
2429,2,2,0,1.0,0.0,0.6168925452188627,0.6168925452188627,0.2857142857142857,0.17625501291967505,0.540159008914131,0.808446283576153,0.1915537383572903,0.808446283576153
2430,1,1,0,1.0,0.0,0.998309885206901,0.998309885206901,0.16666666666666666,0.16638498086781683,0.0,0.9991549163938982,0.0008450311869971837,0.9991549163938982
2433,1,0,1,0.0,1.0,-0.9905543470507191,-0.9905543470507191,0.16666666666666666,-0.16509239117511984,0.0,0.004722838613445392,0.9952771856641645,0.9952771856641645
2436,1,1,0,1.0,0.0,0.9900083636258704,0.9900083636258704,0.16666666666666666,0.16500139393764507,0.0,0.9950041784918553,0.004995814865984874,0.9950041784918553
2439,2,2,0,1.0,0.0,0.9424926529786526,0.9424926529786526,0.2857142857142857,0.26928361513675786,0.035551328994219075,0.9712463157197349,0.028753662741082348,0.9712463157197349
2442,1,1,0,1.0,0.0,0.9952453947185878,0.9952453947185878,0.16666666666666666,0.16587423245309796,0.0,0.9976226654811878,0.0023772707626001158,0.9976226654811878
2448,1,0,1,0.0,1.0,-0.9867049252808984,-0.9867049252808984,0.16666666666666666,-0.16445082088014973,0.0,0.006647526328243426,0.9933524516091418,0.9933524516091418
2450,2,0,2,0.0,1.0,-0.9668647999317516,-0.9668647999317516,0.2857142857142857,-0.2762470856947861,0.03513717982148863,0.016567589869731298,0.9834323898014828,0.9834323898014828
2451,1,1,0,1.0,0.0,0.9992726050405459,0.9992726050405459,0.16666666666666666,0.16654543417342432,0.0,0.999636317145895,0.0003637121053489708,0.999636317145895
2454,2,2,0,1.0,0.0,0.9865223355920426,0.9865223355920426,0.2857142857142857,0.2818635244548693,0.00445078118273318,0.9932612019173094,0.006738866325266783,0.9932612019173094
2455,5,3,2,0.6,0.4,0.23101819637786242,0.9923402158013226,0.5,0.11550909818893121,1.0491317799984814,0.6155090982942231,0.3844909019163607,0.9823575464301004
2457,1,1,0,1.0,0.0,0.7158515351643495,0.7158515351643495,0.16666666666666666,0.11930858919405825,0.0,0.8579257766217417,0.14207424145739225,0.8579257766217417
2459,3,1,2,0.3333333333333333,0.6666666666666666,-0.08242741358836751,-0.2477833752064978,0.375,-0.030910280095637815,1.0095621370787884,0.4587863048367748,0.5412137184251423,0.874415298498472
2467,5,4,1,0.8,0.2,0.5810100751411611,0.9878669244574276,0.5,0.29050503757058055,0.8725429416272188,0.7905050352340198,0.20949496009285878,0.9861235138356488
2468,1,0,1,0.0,1.0,-0.884866539388895,-0.884866539388895,0.16666666666666666,-0.14747775656481582,0.0,0.05756675824522972,0.9424332976341248,0.9424332976341248
2470,3,3,0,1.0,0.0,0.9903748303896579,0.9979222127831125,0.375,0.3713905613961217,0.014531852565079082,0.9951874215719939,0.004812591182336055,0.9951874215719939
2471,4,3,1,0.75,0.25,0.5693736545060702,0.991642152015247,0.4444444444444444,0.2530549575582534,0.8476373774409992,0.7846868274924285,0.2153131729863583,0.9602063236948974
2473,1,1,0,1.0,0.0,0.8992348713289664,0.8992348713289664,0.16666666666666666,0.14987247855482771,0.0,0.949617470524641,0.05038259919567457,0.949617470524641
2474,1,1,0,1.0,0.0,0.997243677109395,0.997243677109395,0.16666666666666666,0.1662072795182325,0.0,0.9986218400830217,0.0013781629736267264,0.9986218400830217
2476,4,3,1,0.75,0.25,0.4984622079509623,0.9948955338483865,0.4444444444444444,0.22153875908931656,0.9958872121909191,0.7492310772519861,0.2507688693010238,0.9980719557399117
2478,3,1,2,0.3333333333333333,0.6666666666666666,-0.06136732235801005,-0.20087564292074245,0.375,-0.02301274588425377,0.9986296193723091,0.4693163421145597,0.5306836644725698,0.8639106766268446
2488,2,2,0,1.0,0.0,0.9854839557413665,0.9854839557413665,0.2857142857142857,0.2815668444975333,0.0020949409311809926,0.992741988149751,0.007258032408384537,0.992741988149751
2490,3,3,0,1.0,0.0,0.6969512829970747,0.9910598997528671,0.375,0.261356731123903,0.5153310201946258,0.8484756334931115,0.15152435049603685,0.8484756334931115
2495,1,1,0,1.0,0.0,0.9984125498463126,0.9984125498463126,0.16666666666666666,0.16640209164105207,0.0,0.9992062736960018,0.0007937238496892592,0.9992062736960018
2496,4,3,1,0.75,0.25,0.5063200677584246,0.9996770906156464,0.4444444444444444,0.22503114122596649,0.9867551520035218,0.7531600157973581,0.24683994803893344,0.9966131806927336
2497,1,1,0,1.0,0.0,0.738297014256195,0.738297014256195,0.16666666666666666,0.12304950237603249,0.0,0.8691485229239454,0.1308515086677504,0.8691485229239454
2498,1,0,1,0.0,1.0,-0.998416452577301,-0.998416452577301,0.16666666666666666,-0.16640274209621683,0.0,0.0007917858124558443,0.9992082383897569,0.9992082383897569
2500,1,0,1,0.0,1.0,-0.9685919570426146,-0.9685919570426146,0.16666666666666666,-0.16143199284043575,0.0,0.015704046934843063,0.9842960039774576,0.9842960039774576
2501,1,1,0,1.0,0.0,0.9992731046691841,0.9992731046691841,0.16666666666666666,0.166545517444864,0.0,0.9996365138462612,0.00036340917707705986,0.9996365138462612
2502,3,3,0,1.0,0.0,0.9984612638648033,0.9993588701323715,0.375,0.37442297394930124,0.0019188234062728173,0.9992306455625717,0.00076938169776839,0.9992306455625717
2505,4,3,1,0.75,0.25,0.49723276648274806,0.9784603289369089,0.4444444444444444,0.22099234065899911,0.9767054374018929,0.7486163897731464,0.25138362329039826,0.9905368987905772
2511,3,3,0,1.0,0.0,0.9787768457650069,0.9977168400966844,0.375,0.3670413171618776,0.03440818725873035,0.9893884354131551,0.010611589648148232,0.9893884354131551
2513,5,4,1,0.8,0.2,0.5911849211727617,0.9952816193195884,0.5,0.29559246058638083,0.8893916614168206,0.7955924703198824,0.2044075491471208,0.995508246822534
2514,1,0,1,0.0,1.0,-0.9991259136670874,-0.9991259136670874,0.16666666666666666,-0.16652098561118123,0.0,0.00043705597747373216,0.999562969644561,0.999562969644561
2517,5,5,0,1.0,0.0,0.995650276913168,0.9970408145300559,0.5,0.497825138456584,0.0027780021584222505,0.9978251529077745,0.0021748759946065665,0.9978251529077745
2520,1,0,1,0.0,1.0,-0.598483454230373,-0.598483454230373,0.16666666666666666,-0.09974724237172883,0.0,0.20075824948176285,0.7992417037121358,0.7992417037121358
2524,2,1,1,0.5,0.5,0.005243764891152358,0.005243764891152358,0.2857142857142857,0.001498218540329245,1.4020589253282512,0.5026219043338543,0.49737813944270204,0.9957027087496431
2525,5,5,0,1.0,0.0,0.8446049563627387,0.9969604462385178,0.5,0.42230247818136935,0.3310458547644117,0.9223024845653619,0.07769752820262318,0.9223024845653619
2527,1,1,0,1.0,0.0,0.9737093400201733,0.9737093400201733,0.16666666666666666,0.16228489000336221,0.0,0.986854639333204,0.013145299313030717,0.986854639333204
2528,1,1,0,1.0,0.0,0.789994278999224,0.789994278999224,0.16666666666666666,0.13166571316653733,0.0,0.8949971656276755,0.10500288662845142,0.8949971656276755
2529,7,7,0,1.0,0.0,0.8846807965449298,0.9890623509590262,0.5833333333333334,0.5160637979845424,0.2785638955489176,0.9423403957540827,0.05765959920915278,0.9423403957540827
2530,5,3,2,0.6,0.4,0.032090361850177884,0.15667903814728024,0.5,0.016045180925088942,0.9953460267548297,0.516045174448969,0.48395481259879125,0.9128258388971435
2531,5,3,2,0.6,0.4,0.2142913750074255,0.9783793009110611,0.5,0.10714568750371276,1.0610033022743226,0.6071456851123022,0.3928543101048766,0.9860725457661633
2532,4,1,3,0.25,0.75,-0.3661110690286433,-0.733555370632077,0.4444444444444444,-0.16271603067939702,0.9266109974955228,0.3169444535276262,0.6830555225562694,0.9316799277529486
2533,4,3,1,0.75,0.25,0.49319060705720663,0.9858865813886721,0.4444444444444444,0.21919582535875848,0.9942635971180381,0.7465953035690909,0.2534046965118843,0.996138843216636
2541,1,1,0,1.0,0.0,0.9988916680837671,0.9988916680837671,0.16666666666666666,0.16648194468062782,0.0,0.9994458357493082,0.000554167665541172,0.9994458357493082
2542,4,3,1,0.75,0.25,0.5025800601014481,0.9993372688671921,0.4444444444444444,0.22336891560064356,0.99380198031785,0.7512900153451632,0.2487099552437151,0.9983207152573352
2548,1,0,1,0.0,1.0,-0.962219936419756,-0.962219936419756,0.16666666666666666,-0.16036998940329267,0.0,0.01889007397187062,0.9811100103916266,0.9811100103916266
2549,1,0,1,0.0,1.0,-0.9691089669477592,-0.9691089669477592,0.16666666666666666,-0.16151816115795986,0.0,0.01544550900320405,0.9845544759509632,0.9845544759509632
2550,4,2,2,0.5,0.5,-0.05250900796939384,-0.103762788525296,0.4444444444444444,-0.02333733687528615,0.8277513587664772,0.47374551121816305,0.5262545191875568,0.7992817321542252
2551,3,3,0,1.0,0.0,0.9484128622297315,0.9726018657286962,0.375,0.35565482333614934,0.06551964697783962,0.9742064175209743,0.025793555291242748,0.9742064175209743
2553,1,1,0,1.0,0.0,0.9996317851340822,0.9996317851340822,0.16666666666666666,0.16660529752234704,0.0,0.9998158906635485,0.0001841055294662191,0.9998158906635485
2554,1,1,0,1.0,0.0,0.9876013216954884,0.9876013216954884,0.16666666666666666,0.1646002202825814,0.0,0.9938006837726076,0.0061993620771191495,0.9938006837726076
2558,1,1,0,1.0,0.0,0.989006760272574,0.989006760272574,0.16666666666666666,0.16483446004542898,0.0,0.9945033458953209,0.005496585622746894,0.9945033458953209
2561,1,1,0,1.0,0.0,0.9988283613874089,0.9988283613874089,0.16666666666666666,0.16647139356456814,0.0,0.9994141714913505,0.0005858101039415314,0.9994141714913505
2571,9,9,0,1.0,0.0,0.9938178231129348,0.9978411767880122,0.6428571428571429,0.6388828862868867,0.008366912110314198,0.9969089190141582,0.003091095901223445,0.9969089190141582
2572,4,3,1,0.75,0.25,0.6683685582973548,0.9950958184515928,0.4444444444444444,0.2970526925766021,0.6564062791294812,0.8341842904988067,0.16581573220145196,0.9132398163537674
2574,1,1,0,1.0,0.0,0.9451970181433983,0.9451970181433983,0.16666666666666666,0.15753283635723303,0.0,0.9725985059551164,0.02740148781171811,0.9725985059551164
2579,2,2,0,1.0,0.0,0.9976332447431224,0.9976332447431224,0.2857142857142857,0.2850380699266064,0.002654595568790243,0.9988166314596892,0.0011833867165668267,0.9988166314596892
2581,2,2,0,1.0,0.0,0.9123566549743269,0.9123566549743269,0.2857142857142857,0.26067332999266485,0.12201103709327225,0.956178330226656,0.04382167525232901,0.956178330226656
2587,1,1,0,1.0,0.0,0.7570303245024247,0.7570303245024247,0.16666666666666666,0.12617172075040411,0.0,0.8785151568326083,0.12148483233018355,0.8785151568326083
2594,1,1,0,1.0,0.0,0.9986280966673465,0.9986280966673465,0.16666666666666666,0.1664380161112244,0.0,0.9993140618532699,0.0006859651859232921,0.9993140618532699
2596,1,1,0,1.0,0.0,0.9993543328657266,0.9993543328657266,0.16666666666666666,0.1665590554776211,0.0,0.9996771658620527,0.00032283299632610815,0.9996771658620527
2598,1,1,0,1.0,0.0,0.9987215339927605,0.9987215339927605,0.16666666666666666,0.16645358899879342,0.0,0.99936074270329,0.0006392087105294348,0.99936074270329
2599,4,4,0,1.0,0.0,0.7918504839624234,0.9762649760764475,0.4444444444444444,0.3519335484277437,0.3845185160514815,0.8959252361749418,0.10407475221251843,0.8959252361749418
2600,2,1,1,0.5,0.5,-0.06614574180702615,-0.06614574180702615,0.2857142857142857,-0.01889878337343604,1.319802399026766,0.4669271297944143,0.5330728716014405,0.9666206137869773
2605,3,3,0,1.0,0.0,0.8332269888509477,0.8890573544935747,0.375,0.3124601208191054,0.1994434268607982,0.9166134792640204,0.08338649041307265,0.9166134792640204
2606,1,0,1,0.0,1.0,-0.3218983204291542,-0.3218983204291542,0.16666666666666666,-0.0536497200715257,0.0,0.3390508658243121,0.6609491862534663,0.6609491862534663
2612,2,2,0,1.0,0.0,0.9974647115675872,0.9974647115675872,0.2857142857142857,0.28498991759073916,0.0026427457261233482,0.9987323693245473,0.001267657756960217,0.9987323693245473
2616,5,4,1,0.8,0.2,0.43317134097399385,0.9856020581154595,0.5,0.21658567048699692,0.8732090182620452,0.7165856670533837,0.28341432607938993,0.9159978896063276
2617,7,7,0,1.0,0.0,0.9990992766856515,0.9990835213619801,0.5833333333333334,0.5828079113999634,0.0006307352458028944,0.9995496468641212,0.00045037017846970246,0.9995496468641212
2622,1,0,1,0.0,1.0,-0.7642146393613788,-0.7642146393613788,0.16666666666666666,-0.1273691065602298,0.0,0.11789270230603836,0.8821073416674171,0.8821073416674171
2624,1,1,0,1.0,0.0,0.997784654609859,0.997784654609859,0.16666666666666666,0.1662974424349765,0.0,0.9988923439612756,0.001107689351416551,0.9988923439612756
2628,9,5,4,0.5555555555555556,0.4444444444444444,0.08569258426529822,0.4010917291408632,0.6428571428571429,0.055088089884834573,0.8862913696574886,0.5428462916212901,0.45715370735599176,0.9064237083346457
2633,3,3,0,1.0,0.0,0.7581186334709966,0.984355773083419,0.375,0.28429448755162373,0.4036552258780738,0.8790593155474057,0.12094068207640901,0.8790593155474057
2639,1,1,0,1.0,0.0,0.9849587890976353,0.9849587890976353,0.16666666666666666,0.16415979818293921,0.0,0.9924793765419407,0.00752058744430542,0.9924793765419407
2640,5,5,0,1.0,0.0,0.9964461934089488,0.9954115166301616,0.5,0.4982230967044744,0.002395130707042839,0.9982230838603476,0.0017768904513988117,0.9982230838603476
2641,5,4,1,0.8,0.2,0.6542197710948667,0.9990584131123291,0.5,0.32710988554743337,0.7701981163190018,0.827109871447251,0.17289010035238425,0.971820211352459
2642,5,3,2,0.6,0.4,0.20812704527869422,0.9959031234712579,0.5,0.10406352263934711,1.081707799226732,0.6040635318050741,0.39593648652638,0.9947928958315686
2643,5,1,4,0.2,0.8,-0.5856587462521,-0.9553300021445915,0.5,-0.29282937312605,0.8749398939818234,0.2071706238408911,0.7928293700929911,0.9886281578629618
2644,5,5,0,1.0,0.0,0.9943001746753499,0.9994933144344638,0.5,0.49715008733767496,0.010825375359019363,0.9971500784560826,0.0028499037807327133,0.9971500784560826
2648,6,6,0,1.0,0.0,0.9857576040865816,0.9893134505661196,0.5454545454545454,0.5376859658654082,0.012802404846610852,0.9928787985805151,0.007121194493933431,0.9928787985805151
2657,4,2,2,0.5,0.5,-0.012729347523866091,-0.025638235123195074,0.4444444444444444,-0.0056574877883849295,1.138732351023766,0.49363534582281166,0.5063646933466777,0.9929971706762084
2660,2,2,0,1.0,0.0,0.9549521440969972,0.9549521440969972,0.2857142857142857,0.2728434697419992,0.05892761781584981,0.9774760687223045,0.022523924625307265,0.9774760687223045
2662,4,3,1,0.75,0.25,0.5425391710525025,0.9920947325070167,0.4444444444444444,0.24112852046777888,0.9020696433975632,0.7712695649858862,0.22873039393338376,0.9739094732820949
2664,1,1,0,1.0,0.0,0.999450805131346,0.999450805131346,0.16666666666666666,0.16657513418855766,0.0,0.9997254014015198,0.00027459627017378807,0.9997254014015198
2668,3,1,2,0.3333333333333333,0.6666666666666666,-0.016679024799671576,-0.08277880627176037,0.375,-0.006254634299876841,0.9827957367393899,0.4916604927034347,0.5083395175031064,0.8408388714121312
2670,1,1,0,1.0,0.0,0.9993080575408978,0.9993080575408978,0.16666666666666666,0.16655134292348295,0.0,0.9996540158293968,0.0003459582884990892,0.9996540158293968
2671,1,1,0,1.0,0.0,0.9997861944259174,0.9997861944259174,0.16666666666666666,0.16663103240431956,0.0,0.999893090032762,0.00010689560684465593,0.999893090032762
2672,4,4,0,1.0,0.0,0.9179869118312962,0.9726073717442798,0.4444444444444444,0.4079941830361316,0.12863813322147308,0.9589934474753643,0.04100653564406816,0.9589934474753643
2676,1,1,0,1.0,0.0,0.9722023834220009,0.9722023834220009,0.16666666666666666,0.1620337305703335,0.0,0.9861011653972442,0.01389878197524327,0.9861011653972442
2682,1,1,0,1.0,0.0,0.9819548585032689,0.9819548585032689,0.16666666666666666,0.16365914308387813,0.0,0.9909773964918297,0.0090225379885608,0.9909773964918297
2683,3,0,3,0.0,1.0,-0.8807294002958835,-0.9928866954463901,0.375,-0.3302735251109563,0.19652343909740594,0.05963527747334583,0.9403646777692293,0.9403646777692293
2686,2,2,0,1.0,0.0,0.9914528430206702,0.9914528430206702,0.2857142857142857,0.2832722408630486,0.011178376921659313,0.9957264264424641,0.004273583421794076,0.9957264264424641
2687,4,3,1,0.75,0.25,0.3088237678928898,0.6140968610718994,0.4444444444444444,0.13725500795239545,0.9401983590401864,0.6544118824226715,0.34558811452978166,0.9025301939200469
2688,1,1,0,1.0,0.0,0.9983457766911562,0.9983457766911562,0.16666666666666666,0.16639096278185936,0.0,0.9991728838752297,0.0008271071840735043,0.9991728838752297
2690,1,1,0,1.0,0.0,0.9708805726124691,0.9708805726124691,0.16666666666666666,0.16181342876874483,0.0,0.9854403112688636,0.014559738656394502,0.9854403112688636
2692,3,2,1,0.6666666666666666,0.3333333333333333,0.26181197502892783,0.7922930036272322,0.375,0.09817949063584794,1.0962224009537165,0.6309060032638539,0.369094028234926,0.9638195136297735
2694,3,3,0,1.0,0.0,0.9947955238923313,0.9955792953073979,0.375,0.37304832145962424,0.005401529898723372,0.9973977319940831,0.002602208101751815,0.9973977319940831
2699,2,2,0,1.0,0.0,0.9720412875794463,0.9720412875794463,0.2857142857142857,0.27772608216555605,0.037051714298260166,0.9860206740002495,0.013979386420803305,0.9860206740002495
2700,1,0,1,0.0,1.0,-0.8929398017270225,-0.8929398017270225,0.16666666666666666,-0.14882330028783708,0.0,0.0535301182951246,0.946469920022147,0.946469920022147
2701,4,3,1,0.75,0.25,0.3483547338915929,0.6876332564675799,0.4444444444444444,0.15482432617404127,0.9213929928274643,0.6741773764050094,0.3258226425134165,0.9187846213561626
2702,1,1,0,1.0,0.0,0.9069343573151372,0.9069343573151372,0.16666666666666666,0.15115572621918952,0.0,0.953467177642204,0.04653282032706681,0.953467177642204
2706,3,2,1,0.6666666666666666,0.3333333333333333,0.3415403123637905,0.9983198312185113,0.375,0.12807761713642143,1.1387561383036557,0.6707701548741216,0.3292298425103311,0.9952307475832112
2707,1,0,1,0.0,1.0,-0.80888923283281,-0.80888923283281,0.16666666666666666,-0.13481487213880167,0.0,0.09555542880091174,0.9044446616337217,0.9044446616337217
2710,1,0,1,0.0,1.0,-0.8795176942144807,-0.8795176942144807,0.16666666666666666,-0.1465862823690801,0.0,0.0602411433080932,0.9397588375225738,0.9397588375225738
2712,3,3,0,1.0,0.0,0.6159936167007584,0.7889203295182954,0.375,0.23099760626278437,0.486296162213159,0.8079967983482946,0.19200318164753627,0.8079967983482946
2713,8,6,2,0.75,0.25,0.4570701362709909,0.9960312916896009,0.6153846153846154,0.2812739300129175,0.8948688212112158,0.7285350637054078,0.2714649274344168,0.9729269609712818
2716,4,3,1,0.75,0.25,0.48268304617629176,0.8939909339381316,0.4444444444444444,0.2145257983005741,0.896508382524603,0.741341512381627,0.2586584662053352,0.9550616315747196
2717,5,3,2,0.6,0.4,0.200369610208746,0.992501742961043,0.5,0.100184805104373,1.0909360653977223,0.6001848001775969,0.3998151899688508,0.9980591599541915
2719,1,0,1,0.0,1.0,-0.9917411076671937,-0.9917411076671937,0.16666666666666666,-0.16529018461119893,0.0,0.0041294451437744436,0.9958705528109681,0.9958705528109681
2720,2,1,1,0.5,0.5,0.015518346452397302,0.015518346452397302,0.2857142857142857,0.004433813272113515,1.3051031162713869,0.5077591779755728,0.49224083152317544,0.9614236365809705
2722,6,4,2,0.6666666666666666,0.3333333333333333,0.40538343778700386,0.9928733705971391,0.5454545454545454,0.22111823879291118,0.9251193081002062,0.7026917026682851,0.2973082648812812,0.9613099133033641
2723,1,0,1,0.0,1.0,-0.9868055661519368,-0.9868055661519368,0.16666666666666666,-0.16446759435865613,0.0,0.006597211625840929,0.9934027777777777,0.9934027777777777
2724,1,0,1,0.0,1.0,-0.49790061117123036,-0.49790061117123036,0.16666666666666666,-0.08298343519520505,0.0,0.25104967849569365,0.748950289666924,0.748950289666924
2726,2,2,0,1.0,0.0,0.7181889867522027,0.7181889867522027,0.2857142857142857,0.20519685335777219,0.3778719333293285,0.859094490203318,0.14090550345111527,0.859094490203318
2728,3,2,1,0.6666666666666666,0.3333333333333333,0.6631356068710933,0.9991802925438579,0.375,0.24867585257665997,0.5825086655041789,0.8315678028130105,0.16843219594191708,0.8347302668923201
2729,1,1,0,1.0,0.0,0.9584508738652228,0.9584508738652228,0.16666666666666666,0.15974181231087045,0.0,0.9792254069363476,0.02077453307112489,0.9792254069363476
2730,2,1,1,0.5,0.5,0.10567392851149532,0.10567392851149532,0.2857142857142857,0.030192551003284374,1.234827986607823,0.5528369615268602,0.447163033015365,0.936577618735774
2731,1,1,0,1.0,0.0,0.9858534890900618,0.9858534890900618,0.16666666666666666,0.16430891484834362,0.0,0.9929267355481034,0.0070732464580415925,0.9929267355481034
2732,1,1,0,1.0,0.0,0.9989113829290593,0.9989113829290593,0.16666666666666666,0.16648523048817654,0.0,0.9994556922039003,0.0005443092748409009,0.9994556922039003
2734,1,1,0,1.0,0.0,0.9769276410491023,0.9769276410491023,0.16666666666666666,0.1628212735081837,0.0,0.9884638187274262,0.011536177678323871,0.9884638187274262
2735,1,1,0,1.0,0.0,0.9931612778804993,0.9931612778804993,0.16666666666666666,0.1655268796467499,0.0,0.9965806296075809,0.00341935172708149,0.9965806296075809
2736,1,1,0,1.0,0.0,0.9977528084249117,0.9977528084249117,0.16666666666666666,0.16629213473748528,0.0,0.9988764157085299,0.0011236072836182153,0.9988764157085299
2739,2,1,1,0.5,0.5,0.14160761130274874,0.14160761130274874,0.2857142857142857,0.040459317515071064,1.2079339604919745,0.5708037939705155,0.42919618266776677,0.9270691356638403
2746,2,0,2,0.0,1.0,-0.6830890848214981,-0.6830890848214981,0.2857142857142857,-0.19516830994899945,0.34320957095633065,0.15845547681828354,0.8415445616397816,0.8415445616397816
2747,2,2,0,1.0,0.0,0.9961456073857392,0.9961456073857392,0.2857142857142857,0.28461303068163973,4.1462655631945085e-06,0.9980728086794808,0.0019272012937416236,0.9980728086794808
2748,3,0,3,0.0,1.0,-0.7315415731767931,-0.8675963944655198,0.375,-0.2743280899412974,0.3556286377671206,0.13422921711564115,0.8657707902924342,0.8657707902924342
2750,2,2,0,1.0,0.0,0.9857259613975361,0.9857259613975361,0.2857142857142857,0.28163598897072456,0.019522804996392633,0.992862942778034,0.007136981380497846,0.992862942778034
2761,2,2,0,1.0,0.0,0.9960365503810342,0.9960365503810342,0.2857142857142857,0.28458187153743836,0.004817754045578256,0.9980182806122739,0.0019817302312396656,0.9980182806122739
2762,6,6,0,1.0,0.0,0.998257057132694,0.9985980950248868,0.5454545454545454,0.5445038493451058,0.0016419071340888713,0.9991285232103096,0.0008714660776156461,0.9991285232103096
2763,2,1,1,0.5,0.5,0.0022048414863455323,0.0022048414863455323,0.2857142857142857,0.0006299547103844378,1.4107431143219962,0.5011024151762835,0.49889757368993803,0.998773005757767
2764,2,1,1,0.5,0.5,0.0039837514398020635,0.0039837514398020635,0.2857142857142857,0.0011382146970863039,1.407958093251673,0.5019919019324629,0.49800815049266084,0.9977883838949316
2771,1,0,1,0.0,1.0,-0.6273385849183755,-0.6273385849183755,0.16666666666666666,-0.10455643081972923,0.0,0.18633068906770203,0.8136692739860775,0.8136692739860775
2772,1,0,1,0.0,1.0,-0.9947958319573789,-0.9947958319573789,0.16666666666666666,-0.1657993053262298,0.0,0.002602090867790016,0.9973979228251689,0.9973979228251689
2779,1,0,1,0.0,1.0,-0.995922960237783,-0.995922960237783,0.16666666666666666,-0.1659871600396305,0.0,0.0020385331724489166,0.997961493410232,0.997961493410232
2788,1,1,0,1.0,0.0,0.865667806544774,0.865667806544774,0.16666666666666666,0.14427796775746232,0.0,0.9328339267784441,0.06716612023367009,0.9328339267784441
2789,3,2,1,0.6666666666666666,0.3333333333333333,0.33967247855255983,0.9986314950119548,0.375,0.12737717945720994,1.1415119078451332,0.6698362385061601,0.33016375995360026,0.9959802157095986
2791,4,3,1,0.75,0.25,0.42553086694959397,0.7622840365709043,0.4444444444444444,0.1891248297553751,0.859841240364467,0.7127654300866493,0.2872345631370553,0.9180885031291902
2792,2,0,2,0.0,1.0,-0.9874568691424064,-0.9874568691424064,0.2857142857142857,-0.2821305340406875,0.006672840812674027,0.006271580788990934,0.9937284499313972,0.9937284499313972
2793,2,1,1,0.5,0.5,-0.03386114991477013,-0.03386114991477013,0.2857142857142857,-0.009674614261362893,1.36521172431552,0.48306942430946526,0.5169305742242354,0.9826752332762921
2794,1,1,0,1.0,0.0,0.9702728449643313,0.9702728449643313,0.16666666666666666,0.16171214082738855,0.0,0.9851363744491186,0.014863529484787266,0.9851363744491186
2795,1,1,0,1.0,0.0,0.9679788150285419,0.9679788150285419,0.16666666666666666,0.16132980250475698,0.0,0.9839894344932154,0.016010619464673494,0.9839894344932154
2797,2,2,0,1.0,0.0,0.9977571423991297,0.9977571423991297,0.2857142857142857,0.2850734692568942,0.002726450552921265,0.9988785433792218,0.0011214009800920462,0.9988785433792218
2801,1,0,1,0.0,1.0,-0.9858862263987763,-0.9858862263987763,0.16666666666666666,-0.1643143710664627,0.0,0.007056891918182373,0.9929431183169587,0.9929431183169587
2802,1,0,1,0.0,1.0,-0.9990825759513038,-0.9990825759513038,0.16666666666666666,-0.1665137626585506,0.0,0.00045874255492274924,0.9995413185062265,0.9995413185062265
2803,1,1,0,1.0,0.0,0.8559648934311754,0.8559648934311754,0.16666666666666666,0.14266081557186255,0.0,0.9279824204332247,0.07201752700204925,0.9279824204332247
2804,2,2,0,1.0,0.0,0.9845158059094599,0.9845158059094599,0.2857142857142857,0.2812902302598457,0.01447011192135026,0.9922579050910989,0.00774209918163902,0.9922579050910989
2806,1,0,1,0.0,1.0,-0.9994400605257299,-0.9994400605257299,0.16666666666666666,-0.16657334342095498,0.0,0.00027998880827212117,0.9997200493340019,0.9997200493340019
2807,1,0,1,0.0,1.0,-0.6946378415518434,-0.6946378415518434,0.16666666666666666,-0.11577297359197389,0.0,0.15268104441844635,0.8473188859702897,0.8473188859702897
2808,2,2,0,1.0,0.0,0.9928326165764638,0.9928326165764638,0.2857142857142857,0.28366646187898964,0.0024805704833039365,0.9964162930403606,0.0035836764638966854,0.9964162930403606
2810,5,5,0,1.0,0.0,0.7898612314477015,0.9933496930890242,0.5,0.39493061572385074,0.38269445800994806,0.8949306231695859,0.10506939172188448,0.8949306231695859
2815,1,1,0,1.0,0.0,0.98675289260198,0.98675289260198,0.16666666666666666,0.1644588154336633,0.0,0.9933764313998288,0.006623538797848845,0.9933764313998288
2819,3,2,1,0.6666666666666666,0.3333333333333333,0.34316651572285756,0.9995296462611468,0.375,0.12868744339607158,1.1370248333878388,0.6715832650747963,0.3284167493519387,0.9948354872808154
2822,1,1,0,1.0,0.0,0.1277833295291697,0.1277833295291697,0.16666666666666666,0.02129722158819495,0.0,0.5638916647645849,0.43610833523541515,0.5638916647645849
2826,3,3,0,1.0,0.0,0.9215075681357819,0.9883965832667714,0.375,0.3455653380509182,0.1188275420677167,0.9607537742536539,0.03924620611787197,0.9607537742536539
2828,1,0,1,0.0,1.0,-0.9958551725423014,-0.9958551725423014,0.16666666666666666,-0.16597586209038356,0.0,0.002072415843203261,0.9979275883855047,0.9979275883855047
2829,1,0,1,0.0,1.0,-0.9896284601267646,-0.9896284601267646,0.16666666666666666,-0.1649380766877941,0.0,0.00518579553155338,0.994814255658318,0.994814255658318
2840,1,1,0,1.0,0.0,0.9955916757043074,0.9955916757043074,0.16666666666666666,0.1659319459507179,0.0,0.997795815409919,0.0022041397056116268,0.997795815409919
2841,1,1,0,1.0,0.0,0.9885353632145859,0.9885353632145859,0.16666666666666666,0.16475589386909764,0.0,0.9942677045109296,0.005732341296343691,0.9942677045109296
2858,3,3,0,1.0,0.0,0.9806427607854887,0.9921381884354811,0.375,0.36774103529455826,0.026471070066787554,0.9903213672355523,0.009678606450063515,0.9903213672355523
2859,3,2,1,0.6666666666666666,0.3333333333333333,0.33789498647104876,0.9992482930308942,0.375,0.1267106199266433,1.1458040132825589,0.6689474775482833,0.3310524910772345,0.9973359804708881
2862,4,1,3,0.25,0.75,-0.4658178776636298,-0.9288184628687527,0.4444444444444444,-0.20703016785050213,0.9743736093035033,0.2670910328045339,0.7329089104681636,0.9810551826755649
2863,1,1,0,1.0,0.0,0.9957527945526934,0.9957527945526934,0.16666666666666666,0.16595879909211556,0.0,0.9978763951664478,0.0021236006137544073,0.9978763951664478
2866,1,1,0,1.0,0.0,0.991601106019048,0.991601106019048,0.16666666666666666,0.16526685100317468,0.0,0.9958005313984832,0.004199425379435222,0.9958005313984832
2867,2,1,1,0.5,0.5,0.29161577366534874,0.29161577366534874,0.2857142857142857,0.08331879247581392,0.9863351537588525,0.6458078768427513,0.3541921031774026,0.8487221278828573
2871,5,3,2,0.6,0.4,0.2272260165335549,0.9692896582597603,0.5,0.11361300826677745,1.0429125941657538,0.6136130121394718,0.386386995605917,0.9794251566455496
2872,3,3,0,1.0,0.0,0.8961342845666529,0.9822472933176402,0.375,0.33605035671249484,0.16454650424635928,0.9480671437781742,0.0519328592115213,0.9480671437781742
2875,1,1,0,1.0,0.0,0.9989463719262924,0.9989463719262924,0.16666666666666666,0.1664910619877154,0.0,0.9994731885657463,0.0005268166394538531,0.9994731885657463
2877,1,0,1,0.0,1.0,-0.5759881721647675,-0.5759881721647675,0.16666666666666666,-0.09599802869412791,0.0,0.21200592666102835,0.7879940988257959,0.7879940988257959
2881,3,2,1,0.6666666666666666,0.3333333333333333,0.3193194166246829,0.9608109345596828,0.375,0.11974478123425608,1.1388143089696887,0.659659736589311,0.34034031996462805,0.9915068291437357
2890,2,2,0,1.0,0.0,0.9995689175438249,0.9995689175438249,0.2857142857142857,0.28559111929823566,0.0002727618937431725,0.9997844663524058,0.0002155488085808377,0.9997844663524058
2898,1,0,1,0.0,1.0,-0.9740353905237638,-0.9740353905237638,0.16666666666666666,-0.16233923175396062,0.0,0.012982314366560716,0.9870177048903245,0.9870177048903245
2901,2,1,1,0.5,0.5,0.22382764380402592,0.22382764380402592,0.2857142857142857,0.06395075537257883,1.023903262024385,0.611913830410918,0.3880861866068921,0.8620044784371396
2902,3,3,0,1.0,0.0,0.9921942974821603,0.9991437579991885,0.375,0.3720728615558101,0.012511468302069168,0.9960971671105739,0.003902869628413691,0.9960971671105739
2903,1,1,0,1.0,0.0,0.9965961230339977,0.9965961230339977,0.16666666666666666,0.1660993538389996,0.0,0.9982980846685204,0.0017019616345227775,0.9982980846685204
2905,1,1,0,1.0,0.0,0.9975496041882145,0.9975496041882145,0.16666666666666666,0.1662582673647024,0.0,0.998774806300441,0.0012252021122265149,0.998774806300441
2906,1,1,0,1.0,0.0,0.9853420084299043,0.9853420084299043,0.16666666666666666,0.1642236680716507,0.0,0.9926709906999455,0.007328982270041177,0.9926709906999455
2908,3,2,1,0.6666666666666666,0.3333333333333333,0.31549025243599566,0.9539457914108133,0.375,0.11830884466349836,1.138052980165824,0.657745126487763,0.3422548740517673,0.990560545805861
2915,1,0,1,0.0,1.0,-0.9926196188156733,-0.9926196188156733,0.16666666666666666,-0.16543660313594555,0.0,0.003690174888956648,0.9963097937046299,0.9963097937046299
2916,5,5,0,1.0,0.0,0.9531156391076274,0.9946215411781761,0.5,0.4765578195538137,0.09720031639226782,0.9765578409802688,0.023442201872641323,0.9765578409802688
2917,1,1,0,1.0,0.0,0.9975396940618558,0.9975396940618558,0.16666666666666666,0.16625661567697597,0.0,0.9987698349298215,0.0012301408679656733,0.9987698349298215
2920,1,1,0,1.0,0.0,0.9970000115307894,0.9970000115307894,0.16666666666666666,0.1661666685884649,0.0,0.9985000147964015,0.0015000032656120532,0.9985000147964015
2921,6,4,2,0.6666666666666666,0.3333333333333333,0.3193488364947578,0.951937586526171,0.5454545454545454,0.17419027445168606,1.0130932288225567,0.6596744193320286,0.3403255828372709,0.9891037698577958
2922,3,3,0,1.0,0.0,0.9466767707615115,0.9302274673942506,0.375,0.3550037890355668,0.046886769610429445,0.9733383832403644,0.02666161247885296,0.9733383832403644
2927,2,2,0,1.0,0.0,0.9988494286824818,0.9988494286824818,0.2857142857142857,0.28538555105213764,0.0008336605122711092,0.9994247048169851,0.000575276134503326,0.9994247048169851
2929,1,0,1,0.0,1.0,-0.9958993088115345,-0.9958993088115345,0.16666666666666666,-0.16598321813525574,0.0,0.0020503580987036646,0.9979496669102382,0.9979496669102382
2932,3,3,0,1.0,0.0,0.9811785787774392,0.9854404897056789,0.375,0.3679419670415397,0.019834095126945415,0.990589309434348,0.009410730656908816,0.990589309434348
2935,1,1,0,1.0,0.0,0.9977039948146414,0.9977039948146414,0.16666666666666666,0.16628399913577357,0.0,0.998851973614186,0.0011479787995444981,0.998851973614186
2937,2,2,0,1.0,0.0,0.9937439959136181,0.9937439959136181,0.2857142857142857,0.2839268559753194,0.008479113544473088,0.9968719866391403,0.0031279907255222336,0.9968719866391403
2940,2,2,0,1.0,0.0,0.693082222781978,0.693082222781978,0.2857142857142857,0.19802349222342225,0.18035337598728463,0.8465411098150899,0.15345888703311192,0.8465411098150899
2941,2,0,2,0.0,1.0,-0.9775830460508165,-0.9775830460508165,0.2857142857142857,-0.2793094417288047,0.01723773525633046,0.011208474798918665,0.9887915208497351,0.9887915208497351
2942,2,2,0,1.0,0.0,0.9822792069673767,0.9822792069673767,0.2857142857142857,0.28065120199067906,0.02452067500226146,0.9911396200247111,0.008860413057334404,0.9911396200247111
2943,1,1,0,1.0,0.0,0.9950392127037048,0.9950392127037048,0.16666666666666666,0.1658398687839508,0.0,0.9975195843240489,0.002480371620344079,0.9975195843240489
2944,3,3,0,1.0,0.0,0.9876190976442761,0.9987503172172977,0.375,0.37035716161660354,0.01985252901593167,0.9938095488273757,0.0061904511830995585,0.9938095488273757
2946,1,1,0,1.0,0.0,0.9716609661395733,0.9716609661395733,0.16666666666666666,0.16194349435659555,0.0,0.9858304537259616,0.01416948758638822,0.9858304537259616
2947,8,7,1,0.875,0.125,0.7088424384728563,0.9582491060618628,0.6153846153846154,0.4362107313679116,0.6891883729144408,0.8544212059493802,0.14557876747652393,0.9783006816149415
2948,8,8,0,1.0,0.0,0.9935127665183816,0.9983103285544249,0.6153846153846154,0.6113924717036194,0.014018234111099068,0.9967563795688257,0.0032436130504441825,0.9967563795688257
2949,8,7,1,0.875,0.125,0.7271697558773,0.9906416339099124,0.6153846153846154,0.44748908053987696,0.6911423242380998,0.8635848740150694,0.1364151181377694,0.9861588357258337
2950,2,0,2,0.0,1.0,-0.998234460763171,-0.998234460763171,0.2857142857142857,-0.28520984593233456,0.001255854468206096,0.0008827583839623501,0.9991172191471334,0.9991172191471334
2951,6,4,2,0.6666666666666666,0.3333333333333333,0.4704297219570603,0.9966444176897197,0.5454545454545454,0.2565980301583965,0.8574504929011784,0.7352148585535782,0.264785136596518,0.9301119128637286
2953,3,3,0,1.0,0.0,0.9971838706490859,0.9982659133772056,0.375,0.3739439514934072,0.0032269641146610894,0.998591923149866,0.0014080525007800588,0.998591923149866
2959,11,7,4,0.6363636363636364,0.36363636363636365,0.1967955771417075,0.31526033083597815,0.6875,0.1352969592849239,0.7952861149477801,0.5983977806866251,0.4016022035449176,0.841023470209516
2966,3,3,0,1.0,0.0,0.9337293220299007,0.9996659613070004,0.375,0.35014849576121276,0.11420750282202073,0.96686465326265,0.033135331232749275,0.96686465326265
2967,1,1,0,1.0,0.0,0.9224285663374319,0.9224285663374319,0.16666666666666666,0.15373809438957198,0.0,0.9612142746347175,0.038785708297285726,0.9612142746347175
2970,2,2,0,1.0,0.0,0.9135510841495864,0.9135510841495864,0.2857142857142857,0.2610145954713104,0.11151711603372318,0.9567755420559984,0.043224457906412016,0.9567755420559984
2971,1,1,0,1.0,0.0,0.9992074294467316,0.9992074294467316,0.16666666666666666,0.16653457157445525,0.0,0.9996037338719224,0.00039630442519079554,0.9996037338719224
2973,2,1,1,0.5,0.5,0.01136950674523024,0.01136950674523024,0.2857142857142857,0.0032484304986372114,1.3973341226274751,0.50568476132091,0.49431525457567976,0.994032224794916
2976,2,1,1,0.5,0.5,-4.679231529464145e-05,-4.679231529464145e-05,0.2857142857142857,-1.3369232941326129e-05,1.4105671202897718,0.49997661276598704,0.5000234050812817,0.9987107969614735
2983,3,3,0,1.0,0.0,0.9752230507446239,0.9777912793620941,0.375,0.365708644029234,0.023924166041612682,0.9876115142821579,0.01238846353753383,0.9876115142821579
2985,5,4,1,0.8,0.2,0.6729964855100157,0.9938341921962991,0.5,0.33649824275500784,0.6993362794380933,0.8364982660259337,0.163501780515918,0.9520195578974967
2986,3,1,2,0.3333333333333333,0.6666666666666666,-0.33138149981162507,-0.9947119163205991,0.375,-0.1242680624293594,1.1525061133446939,0.33430927304887065,0.6656907728604958,0.9988293684930509
2989,6,5,1,0.8333333333333334,0.16666666666666666,0.6634297571285902,0.9946590321825293,0.5454545454545454,0.36187077661559464,0.813141820320188,0.8317149007099127,0.1682851435813225,0.9977759278106236
2990,8,6,2,0.75,0.25,0.4877692473097194,0.990501095271451,0.6153846153846154,0.300165690652135,0.9111550627688254,0.743884620381919,0.2561153730721997,0.9907847327844885
2991,5,5,0,1.0,0.0,0.9954634784377461,0.9986071683265068,0.5,0.49773173921887304,0.0070157603730949545,0.9977317254695398,0.0022682470317937067,0.9977317254695398
2993,8,7,1,0.875,0.125,0.5600484703033162,0.9482116916500931,0.6153846153846154,0.34464521249434843,0.7035120119309836,0.7800242207875484,0.21997575048423226,0.9049724717856316
2997,3,2,1,0.6666666666666666,0.3333333333333333,0.43088241538177413,0.9893146519598208,0.375,0.1615809057681653,0.973347219382087,0.7154412085191321,0.28455879313735805,0.9464527974524902
3000,6,6,0,1.0,0.0,0.9744682162831265,0.9991572061145265,0.5454545454545454,0.5315281179726145,0.06000442147732902,0.987234106763638,0.012765890480511492,0.987234106763638
3005,5,4,1,0.8,0.2,0.43259558510384133,0.9818540206322304,0.5,0.21629779255192066,0.8593208048247569,0.7162977871815684,0.2837022020777271,0.9092557821194653
3006,2,2,0,1.0,0.0,0.9963768908085857,0.9963768908085857,0.2857142857142857,0.2846791116595959,0.0037017334626721615,0.9981884437583397,0.0018115529497538657,0.9981884437583397
3011,1,0,1,0.0,1.0,-0.9029084253528891,-0.9029084253528891,0.16666666666666666,-0.15048473755881484,0.0,0.04854577208218509,0.9514541974350742,0.9514541974350742
3016,3,2,1,0.6666666666666666,0.3333333333333333,0.3403631102851212,0.9987953089629159,0.375,0.12763616635692043,1.140865577434946,0.6701815431269894,0.3298184328418683,0.9958465282484547
3017,1,1,0,1.0,0.0,0.9989864553517176,0.9989864553517176,0.16666666666666666,0.1664977425586196,0.0,0.9994932475842928,0.0005067922325752043,0.9994932475842928
3018,3,3,0,1.0,0.0,0.9987196995434723,0.9992582620018059,0.375,0.3745198873288021,0.0011308046107026254,0.9993598403467004,0.0006401408032281671,0.9993598403467004
3019,1,1,0,1.0,0.0,0.9931215103282486,0.9931215103282486,0.16666666666666666,0.16552025172137474,0.0,0.9965607399164245,0.0034392295881759288,0.9965607399164245
3020,2,0,2,0.0,1.0,-0.9901004694645285,-0.9901004694645285,0.2857142857142857,-0.28288584841843667,0.011783512600532809,0.004949742417691531,0.99505021188222,0.99505021188222
3022,3,3,0,1.0,0.0,0.9801941258221681,0.9759018272161484,0.375,0.36757279718331304,0.017824231469245014,0.9900970451338429,0.009902919311674795,0.9900970451338429
3024,6,2,4,0.3333333333333333,0.6666666666666666,-0.24831886794072902,-0.697224225888307,0.5454545454545454,-0.13544665524039765,0.9306573279726171,0.3758405601109134,0.6241594280516424,0.9376732406398064
3030,3,3,0,1.0,0.0,0.9947218137584716,0.9958981162851507,0.375,0.37302068015942685,0.005612069651116027,0.9973609096621816,0.0026390959037100904,0.9973609096621816
3032,3,0,3,0.0,1.0,-0.9567331240522955,-0.9588144479668532,0.375,-0.3587749215196108,0.03842235309239827,0.021633425128007578,0.9783665491803032,0.9783665491803032
3033,1,1,0,1.0,0.0,0.9994062511140809,0.9994062511140809,0.16666666666666666,0.16656770851901348,0.0,0.9997030819163603,0.0002968308022793602,0.9997030819163603
3034,2,2,0,1.0,0.0,0.9987182023062476,0.9987182023062476,0.2857142857142857,0.285348057801785,0.00041959672009839324,0.9993590887582848,0.0006408864520372404,0.9993590887582848
3036,2,2,0,1.0,0.0,0.9745192019157888,0.9745192019157888,0.2857142857142857,0.27843405769022533,0.00449529411379244,0.9872595875316309,0.012740385615842119,0.9872595875316309
3037,2,2,0,1.0,0.0,0.9958254519793204,0.9958254519793204,0.2857142857142857,0.2845215577083772,0.0011833892726275806,0.9979127081910509,0.0020872562117306495,0.9979127081910509
3039,4,4,0,1.0,0.0,0.995750975361694,0.9962204396198125,0.4444444444444444,0.4425559890496418,0.004338418471234268,0.9978754888986918,0.002124513536997853,0.9978754888986918
3040,1,1,0,1.0,0.0,0.9969136811554704,0.9969136811554704,0.16666666666666666,0.16615228019257838,0.0,0.9984568417344464,0.0015431605789759388,0.9984568417344464
3044,4,4,0,1.0,0.0,0.9842841766470259,0.9978996611369337,0.4444444444444444,0.4374596340653448,0.028378119058801523,0.9921421001369357,0.007857923489909812,0.9921421001369357
3045,1,1,0,1.0,0.0,0.9990577337241942,0.9990577337241942,0.16666666666666666,0.16650962228736568,0.0,0.9995288917240703,0.00047115799987615224,0.9995288917240703
3052,3,2,1,0.6666666666666666,0.3333333333333333,0.47480006912038425,0.8920156230097231,0.375,0.1780500259201441,0.8163795848710781,0.7374000612354038,0.2625999921150195,0.8926920676965073
3060,1,1,0,1.0,0.0,0.9922070826325461,0.9922070826325461,0.16666666666666666,0.16536784710542435,0.0,0.9961035184771101,0.0038964358445639923,0.9961035184771101
3061,3,2,1,0.6666666666666666,0.3333333333333333,0.32921244903368335,0.9682394678487718,0.375,0.12345466838763125,1.1339829820889509,0.6646062194279411,0.3353937703942577,0.9912976005111799
3062,2,2,0,1.0,0.0,0.9581669705294996,0.9581669705294996,0.2857142857142857,0.27376199157985703,0.05543182771199732,0.9790834739893755,0.02091650345987588,0.9790834739893755
3063,1,1,0,1.0,0.0,0.3381514278618066,0.3381514278618066,0.16666666666666666,0.056358571310301094,0.0,0.669075733906514,0.3309243060447074,0.669075733906514
3066,3,3,0,1.0,0.0,0.9275351850591019,0.939902911032713,0.375,0.3478256943971632,0.062274652427274285,0.9637676120874508,0.03623242702834887,0.9637676120874508
3067,1,1,0,1.0,0.0,0.9491317622599753,0.9491317622599753,0.16666666666666666,0.1581886270433292,0.0,0.9745658412790436,0.025434079019068297,0.9745658412790436
3072,1,1,0,1.0,0.0,0.9900937030114323,0.9900937030114323,0.16666666666666666,0.16501561716857205,0.0,0.9950468683817301,0.004953165370297719,0.9950468683817301
3074,2,2,0,1.0,0.0,0.9985102539560028,0.9985102539560028,0.2857142857142857,0.28528864398742937,0.0015075580719691745,0.9992551270450454,0.0007448730890425932,0.9992551270450454
3075,1,1,0,1.0,0.0,0.9993731898920877,0.9993731898920877,0.16666666666666666,0.16656219831534794,0.0,0.9996866135370164,0.0003134236449287051,0.9996866135370164
3079,1,0,1,0.0,1.0,-0.9915689488567372,-0.9915689488567372,0.16666666666666666,-0.16526149147612285,0.0,0.004215507910995887,0.9957844567677331,0.9957844567677331
3081,6,5,1,0.8333333333333334,0.16666666666666666,0.5116807253014205,0.9762111527795382,0.5454545454545454,0.27909857743713845,0.8137353142364385,0.7558403499638158,0.24415962466239524,0.9209252138123617
3082,8,4,4,0.5,0.5,-0.007726486067321306,-0.023996663502609317,0.6153846153846154,-0.004754760656813112,1.0351560903072565,0.49613675191516116,0.5038632379824824,0.9836303015262805
3083,5,4,1,0.8,0.2,0.5994910455904063,0.9987986079245535,0.5,0.29974552279520317,0.8933414965888719,0.7997455192995935,0.2002544737091871,0.9994588655351879
3087,5,2,3,0.4,0.6,-0.16417135942516253,-0.8650322130748204,0.5,-0.08208567971258127,1.0591634162742791,0.41791431798169487,0.5820856774068573,0.9800693273627266
3088,4,4,0,1.0,0.0,0.9613242012205393,0.9969149095796741,0.4444444444444444,0.4272552005424619,0.0730845142967762,0.980662082389774,0.01933788116923478,0.980662082389774
3089,3,3,0,1.0,0.0,0.9982936434419889,0.9976712155800599,0.375,0.37436011629074584,0.0011456789768606768,0.9991468380143572,0.0008531945723682729,0.9991468380143572
3093,3,3,0,1.0,0.0,0.9739314615723283,0.969945389881287,0.375,0.36522429808962315,0.018811801215377906,0.9869657299276361,0.013034268355307757,0.9869657299276361
3094,1,1,0,1.0,0.0,0.9932264639088129,0.9932264639088129,0.16666666666666666,0.16553774398480214,0.0,0.9966132406623898,0.0033867767535769367,0.9966132406623898
3095,1,1,0,1.0,0.0,0.9996881859000535,0.9996881859000535,0.16666666666666666,0.1666146976500089,0.0,0.999844084394739,0.00015589849468558394,0.999844084394739
3097,2,2,0,1.0,0.0,0.9553690940107589,0.9553690940107589,0.2857142857142857,0.2729625982887882,0.06103577656827041,0.9776845598452901,0.02231546583453122,0.9776845598452901
3098,3,3,0,1.0,0.0,0.9870985591679745,0.9956161156630836,0.375,0.3701619596879904,0.018292518711868322,0.9935492886737398,0.006450729505765432,0.9935492886737398
3100,1,1,0,1.0,0.0,0.9983088872700094,0.9983088872700094,0.16666666666666666,0.16638481454500156,0.0,0.9991544444241628,0.0008455571541533663,0.9991544444241628
3101,1,1,0,1.0,0.0,0.9951356275599131,0.9951356275599131,0.16666666666666666,0.16585593792665218,0.0,0.9975678436515867,0.0024322160916735035,0.9975678436515867
3102,1,1,0,1.0,0.0,0.9956912675339156,0.9956912675339156,0.16666666666666666,0.16594854458898592,0.0,0.9978456615907028,0.002154394056787135,0.9978456615907028
3104,2,2,0,1.0,0.0,0.9988943804070469,0.9988943804070469,0.2857142857142857,0.28539839440201337,0.0009928762475478897,0.9994472012473437,0.0005528208402968213,0.9994472012473437
3105,1,0,1,0.0,1.0,-0.9966360213788781,-0.9966360213788781,0.16666666666666666,-0.16610600356314634,0.0,0.0016820064267596684,0.9983180278056377,0.9983180278056377
3107,1,1,0,1.0,0.0,0.9996979570185597,0.9996979570185597,0.16666666666666666,0.16661632616975994,0.0,0.9998489148689039,0.0001509578503442533,0.9998489148689039
3108,3,3,0,1.0,0.0,0.9729658004233883,0.9922380458795282,0.375,0.3648621751587706,0.03819927964383156,0.9864828920537553,0.013517091630366932,0.9864828920537553
3111,1,1,0,1.0,0.0,0.9667812687594717,0.9667812687594717,0.16666666666666666,0.16113021145991194,0.0,0.9833906220226754,0.016609353263203692,0.9833906220226754
3113,4,1,3,0.25,0.75,-0.3274168379315638,-0.6547026877817064,0.4444444444444444,-0.14551859463625055,0.8999613234947773,0.33629156882823136,0.6637084067597951,0.9133871067368137
3114,4,4,0,1.0,0.0,0.8851646921194565,0.9851098731920647,0.4444444444444444,0.39340652983086954,0.2099878599050926,0.9425823566734912,0.05741766455403468,0.9425823566734912
3129,1,1,0,1.0,0.0,0.9958629781068795,0.9958629781068795,0.16666666666666666,0.16597716301781323,0.0,0.9979314706431314,0.0020684925362518623,0.9979314706431314
3130,1,0,1,0.0,1.0,-0.9996076656426204,-0.9996076656426204,0.16666666666666666,-0.1666012776071034,0.0,0.00019616152140054297,0.9998038271640209,0.9998038271640209
3134,1,1,0,1.0,0.0,0.997933374510871,0.997933374510871,0.16666666666666666,0.16632222908514516,0.0,0.9989666651165675,0.0010332906056964208,0.9989666651165675
3142,1,0,1,0.0,1.0,-0.9725323820114136,-0.9725323820114136,0.16666666666666666,-0.16208873033523558,0.0,0.013733792304992675,0.9862661743164063,0.9862661743164063
3146,2,1,1,0.5,0.5,-0.2984158110744837,-0.2984158110744837,0.2857142857142857,-0.08526166030699533,0.979532339894336,0.3507921042467571,0.6492079153212408,0.8463169897494045
3147,4,3,1,0.75,0.25,0.496870229332163,0.9914312973743727,0.4444444444444444,0.22083121303651687,0.9933102538613543,0.7484351101800668,0.25156488084790374,0.9967031293014935
3148,1,1,0,1.0,0.0,0.39317054644592453,0.39317054644592453,0.16666666666666666,0.06552842440765408,0.0,0.6965852576315565,0.303414711185632,0.6965852576315565
3152,3,3,0,1.0,0.0,0.9865321887800853,0.9834106280101286,0.375,0.369949570792532,0.01079160840688406,0.9932660854298149,0.006733896649729479,0.9932660854298149
3153,2,2,0,1.0,0.0,0.9643802795582543,0.9643802795582543,0.2857142857142857,0.2755372227309298,0.0401171528636541,0.9821901366951067,0.01780985713685239,0.9821901366951067
3155,1,1,0,1.0,0.0,0.9987427665109045,0.9987427665109045,0.16666666666666666,0.16645712775181742,0.0,0.9993713893247455,0.0006286228138409304,0.9993713893247455
3156,1,1,0,1.0,0.0,0.9920199212907743,0.9920199212907743,0.16666666666666666,0.1653366535484624,0.0,0.9960099548852744,0.003990033594500117,0.9960099548852744
3157,1,1,0,1.0,0.0,0.9978912421972445,0.9978912421972445,0.16666666666666666,0.16631520703287406,0.0,0.9989456629989171,0.001054420801672605,0.9989456629989171
3160,5,4,1,0.8,0.2,0.5451337048339548,0.9296455261813608,0.5,0.2725668524169774,0.8647375121975738,0.772566851410151,0.2274331465761963,0.9715048070676676
3163,1,1,0,1.0,0.0,0.8515621576553736,0.8515621576553736,0.16666666666666666,0.1419270262758956,0.0,0.9257810823209993,0.07421892466562571,0.9257810823209993
3167,2,1,1,0.5,0.5,0.28689092925510895,0.28689092925510895,0.2857142857142857,0.08196883693003112,0.6225334077603751,0.6434454646275545,0.3565545353724455,0.7200987970712657
3168,1,1,0,1.0,0.0,0.9941986851353464,0.9941986851353464,0.16666666666666666,0.16569978085589104,0.0,0.9970993500589673,0.002900664923621006,0.9970993500589673
3169,1,0,1,0.0,1.0,-0.9974985475679046,-0.9974985475679046,0.16666666666666666,-0.16624975792798408,0.0,0.001250676159719819,0.9987492237276244,0.9987492237276244
3173,3,3,0,1.0,0.0,0.9856279674949683,0.9840793387834417,0.375,0.3696104878106131,0.013339195187416998,0.9928139935988396,0.0071860261038713125,0.9928139935988396
3174,3,2,1,0.6666666666666666,0.3333333333333333,0.5007744912380047,0.9975523395884421,0.375,0.18779043421425173,0.8622816236828407,0.750387219595658,0.24961272835765336,0.9153544899669944
3175,3,3,0,1.0,0.0,0.9675868516104725,0.9970524383002314,0.375,0.3628450693539272,0.05200453276493917,0.9837934257310542,0.016206574120581737,0.9837934257310542
3176,2,2,0,1.0,0.0,0.9703289291102867,0.9703289291102867,0.2857142857142857,0.2772368368886533,0.026736524609169424,0.9851644805332198,0.014835551422933095,0.9851644805332198
3177,2,1,1,0.5,0.5,0.002106065863186901,0.002106065863186901,0.2857142857142857,0.000601733103767686,1.4025925445174356,0.5010530299787044,0.4989469641155175,0.9958913467820976
3178,1,1,0,1.0,0.0,0.9843527477841044,0.9843527477841044,0.16666666666666666,0.16405879129735074,0.0,0.9921763575354288,0.007823609751324321,0.9921763575354288
3181,1,1,0,1.0,0.0,0.9957988664832589,0.9957988664832589,0.16666666666666666,0.1659664777472098,0.0,0.9978993856878027,0.002100519204543809,0.9978993856878027
3186,3,3,0,1.0,0.0,0.993753337291707,0.9953022717187803,0.375,0.37265750148439014,0.003566734825493185,0.9968767051601213,0.003123367868414362,0.9968767051601213
3190,2,0,2,0.0,1.0,-0.9756499863745736,-0.9756499863745736,0.2857142857142857,-0.2787571389641639,0.017691554539442118,0.012175029584618866,0.9878250159591925,0.9878250159591925
3194,1,1,0,1.0,0.0,0.9920701430638632,0.9920701430638632,0.16666666666666666,0.1653450238439772,0.0,0.9960350748697917,0.003964931805928548,0.9960350748697917
3197,3,2,1,0.6666666666666666,0.3333333333333333,-0.047665532098827214,0.053450538372171286,0.375,-0.017874574537060206,0.9017166173551066,0.4761672144291877,0.5238327465280149,0.8080598912212423
3198,6,5,1,0.8333333333333334,0.16666666666666666,0.7701172389568369,0.9958355843800462,0.5454545454545454,0.42006394852191103,0.555340074515404,0.8850586144088376,0.11494137545200066,0.9456354611441018
3200,2,2,0,1.0,0.0,0.9790842102811332,0.9790842102811332,0.2857142857142857,0.2797383457946095,0.01963483234211301,0.9895420939644648,0.010457883683331568,0.9895420939644648
3201,1,1,0,1.0,0.0,0.9935133125239272,0.9935133125239272,0.16666666666666666,0.16558555208732118,0.0,0.9967566389378494,0.0032433264139221938,0.9967566389378494
3203,2,1,1,0.5,0.5,0.012202787976826224,0.012202787976826224,0.2857142857142857,0.003486510850521778,1.3921439888373333,0.5061013894487708,0.4938986014719446,0.9921972229078415
3204,2,2,0,1.0,0.0,0.9950948142676433,0.9950948142676433,0.2857142857142857,0.2843128040764695,0.00151524048466023,0.9975473907049839,0.0024525764373405454,0.9975473907049839
3206,1,1,0,1.0,0.0,0.9890807734185328,0.9890807734185328,0.16666666666666666,0.16484679556975546,0.0,0.9945403769289377,0.005459603510404888,0.9945403769289377
3210,1,1,0,1.0,0.0,0.9995828849282496,0.9995828849282496,0.16666666666666666,0.1665971474880416,0.0,0.9997914372658243,0.00020855233757471553,0.9997914372658243
3213,2,2,0,1.0,0.0,0.9629447782114438,0.9629447782114438,0.2857142857142857,0.2751270794889839,0.052043211341573234,0.9814723931325574,0.01852761492111355,0.9814723931325574
3219,1,1,0,1.0,0.0,0.9204212014364734,0.9204212014364734,0.16666666666666666,0.15340353357274555,0.0,0.9602105729797871,0.039789371543313655,0.9602105729797871
3224,3,3,0,1.0,0.0,0.9549155512985865,0.9986852031477071,0.375,0.35809333173696994,0.07669515157360578,0.9774577874104073,0.022542236111820824,0.9774577874104073
3243,1,1,0,1.0,0.0,0.9992983276689691,0.9992983276689691,0.16666666666666666,0.1665497212781615,0.0,0.9996491840907505,0.0003508564217814377,0.9996491840907505
3246,1,0,1,0.0,1.0,-0.9644663263075423,-0.9644663263075423,0.16666666666666666,-0.1607443877179237,0.0,0.017766803011249,0.9822331293187913,0.9822331293187913
3247,3,3,0,1.0,0.0,0.9942951409330791,0.9953915124889668,0.375,0.3728606778499047,0.005431149204332272,0.9971475709515119,0.002852430018432711,0.9971475709515119
3248,1,0,1,0.0,1.0,-0.9962108030164842,-0.9962108030164842,0.16666666666666666,-0.1660351338360807,0.0,0.0018945823041655178,0.9981053853206497,0.9981053853206497
3249,2,1,1,0.5,0.5,0.007604215598757624,0.007604215598757624,0.2857142857142857,0.002172633028216464,1.3809911765506067,0.5038020896044997,0.49619787400574206,0.9882540946539822
3250,1,1,0,1.0,0.0,0.9232754037186907,0.9232754037186907,0.16666666666666666,0.1538792339531151,0.0,0.9616376722181166,0.03836226849942594,0.9616376722181166
3251,1,1,0,1.0,0.0,0.4190974644252232,0.4190974644252232,0.16666666666666666,0.06984957740420386,0.0,0.7095487154447115,0.2904512510194883,0.7095487154447115
3252,2,1,1,0.5,0.5,0.07248390446661152,0.07248390446661152,0.2857142857142857,0.02070968699046043,1.2501712500836322,0.5362419545999945,0.46375805013338295,0.9420022866559885
3253,1,1,0,1.0,0.0,0.977109036842982,0.977109036842982,0.16666666666666666,0.16285150614049698,0.0,0.9885545094807943,0.011445472637812296,0.9885545094807943
3255,1,1,0,1.0,0.0,0.9971093282370311,0.9971093282370311,0.16666666666666666,0.16618488803950518,0.0,0.9985546687679827,0.0014453405309516145,0.9985546687679827
3256,2,1,1,0.5,0.5,0.0005494897794635634,0.0005494897794635634,0.2857142857142857,0.0001569970798467324,1.4087740073119168,0.5002747285609342,0.49972523878147074,0.9980768105360042
3257,2,1,1,0.5,0.5,0.0016593540127834427,0.0016593540127834427,0.2857142857142857,0.000474101146509555,1.4114608750479942,0.5008296930129429,0.4991703390001595,0.9990267940695188
3258,2,2,0,1.0,0.0,0.9981799818503002,0.9981799818503002,0.2857142857142857,0.2851942805286572,0.0013343415449932684,0.9990899897229693,0.0009100078726690614,0.9990899897229693
3260,2,2,0,1.0,0.0,0.9987151394992393,0.9987151394992393,0.2857142857142857,0.28534718271406834,0.0013145210796559324,0.9993575605849445,0.0006424210857053021,0.9993575605849445
3261,2,0,2,0.0,1.0,-0.702693696887408,-0.702693696887408,0.2857142857142857,-0.20076962768211656,0.25119392718357225,0.14865314766855967,0.8513468445559677,0.8513468445559677
3264,1,0,1,0.0,1.0,-0.7281506968810495,-0.7281506968810495,0.16666666666666666,-0.12135844948017491,0.0,0.13592464030668094,0.8640753371877304,0.8640753371877304
3265,2,2,0,1.0,0.0,0.8966269037320032,0.8966269037320032,0.2857142857142857,0.2561791153520009,0.1440763926103,0.9483134350778795,0.05168653134587627,0.9483134350778795
3266,2,1,1,0.5,0.5,-0.013682641047686517,-0.013682641047686517,0.2857142857142857,-0.003909326013624719,1.393849170356204,0.49315868324751366,0.5068413242952001,0.9928001039264145
3267,2,2,0,1.0,0.0,0.9802976595591228,0.9802976595591228,0.2857142857142857,0.2800850455883208,0.019683733391629734,0.9901488297134455,0.00985117015432261,0.9901488297134455
3271,1,1,0,1.0,0.0,0.4882886448167825,0.4882886448167825,0.16666666666666666,0.08138144080279708,0.0,0.7441443177990448,0.25585567298226225,0.7441443177990448
3273,3,1,2,0.3333333333333333,0.6666666666666666,-0.33474826363082705,-0.9981901731149133,0.375,-0.12553059886156015,1.150195323904359,0.3326258619308018,0.6673741255616289,0.9985016925415516
3274,1,0,1,0.0,1.0,-0.9889494601945232,-0.9889494601945232,0.16666666666666666,-0.16482491003242053,0.0,0.005525251976529458,0.9944747121710527,0.9944747121710527
3285,3,2,1,0.6666666666666666,0.3333333333333333,0.3191479095701903,0.8754042771273044,0.375,0.11968046608882135,1.0174013895270921,0.6595739575125205,0.34042604794233017,0.9446089953421947
3300,6,5,1,0.8333333333333334,0.16666666666666666,0.6342433043322822,0.9736162624048315,0.5454545454545454,0.3459508932721539,0.8018979119918037,0.8171216514103715,0.18287834707808934,0.9836117994832859
3307,1,1,0,1.0,0.0,0.9577516927605584,0.9577516927605584,0.16666666666666666,0.15962528212675972,0.0,0.9788758414132255,0.02112414865266709,0.9788758414132255
3308,1,1,0,1.0,0.0,0.9862461772638097,0.9862461772638097,0.16666666666666666,0.16437436287730162,0.0,0.9931231094876056,0.006876932223795896,0.9931231094876056
3310,3,3,0,1.0,0.0,0.9987299507724358,0.9989394174490812,0.375,0.3745237315396634,0.0010991859636109353,0.999364989662713,0.0006350388902772898,0.999364989662713
3317,2,2,0,1.0,0.0,0.9906371037958577,0.9906371037958577,0.2857142857142857,0.2830391725131022,0.010880528434722137,0.9953185463719085,0.004681442576050943,0.9953185463719085
3324,1,1,0,1.0,0.0,0.9985662890014363,0.9985662890014363,0.16666666666666666,0.16642771483357272,0.0,0.9992831557544309,0.0007168667529945943,0.9992831557544309
3328,2,2,0,1.0,0.0,0.6488071430054156,0.6488071430054156,0.2857142857142857,0.18537346943011873,0.49280429816382343,0.8244035604141308,0.17559641740871515,0.8244035604141308
3330,1,1,0,1.0,0.0,0.9731738770293632,0.9731738770293632,0.16666666666666666,0.16219564617156051,0.0,0.9865869347024079,0.013413057673044635,0.9865869347024079
3334,4,4,0,1.0,0.0,0.9906663515973887,0.9975506474917011,0.4444444444444444,0.44029615626550606,0.014651147650255724,0.9953331806783954,0.0046668290810066805,0.9953331806783954
3341,3,3,0,1.0,0.0,0.9954554388929298,0.9971247778265877,0.375,0.37329578958484866,0.005313609373514866,0.9977276898607794,0.002272250967849556,0.9977276898607794
3347,1,1,0,1.0,0.0,0.9875649172480744,0.9875649172480744,0.16666666666666666,0.16459415287467904,0.0,0.9937824966883896,0.0062175794403151715,0.9937824966883896
3354,3,1,2,0.3333333333333333,0.6666666666666666,-0.30951876634099557,-0.962333834069407,0.375,-0.11606953737787334,1.1337034000821018,0.3452406021636749,0.6547593685046704,0.9879485815760541
3355,2,2,0,1.0,0.0,0.986439074129182,0.986439074129182,0.2857142857142857,0.2818397354654805,0.018534814749441346,0.9932195372500663,0.006780463120884309,0.9932195372500663
3358,1,1,0,1.0,0.0,0.9950128926605475,0.9950128926605475,0.16666666666666666,0.16583548211009125,0.0,0.9975064637231045,0.002493571062557033,0.9975064637231045
3359,1,1,0,1.0,0.0,0.9830594163041215,0.9830594163041215,0.16666666666666666,0.1638432360506869,0.0,0.9915296766493056,0.008470260345184052,0.9915296766493056
3360,1,0,1,0.0,1.0,-0.9430029547426122,-0.9430029547426122,0.16666666666666666,-0.1571671591237687,0.0,0.028498502878042366,0.9715014576206545,0.9715014576206545
3361,1,0,1,0.0,1.0,-0.30482495215631306,-0.30482495215631306,0.16666666666666666,-0.05080415869271884,0.0,0.3475875239218435,0.6524124760781566,0.6524124760781566
3362,2,2,0,1.0,0.0,0.99872659102175,0.99872659102175,0.2857142857142857,0.28535045457764285,0.0002827572607897872,0.9993633088116793,0.0006367177899293279,0.9993633088116793
3363,1,1,0,1.0,0.0,0.8332119060285164,0.8332119060285164,0.16666666666666666,0.1388686510047527,0.0,0.9166059783010772,0.0833940722725608,0.9166059783010772
3364,1,1,0,1.0,0.0,0.9740470262548734,0.9740470262548734,0.16666666666666666,0.1623411710424789,0.0,0.9870235323012322,0.012976506046358792,0.9870235323012322
3365,5,4,1,0.8,0.2,0.5345502398905062,0.8407716847429372,0.5,0.2672751199452531,0.8593749721710455,0.7672751267049164,0.2327248868144102,0.9664543166496491
3384,1,1,0,1.0,0.0,0.9880026609766446,0.9880026609766446,0.16666666666666666,0.16466711016277408,0.0,0.9940013700318568,0.005998709055212323,0.9940013700318568
3386,2,1,1,0.5,0.5,-0.016567697244945945,-0.016567697244945945,0.2857142857142857,-0.00473362778427027,1.3779549037230518,0.49171615603461116,0.508283853279557,0.9871806329529973
3388,1,1,0,1.0,0.0,0.999481026034214,0.999481026034214,0.16666666666666666,0.16658017100570233,0.0,0.999740533661424,0.0002595076272100733,0.999740533661424
3392,1,1,0,1.0,0.0,0.999206403246786,0.999206403246786,0.16666666666666666,0.166534400541131,0.0,0.9996031749097607,0.0003967716629746594,0.9996031749097607
3394,2,1,1,0.5,0.5,0.009894046864657835,0.009894046864657835,0.2857142857142857,0.0028268705327593813,1.3992107675558634,0.5049470182888669,0.49505297142420907,0.9946957058805306
3405,1,1,0,1.0,0.0,0.9979869949953637,0.9979869949953637,0.16666666666666666,0.1663311658325606,0.0,0.9989935001039686,0.0010065051086048662,0.9989935001039686
3408,4,3,1,0.75,0.25,0.6393691630939875,0.998365185865318,0.4444444444444444,0.28416407248621667,0.7188970506349112,0.8196846010491343,0.18031543795514673,0.929428518479023
3409,6,5,1,0.8333333333333334,0.16666666666666666,0.6628848347611774,0.9912236637083727,0.5454545454545454,0.36157354623336946,0.7979631059931113,0.8314424313128042,0.16855759655162664,0.9923916799131102
3415,1,0,1,0.0,1.0,-0.9853283424790089,-0.9853283424790089,0.16666666666666666,-0.16422139041316813,0.0,0.007335847960068629,0.9926641904390775,0.9926641904390775
3418,2,2,0,1.0,0.0,0.9863021681930998,0.9863021681930998,0.2857142857142857,0.2818006194837428,0.012202322183876192,0.9931510980338194,0.006848929840719596,0.9931510980338194
3421,3,0,3,0.0,1.0,-0.7755843018132104,-0.9859020337666551,0.375,-0.2908441131799539,0.3705890081192772,0.11220785810930779,0.8877921599225184,0.8877921599225184
3424,2,1,1,0.5,0.5,-0.41650146362937,-0.41650146362937,0.2857142857142857,-0.11900041817982,0.780364584815557,0.2917492602370743,0.7082507238664444,0.7759005369122118
3429,1,1,0,1.0,0.0,0.9970486739484391,0.9970486739484391,0.16666666666666666,0.1661747789914065,0.0,0.9985243542359608,0.0014756802875216645,0.9985243542359608
3435,6,6,0,1.0,0.0,0.9980286209300099,0.9991177521494183,0.5454545454545454,0.5443792477800053,0.0027666588324159794,0.9990142945796769,0.0009856736496668985,0.9990142945796769
3441,1,1,0,1.0,0.0,0.9989500857810392,0.9989500857810392,0.16666666666666666,0.16649168096350653,0.0,0.9994750327252327,0.0005249469441936371,0.9994750327252327
3444,2,1,1,0.5,0.5,0.18261976759953985,0.18261976759953985,0.2857142857142857,0.05217707645701138,1.1444282076056975,0.5913099018086599,0.4086901342091201,0.9046164910984674
3448,2,2,0,1.0,0.0,0.9970646978868114,0.9970646978868114,0.2857142857142857,0.28487562796766036,0.0036863077996681136,0.9985323441233225,0.0014676462365111119,0.9985323441233225
3450,2,2,0,1.0,0.0,0.9941602527068274,0.9941602527068274,0.2857142857142857,0.28404578648766493,0.006387122597192218,0.99708010596198,0.0029198532551527024,0.99708010596198
3461,2,1,1,0.5,0.5,-0.14893063273461116,-0.14893063273461116,0.2857142857142857,-0.042551609352746045,1.2016324156222686,0.4255346981971274,0.5744653309317386,0.924841229354472
3462,2,2,0,1.0,0.0,0.9985449629610845,0.9985449629610845,0.2857142857142857,0.2852985608460241,0.0016483194326424298,0.9992724701678757,0.000727507206791122,0.9992724701678757
3467,3,1,2,0.3333333333333333,0.6666666666666666,0.15204423550947685,-0.1629851290015626,0.375,0.057016588316053815,0.5965177306396486,0.5760220964359122,0.4239778609264353,0.7039882406205322
3470,2,2,0,1.0,0.0,0.9989813795071691,0.9989813795071691,0.2857142857142857,0.2854232512877626,0.0009736223485762443,0.9994906888600606,0.0005093093528915085,0.9994906888600606
3471,2,1,1,0.5,0.5,0.007841978985491382,0.007841978985491382,0.2857142857142857,0.002240565424426109,1.4022649638571447,0.5039209796314057,0.49607900064591437,0.9957755226205081
3475,1,1,0,1.0,0.0,0.9978055871668315,0.9978055871668315,0.16666666666666666,0.16630093119447192,0.0,0.9989028204055059,0.0010972332386743455,0.9989028204055059
3476,1,1,0,1.0,0.0,0.9447898889975573,0.9447898889975573,0.16666666666666666,0.15746498149959287,0.0,0.9723949129619296,0.027605023964372262,0.9723949129619296
3477,1,1,0,1.0,0.0,0.9984772458487416,0.9984772458487416,0.16666666666666666,0.1664128743081236,0.0,0.9992386006420444,0.000761354793302761,0.9992386006420444
3479,2,2,0,1.0,0.0,0.9983195960450535,0.9983195960450535,0.2857142857142857,0.2852341702985867,0.0015462535363413475,0.9991597738275235,0.0008401777824700175,0.9991597738275235
3480,2,2,0,1.0,0.0,0.9727169336419806,0.9727169336419806,0.2857142857142857,0.27791912389770873,0.03808519659441834,0.9863584759818831,0.013641542339902514,0.9863584759818831
3481,4,3,1,0.75,0.25,0.6415586482234747,0.9941658855652514,0.4444444444444444,0.285137176988211,0.7088589027286784,0.8207793339513771,0.1792206857279023,0.9262097033804241
3483,1,1,0,1.0,0.0,0.9601862522593716,0.9601862522593716,0.16666666666666666,0.1600310420432286,0.0,0.9800931160910088,0.019906863831637197,0.9800931160910088
3484,1,0,1,0.0,1.0,-0.9992639462463557,-0.9992639462463557,0.16666666666666666,-0.16654399104105927,0.0,0.0003680308349430561,0.9996319770812988,0.9996319770812988
3489,3,3,0,1.0,0.0,0.8618511476952705,0.976403859551884,0.375,0.32319418038572645,0.21863633203198737,0.9309255747173989,0.06907442702212838,0.9309255747173989
3494,2,2,0,1.0,0.0,0.9967855814162082,0.9967855814162082,0.2857142857142857,0.2847958804046309,0.0036951580312110845,0.9983928036097836,0.0016072221935753614,0.9983928036097836
3498,2,1,1,0.5,0.5,0.002006561611899882,0.002006561611899882,0.2857142857142857,0.0005733033176856805,1.4109187323628765,0.5010032748009503,0.49899671318905037,0.9988350956734591
3499,1,1,0,1.0,0.0,0.9708747863769531,0.9708747863769531,0.16666666666666666,0.16181246439615884,0.0,0.9854373978292275,0.014562611452274369,0.9854373978292275
3503,1,0,1,0.0,1.0,-0.5392766720603772,-0.5392766720603772,0.16666666666666666,-0.0898794453433962,0.0,0.23036165450406135,0.7696383265644385,0.7696383265644385
3504,5,4,1,0.8,0.2,0.46291414839927236,0.9507073294295956,0.5,0.23145707419963618,0.8377100856816789,0.7314570721050138,0.2685429237057414,0.9207036765008615
3505,2,2,0,1.0,0.0,0.9817675385562764,0.9817675385562764,0.2857142857142857,0.28050501101607894,0.014344604035039614,0.9908837742857881,0.009116235729511622,0.9908837742857881
3507,1,1,0,1.0,0.0,0.9990125251008056,0.9990125251008056,0.16666666666666666,0.16650208751680093,0.0,0.9995062755562408,0.0004937504554352565,0.9995062755562408
3508,4,4,0,1.0,0.0,0.9822598432515339,0.9918482854974436,0.4444444444444444,0.4365599303340151,0.021293575485527936,0.9911299376608719,0.00887009440933784,0.9911299376608719
3510,1,1,0,1.0,0.0,0.9997399732827732,0.9997399732827732,0.16666666666666666,0.1666233288804622,0.0,0.9998699867562072,0.000130013473433991,0.9998699867562072
3512,1,1,0,1.0,0.0,0.9968504647174513,0.9968504647174513,0.16666666666666666,0.16614174411957522,0.0,0.9984252194324171,0.0015747547149658203,0.9984252194324171
3513,2,1,1,0.5,0.5,-0.1538511935632247,-0.1538511935632247,0.2857142857142857,-0.04395748387520705,1.1906270601505788,0.4230744112749236,0.5769256048381483,0.9209502421048748
3516,1,0,1,0.0,1.0,-0.9645304719278636,-0.9645304719278636,0.16666666666666666,-0.16075507865464392,0.0,0.01773477979928009,0.9822652517271436,0.9822652517271436
3519,2,1,1,0.5,0.5,0.008059206937598207,0.008059206937598207,0.2857142857142857,0.0023026305535994874,1.3948254563290539,0.5040295925296425,0.4959703855920443,0.9931452584317908
3526,2,2,0,1.0,0.0,0.997779115823408,0.997779115823408,0.2857142857142857,0.28507974737811653,0.0020724231820342227,0.9988895470755441,0.001110431252136117,0.9988895470755441
3527,5,5,0,1.0,0.0,0.9940076965748836,0.9949321525792281,0.5,0.4970038482874418,0.004484121206906998,0.9970038474565408,0.0029961508816571014,0.9970038474565408
3535,4,3,1,0.75,0.25,0.49895237087799005,0.996696487412696,0.4444444444444444,0.22175660927910668,0.9974926527891156,0.7494761818827226,0.25052381100473253,0.9987965879769161
3538,1,1,0,1.0,0.0,0.9947634660716295,0.9947634660716295,0.16666666666666666,0.16579391101193824,0.0,0.9973817222758313,0.0026182562042018865,0.9973817222758313
3545,2,1,1,0.5,0.5,0.08034626172175746,0.08034626172175746,0.2857142857142857,0.022956074777644987,1.299591415040145,0.5401731424986623,0.45982688077690487,0.9594749628111374
3546,2,2,0,1.0,0.0,0.992963879548685,0.992963879548685,0.2857142857142857,0.28370396558533856,0.0020920496210962924,0.9964819446160901,0.0035180650674051118,0.9964819446160901
3549,3,1,2,0.3333333333333333,0.6666666666666666,-0.11859421144429727,-0.4640403958136362,0.375,-0.044472829291611476,0.9820525302584631,0.4407028865308806,0.5592970979751778,0.8891318998345611
3550,1,1,0,1.0,0.0,0.9938958362529152,0.9938958362529152,0.16666666666666666,0.16564930604215253,0.0,0.9969479209498355,0.0030520846969202945,0.9969479209498355
3551,1,1,0,1.0,0.0,0.9782887803277935,0.9782887803277935,0.16666666666666666,0.16304813005463226,0.0,0.9891444304659698,0.010855650138176208,0.9891444304659698
3554,1,1,0,1.0,0.0,0.9996319555390912,0.9996319555390912,0.16666666666666666,0.16660532592318186,0.0,0.9998160142164964,0.00018405867740511894,0.9998160142164964
3555,2,2,0,1.0,0.0,0.990426625401595,0.990426625401595,0.2857142857142857,0.2829790358290271,0.0073746905856252,0.9952133196262614,0.004786694224666354,0.9952133196262614
3556,3,1,2,0.3333333333333333,0.6666666666666666,-0.06561596914628044,-0.3968535037623678,0.375,-0.024605988429855168,0.9397926856099694,0.4671919860481087,0.5328079551943891,0.8644562920737652
3564,3,3,0,1.0,0.0,0.8174595263000207,0.9763301555017894,0.375,0.30654732236250776,0.2955876062480564,0.908729752820983,0.09127022652096232,0.908729752820983
3569,1,1,0,1.0,0.0,0.9867714451690577,0.9867714451690577,0.16666666666666666,0.16446190752817627,0.0,0.9933857722237283,0.006614327054670557,0.9933857722237283
3576,1,1,0,1.0,0.0,0.9793693196349943,0.9793693196349943,0.16666666666666666,0.1632282199391657,0.0,0.9896846713148398,0.01031535167984551,0.9896846713148398
3578,5,5,0,1.0,0.0,0.8654554293314816,0.999384910489122,0.5,0.4327277146657408,0.29932664645885637,0.9327277258715319,0.06727229654005036,0.9327277258715319
3581,3,3,0,1.0,0.0,0.9932001554118229,0.9978719843646228,0.375,0.3724500582794336,0.009435233580459813,0.9966000859596188,0.003399930547795842,0.9966000859596188
3591,1,1,0,1.0,0.0,0.5982874180950377,0.5982874180950377,0.16666666666666666,0.09971456968250628,0.0,0.7991437231870914,0.20085630509205363,0.7991437231870914
3593,1,0,1,0.0,1.0,-0.9947758560757275,-0.9947758560757275,0.16666666666666666,-0.16579597601262125,0.0,0.00261209216778693,0.9973879482435144,0.9973879482435144
3606,2,2,0,1.0,0.0,0.999455100093346,0.999455100093346,0.2857142857142857,0.2855586000266703,3.055704115336057e-05,0.9997275443677247,0.00027244427437871706,0.9997275443677247
3615,2,2,0,1.0,0.0,0.9970863588292267,0.9970863588292267,0.2857142857142857,0.28488181680835045,0.0036159876043174864,0.9985431923577934,0.0014568335285667952,0.9985431923577934
3616,2,2,0,1.0,0.0,0.9795921831745461,0.9795921831745461,0.2857142857142857,0.27988348090701315,0.020353098952313055,0.9897960808181119,0.010203897643565758,0.9897960808181119
3623,6,1,5,0.16666666666666666,0.8333333333333334,-0.6045109000621081,-0.900459620975009,0.5454545454545454,-0.3297332182156953,0.7839855427360619,0.19774453514600965,0.8022554352081177,0.9670777316158077
3624,1,1,0,1.0,0.0,0.9945671712358792,0.9945671712358792,0.16666666666666666,0.16576119520597987,0.0,0.9972835540771484,0.0027163828412691752,0.9972835540771484
3627,4,3,1,0.75,0.25,0.5406172388537106,0.978736512411095,0.4444444444444444,0.24027432837942692,0.8882368140236688,0.7703086212033416,0.22969138234963107,0.9682257271212151
3629,1,1,0,1.0,0.0,0.9964364421399952,0.9964364421399952,0.16666666666666666,0.16607274035666586,0.0,0.998218236576897,0.0017817944369018885,0.998218236576897
3633,10,4,6,0.4,0.6,-0.21973922728825324,-0.6817058576423917,0.6666666666666666,-0.1464928181921688,0.9189436361053217,0.39013040244118746,0.6098696297294407,0.924984931980892
3634,1,1,0,1.0,0.0,0.9945562720298767,0.9945562720298767,0.16666666666666666,0.1657593786716461,0.0,0.9972781788219105,0.0027219067920338023,0.9972781788219105
3635,7,6,1,0.8571428571428571,0.14285714285714285,0.6900819272916294,0.9993210607513958,0.5833333333333334,0.40254779092011717,0.7464889010850575,0.8450409585345868,0.15495903124295743,0.9874305122997572
3638,6,4,2,0.6666666666666666,0.3333333333333333,0.21747474883526197,0.6446095775086004,0.5454545454545454,0.11862259027377925,0.974982823532491,0.6087373721491471,0.39126262331388517,0.9390313407313267
3639,7,6,1,0.8571428571428571,0.14285714285714285,0.5881550978716135,0.9931141144602839,0.5833333333333334,0.3430904737584412,0.7263090943856897,0.7940775505171832,0.20592245264556971,0.9193694218916821
3646,1,1,0,1.0,0.0,0.9996997149428353,0.9996997149428353,0.16666666666666666,0.1666166191571392,0.0,0.9998498396439985,0.00015012470116330817,0.9998498396439985
3654,1,1,0,1.0,0.0,0.9976579251915517,0.9976579251915517,0.16666666666666666,0.16627632086525862,0.0,0.9988289264717487,0.0011710012801969894,0.9988289264717487
3668,2,2,0,1.0,0.0,0.788125738549617,0.788125738549617,0.2857142857142857,0.2251787824427477,0.29862938363480795,0.8940628548614364,0.10593711631181936,0.8940628548614364
3671,3,2,1,0.6666666666666666,0.3333333333333333,0.30638348149387334,0.9098601327662454,0.375,0.11489380556020251,1.121579042353744,0.6531917513981486,0.3468082699042752,0.9824339169604283
3675,4,4,0,1.0,0.0,0.9970144126194467,0.9986174263132525,0.4444444444444444,0.4431175167197541,0.0038927760252960237,0.998507221199301,0.0014928085798544188,0.998507221199301
3676,4,1,3,0.25,0.75,-0.41799276744700997,-0.8327770735880342,0.4444444444444444,-0.1857745633097822,0.9411459876546813,0.2910036201058592,0.7089963875528691,0.9551002128660709
3677,1,1,0,1.0,0.0,0.9906469491210197,0.9906469491210197,0.16666666666666666,0.16510782485350328,0.0,0.9953235015468648,0.004676552425845089,0.9953235015468648
3681,6,3,3,0.5,0.5,0.01305022432296038,0.02014072588391813,0.5454545454545454,0.007118304176160207,1.0783608426809108,0.5065251105354382,0.49347488621247787,0.9921501426945691
3682,5,4,1,0.8,0.2,0.5945011197278541,0.9867413265364511,0.5,0.29725055986392707,0.890857556356147,0.7972505450029115,0.20274942527505738,0.9970641534023708
3684,2,1,1,0.5,0.5,-0.14983337290720206,-0.14983337290720206,0.2857142857142857,-0.042809535116343445,1.1912430167139603,0.42508333389646147,0.5749167068036635,0.9211680279298431
3686,4,3,1,0.75,0.25,0.6280459128656266,0.9911878355187824,0.4444444444444444,0.27913151682916737,0.7318432817668068,0.8140229578080032,0.1859770449423766,0.9314445788922164
3688,3,2,1,0.6666666666666666,0.3333333333333333,0.378862293379902,0.9917554472809408,0.375,0.14207336001746326,1.0644529687093949,0.6894311265873946,0.31056883320749257,0.9728513309443718
3693,1,1,0,1.0,0.0,0.9900542414641078,0.9900542414641078,0.16666666666666666,0.16500904024401797,0.0,0.9950270833848398,0.0049728419207319425,0.9950270833848398
3697,3,1,2,0.3333333333333333,0.6666666666666666,-0.3364032146172808,-0.9964280044921091,0.375,-0.1261512054814803,1.1455344599590276,0.3317983894227959,0.6682016040400768,0.9969833124837466
3698,3,1,2,0.3333333333333333,0.6666666666666666,-0.45545991770201577,-0.9241203817521563,0.375,-0.17079746913825591,0.865184322166188,0.2722700451780937,0.7277299628801095,0.9087120250372737
3699,3,3,0,1.0,0.0,0.995271385787035,0.9980426008938349,0.375,0.3732267696701381,0.005970187097494042,0.9976357047037228,0.002364318916687909,0.9976357047037228
3701,1,0,1,0.0,1.0,-0.9994649174055312,-0.9994649174055312,0.16666666666666666,-0.1665774862342552,0.0,0.00026749553749474085,0.999732412943026,0.999732412943026
3702,7,5,2,0.7142857142857143,0.2857142857142857,0.4432742501292274,0.9968132104847457,0.5833333333333334,0.258576645908716,0.9454609632735868,0.7216371328065138,0.27836288267728637,0.9902535741804702
3703,6,5,1,0.8333333333333334,0.16666666666666666,0.6540360035276436,0.9830416312849877,0.5454545454545454,0.35674691101507827,0.8081225545508225,0.8270179945482,0.17298199102055642,0.992904363176406
3704,5,1,4,0.2,0.8,-0.540579964711407,-0.9208077245812619,0.5,-0.2702899823557035,0.8650491210681961,0.22971001588558967,0.7702899805969967,0.97008412089401
3705,3,1,2,0.3333333333333333,0.6666666666666666,0.0005683108175381276,-0.019612811362906657,0.375,0.00021311655657679784,0.9892304075605217,0.5002841360574876,0.4997158252399494,0.8329607837552859
3706,1,1,0,1.0,0.0,0.9807503964912377,0.9807503964912377,0.16666666666666666,0.1634583994152063,0.0,0.9903752085124476,0.009624812021209864,0.9903752085124476
3708,1,1,0,1.0,0.0,0.9957291190175043,0.9957291190175043,0.16666666666666666,0.16595485316958403,0.0,0.9978645435277966,0.002135424510292385,0.9978645435277966
3710,1,0,1,0.0,1.0,-0.9987348184080386,-0.9987348184080386,0.16666666666666666,-0.16645580306800642,0.0,0.0006325931356447499,0.9993674115436834,0.9993674115436834
3717,4,3,1,0.75,0.25,0.49589945776099886,0.9874913649914557,0.4444444444444444,0.22039975900488837,0.991387657251053,0.7479497356798375,0.2520502779188386,0.9957202639267966
3723,1,0,1,0.0,1.0,-0.5643227527171005,-0.5643227527171005,0.16666666666666666,-0.09405379211951675,0.0,0.2178386475568936,0.7821614002739942,0.7821614002739942
3726,2,2,0,1.0,0.0,0.9891258899066335,0.9891258899066335,0.2857142857142857,0.282607397116181,0.01505224930092853,0.9945629740362819,0.005437084129648423,0.9945629740362819
3727,1,1,0,1.0,0.0,0.9995080439271186,0.9995080439271186,0.16666666666666666,0.1665846739878531,0.0,0.9997539970818468,0.00024595315472816857,0.9997539970818468
3728,1,1,0,1.0,0.0,0.985867064254089,0.985867064254089,0.16666666666666666,0.1643111773756815,0.0,0.992933510834316,0.007066446580227066,0.992933510834316
3729,2,1,1,0.5,0.5,0.3069113499704219,0.3069113499704219,0.2857142857142857,0.08768895713440626,0.9737409211797139,0.6534556368847827,0.3465442869143608,0.8442693661420773
3730,4,3,1,0.75,0.25,0.6514386888201074,0.9990102157322917,0.4444444444444444,0.28952830614226993,0.6954994681515576,0.8257193395497566,0.17428065072964935,0.9236719392711688
3735,1,1,0,1.0,0.0,0.9971628471285896,0.9971628471285896,0.16666666666666666,0.16619380785476492,0.0,0.9985814277401365,0.0014185806115468342,0.9985814277401365
3736,2,2,0,1.0,0.0,0.9735107511710209,0.9735107511710209,0.2857142857142857,0.278145928906006,0.02014095813589412,0.9867553733151138,0.013244622144092846,0.9867553733151138
3740,6,5,1,0.8333333333333334,0.16666666666666666,0.6555969356344569,0.9924149995614773,0.5454545454545454,0.35759832852788553,0.810310602405741,0.827798465529626,0.17220152989516913,0.9941319270179517
3741,2,2,0,1.0,0.0,0.9842158012130489,0.9842158012130489,0.2857142857142857,0.2812045146322997,0.004005144804291196,0.9921078788858813,0.007892077672832325,0.9921078788858813
3742,1,1,0,1.0,0.0,0.9969830087704747,0.9969830087704747,0.16666666666666666,0.16616383479507912,0.0,0.9984915250176144,0.0015085162471396853,0.9984915250176144
3744,3,3,0,1.0,0.0,0.990417305086022,0.9878848694652492,0.375,0.37140648940725823,0.007917319943336214,0.995208661631478,0.004791356545456098,0.995208661631478
3751,4,4,0,1.0,0.0,0.9991559668634007,0.9992736849294663,0.4444444444444444,0.44406931860595583,0.000558692302298019,0.9995779899831466,0.00042202311974588193,0.9995779899831466
3752,1,1,0,1.0,0.0,0.9997608370815768,0.9997608370815768,0.16666666666666666,0.1666268061802628,0.0,0.9998804175335428,0.0001195804519659799,0.9998804175335428
3753,1,1,0,1.0,0.0,0.9634469431989333,0.9634469431989333,0.16666666666666666,0.16057449053315553,0.0,0.9817234612757864,0.018276518076853036,0.9817234612757864
3755,3,2,1,0.6666666666666666,0.3333333333333333,0.37028055783747177,0.9952685787461021,0.375,0.13885520918905192,1.0850587331585884,0.6851402873368553,0.3148597294993835,0.9793523523905189
3760,1,0,1,0.0,1.0,-0.8681732193898346,-0.8681732193898346,0.16666666666666666,-0.14469553656497242,0.0,0.06591340242806128,0.9340866218178959,0.9340866218178959
3763,2,1,1,0.5,0.5,0.02862163140769075,0.02862163140769075,0.2857142857142857,0.008177608973625928,1.3719119411682423,0.514310816544269,0.4856891851365782,0.9850441192358557
3764,1,1,0,1.0,0.0,0.9963985018327203,0.9963985018327203,0.16666666666666666,0.16606641697212005,0.0,0.998199247978103,0.0018007461453827334,0.998199247978103
3766,2,2,0,1.0,0.0,0.6560110714855535,0.6560110714855535,0.2857142857142857,0.18743173471015812,0.47643044978919546,0.8280055225759313,0.17199445109037784,0.8280055225759313
3769,3,3,0,1.0,0.0,0.8578878398813666,0.9674406322921653,0.375,0.3217079399555125,0.21522797935042526,0.9289439188796148,0.07105607899824797,0.9289439188796148
3770,2,2,0,1.0,0.0,0.9936069895047435,0.9936069895047435,0.2857142857142857,0.2838877112870695,0.006963532365096585,0.9968034840075353,0.0031964945027919485,0.9968034840075353
3783,3,1,2,0.3333333333333333,0.6666666666666666,-0.32476594883122484,-0.972663624055924,0.375,-0.12178723081170931,1.1439605459868434,0.3376170514666996,0.6623830002979245,0.9944118959144559
3784,1,1,0,1.0,0.0,0.9997480025008924,0.9997480025008924,0.16666666666666666,0.16662466708348206,0.0,0.9998739606383219,0.00012595813742951852,0.9998739606383219
3785,2,2,0,1.0,0.0,0.9997058089224802,0.9997058089224802,0.2857142857142857,0.2856302311207086,8.625662520227841e-05,0.999852885719107,0.00014707679662681302,0.999852885719107
3786,2,2,0,1.0,0.0,0.9990931239820451,0.9990931239820451,0.2857142857142857,0.2854551782805843,0.0003185041810723418,0.9995465403361445,0.0004534163540993846,0.9995465403361445
3788,1,1,0,1.0,0.0,0.9914845058381387,0.9914845058381387,0.16666666666666666,0.16524741763968978,0.0,0.9957422327112269,0.004257726873088087,0.9957422327112269
3791,3,1,2,0.3333333333333333,0.6666666666666666,-0.25801751602357964,-0.8080816450820631,0.375,-0.09675656850884237,1.0893223058917905,0.3709912403598407,0.6290087563834205,0.9612270492855445
3793,5,3,2,0.6,0.4,0.20863565143593138,0.9611371066780854,0.5,0.10431782571796569,1.062968373659506,0.6043178187175213,0.39568216728158995,0.9865027382791606
3798,4,3,1,0.75,0.25,0.49479285865760697,0.9478087216201756,0.4444444444444444,0.21990793718115864,0.9328545912557753,0.7473964257425423,0.25260356708493537,0.9733959778119008
3802,1,1,0,1.0,0.0,0.9607580012204695,0.9607580012204695,0.16666666666666666,0.1601263335367449,0.0,0.9803789878378109,0.019620986617341334,0.9803789878378109
3811,2,2,0,1.0,0.0,0.9957268657549091,0.9957268657549091,0.2857142857142857,0.2844933902156883,0.0006930407135328731,0.9978634211374842,0.002136555382575112,0.9978634211374842
3814,1,1,0,1.0,0.0,0.994982081639192,0.994982081639192,0.16666666666666666,0.16583034693986531,0.0,0.9974910328223271,0.0025089511831351548,0.9974910328223271
3819,1,1,0,1.0,0.0,0.9927905270393859,0.9927905270393859,0.16666666666666666,0.16546508783989763,0.0,0.9963952896442819,0.0036047626048960582,0.9963952896442819
3824,1,1,0,1.0,0.0,0.9824014757720518,0.9824014757720518,0.16666666666666666,0.16373357929534196,0.0,0.9912007076639525,0.008799231891900721,0.9912007076639525
3825,3,3,0,1.0,0.0,0.758376822333165,0.9924531637695787,0.375,0.28439130837493687,0.41164215170340296,0.8791884204885894,0.12081159815542443,0.8791884204885894
3826,6,4,2,0.6666666666666666,0.3333333333333333,0.3321170989514676,0.9819329058428345,0.5454545454545454,0.18115478124625506,1.0183113649564024,0.6660585508177851,0.33394145186631746,0.9935401094641826
3827,1,1,0,1.0,0.0,0.964476203918457,0.964476203918457,0.16666666666666666,0.1607460339864095,0.0,0.9822380913628472,0.017761887444390192,0.9822380913628472
3831,1,1,0,1.0,0.0,0.9893625792882121,0.9893625792882121,0.16666666666666666,0.164893763214702,0.0,0.9946812839372784,0.005318704649066248,0.9946812839372784
3835,1,1,0,1.0,0.0,0.7065771002518503,0.7065771002518503,0.16666666666666666,0.11776285004197504,0.0,0.8532885099712171,0.14671140971936678,0.8532885099712171
3836,3,3,0,1.0,0.0,0.9886479813697467,0.9941088966615907,0.375,0.37074299301365504,0.011880989688354946,0.9943239993634015,0.005676017993654799,0.9943239993634015
3841,3,2,1,0.6666666666666666,0.3333333333333333,0.3059809023664703,0.9158278041415744,0.375,0.11474283838742635,1.1295777783105048,0.6529904336200163,0.347009531253546,0.9854727477456499
3844,3,2,1,0.6666666666666666,0.3333333333333333,0.3323009665349242,0.9973336135240016,0.375,0.12461286245059658,1.1529734823733337,0.6661504882208803,0.3338495216859562,0.9991631319663826
3857,1,1,0,1.0,0.0,0.8712311695829967,0.8712311695829967,0.16666666666666666,0.14520519493049944,0.0,0.9356155775529836,0.06438440796998691,0.9356155775529836
3861,2,2,0,1.0,0.0,0.9961591346535861,0.9961591346535861,0.2857142857142857,0.2846168956153103,0.005099731801460521,0.9980795717670112,0.0019204371134252324,0.9980795717670112
3863,3,2,1,0.6666666666666666,0.3333333333333333,0.3462564412414409,0.9995233467444009,0.375,0.12984616546554034,1.1316387752672112,0.6731282276466432,0.32687178640520226,0.993277380353474
3868,5,4,1,0.8,0.2,0.6023836286144668,0.9905440846046843,0.5,0.3011918143072334,0.8320777564061792,0.8011918217630338,0.19880819314856704,0.9780894659210186
3869,3,1,2,0.3333333333333333,0.6666666666666666,-0.3248149892693412,-0.979223036647436,0.375,-0.12180562097600295,1.145437862593269,0.3375925129023945,0.6624075021717357,0.9950070814591115
3871,2,2,0,1.0,0.0,0.9985505798386282,0.9985505798386282,0.2857142857142857,0.28530016566817945,0.0005410273928023397,0.9992752933080802,0.0007247134694520145,0.9992752933080802
3877,2,0,2,0.0,1.0,-0.9167628122744795,-0.9167628122744795,0.2857142857142857,-0.2619322320784227,0.09952274958050339,0.041618610278763846,0.9583814225532434,0.9583814225532434
3882,2,2,0,1.0,0.0,0.9979367857234203,0.9979367857234203,0.2857142857142857,0.2851247959209772,0.002147902937596538,0.9989684092453471,0.0010316235219269062,0.9989684092453471
3889,1,0,1,0.0,1.0,-0.9994770716338888,-0.9994770716338888,0.16666666666666666,-0.16657951193898146,0.0,0.00026146512470329945,0.999738536758592,0.999738536758592
3893,1,1,0,1.0,0.0,0.7693887145200848,0.7693887145200848,0.16666666666666666,0.12823145242001413,0.0,0.8846943510471804,0.11530563652709563,0.8846943510471804
3895,1,0,1,0.0,1.0,-0.9984901615709713,-0.9984901615709713,0.16666666666666666,-0.1664150269284952,0.0,0.0007549299175156159,0.9992450914884868,0.9992450914884868
3896,1,1,0,1.0,0.0,0.8856643959879875,0.8856643959879875,0.16666666666666666,0.14761073266466457,0.0,0.9428321915594015,0.05716779557141391,0.9428321915594015
3897,6,6,0,1.0,0.0,0.9958089521056092,0.9969604385198818,0.5454545454545454,0.5431685193303323,0.003969354483663155,0.9979044734869924,0.0020955213813833146,0.9979044734869924
3908,1,1,0,1.0,0.0,0.47422955493559904,0.47422955493559904,0.16666666666666666,0.07903825915593317,0.0,0.7371147812547668,0.2628852263191678,0.7371147812547668
3910,3,2,1,0.6666666666666666,0.3333333333333333,0.3240104878655335,0.9517005444532428,0.375,0.12150393294957507,1.1233019217162357,0.6620052480007473,0.3379947601352138,0.9862871754901968
3916,4,3,1,0.75,0.25,0.6145854745998474,0.9420070734855617,0.4444444444444444,0.27314909982215435,0.6953562960682159,0.8072927339139023,0.19270725931405497,0.9136253414812127
3917,1,1,0,1.0,0.0,0.9807694253995437,0.9807694253995437,0.16666666666666666,0.16346157089992394,0.0,0.990384715472081,0.009615290072537207,0.990384715472081
3918,2,1,1,0.5,0.5,-0.0035536475997557937,-0.0035536475997557937,0.2857142857142857,-0.0010153278856445125,1.4046554744190707,0.4982231832921186,0.5017768308918744,0.9966207126882625
3927,3,3,0,1.0,0.0,0.9661860386579563,0.9984807580709457,0.375,0.3623197644967336,0.05609147223418888,0.9830930290023555,0.01690699034439939,0.9830930290023555
3928,1,1,0,1.0,0.0,0.9987831117025965,0.9987831117025965,0.16666666666666666,0.16646385195043273,0.0,0.9993915168606505,0.0006084051580540293,0.9993915168606505
3930,3,3,0,1.0,0.0,0.9978395431459114,0.9992439639029191,0.375,0.3741898286797168,0.002444185638680935,0.998919759303133,0.001080216157221634,0.998919759303133
3932,3,2,1,0.6666666666666666,0.3333333333333333,0.42961067046182744,0.9855205876888133,0.375,0.1611040014231853,0.9661786979699676,0.7148053373908029,0.2851946669289753,0.9434834062350822
3947,2,1,1,0.5,0.5,0.19100638995024616,0.19100638995024616,0.2857142857142857,0.0545732542714989,1.096954639378711,0.5955032158170315,0.4044968258667853,0.8878320529212735
3948,2,0,2,0.0,1.0,-0.8357706861656383,-0.8357706861656383,0.2857142857142857,-0.2387916246187538,0.003058808696977198,0.08211465691718081,0.9178853430828191,0.9178853430828191
3949,4,4,0,1.0,0.0,0.948176670847288,0.968254624903202,0.4444444444444444,0.42141185370990575,0.05988592281400326,0.9740883483079849,0.025911677460696846,0.9740883483079849
3950,1,1,0,1.0,0.0,0.08335150159024579,0.08335150159024579,0.16666666666666666,0.013891916931707632,0.0,0.5416757602884312,0.45832425869818544,0.5416757602884312
3952,1,0,1,0.0,1.0,-0.9948523886761262,-0.9948523886761262,0.16666666666666666,-0.16580873144602104,0.0,0.002573810406585238,0.9974261990827115,0.9974261990827115
3953,2,0,2,0.0,1.0,-0.969072603191834,-0.969072603191834,0.2857142857142857,-0.27687788662623825,0.0402053733080433,0.015463699995469106,0.9845363031873031,0.9845363031873031
3964,3,1,2,0.3333333333333333,0.6666666666666666,-0.30911894563644277,-0.892867737968496,0.375,-0.11591960461366604,1.0897714685381317,0.3454405262369126,0.6545594718733554,0.9706169347252877
3967,1,1,0,1.0,0.0,0.9938011022298702,0.9938011022298702,0.16666666666666666,0.1656335170383117,0.0,0.9969005824937027,0.0030994802638325343,0.9969005824937027
3968,1,0,1,0.0,1.0,-0.984452962157238,-0.984452962157238,0.16666666666666666,-0.164075493692873,0.0,0.007773512099162641,0.9922264742564006,0.9922264742564006
3969,1,1,0,1.0,0.0,0.9736989593881321,0.9736989593881321,0.16666666666666666,0.162283159898022,0.0,0.9868494709645669,0.01315051157643476,0.9868494709645669
3973,2,0,2,0.0,1.0,-0.5350012856573448,-0.5350012856573448,0.2857142857142857,-0.1528575101878128,0.6561186995249543,0.23249937095336354,0.7675006566107084,0.7675006566107084
3977,3,1,2,0.3333333333333333,0.6666666666666666,-0.2844366313890547,-0.8558223198004928,0.375,-0.1066637367708955,1.1129897451656383,0.3577816853067232,0.6422183166957779,0.9749496529779424
3979,2,2,0,1.0,0.0,0.9988233291753257,0.9988233291753257,0.2857142857142857,0.285378094050093,0.0005434755791672364,0.9994116668521374,0.0005883376768117848,0.9994116668521374
3980,2,2,0,1.0,0.0,0.9994176262402616,0.9994176262402616,0.2857142857142857,0.2855478932115033,0.00022767274886187263,0.9997088269590941,0.0002912007188325024,0.9997088269590941
3981,3,1,2,0.3333333333333333,0.6666666666666666,-0.5578579664189817,-0.9976490187735958,0.375,-0.20919673740711814,0.7630699017730388,0.22107101614486543,0.7789289825638471,0.8866819207232989
3984,6,4,2,0.6666666666666666,0.3333333333333333,0.3070965075832968,0.8987520193675844,0.5454545454545454,0.16750718595452552,0.9967925326763937,0.6535482625887669,0.34645175500547004,0.9788721174170893
3985,2,1,1,0.5,0.5,0.014588865639901916,0.014588865639901916,0.2857142857142857,0.004168247325686262,1.386946723585287,0.5072944354467582,0.4927055698068563,0.9903597193226176
3986,2,2,0,1.0,0.0,0.9971250194596225,0.9971250194596225,0.2857142857142857,0.28489286270274927,0.0006363475656933602,0.9985624906004202,0.001437471140797782,0.9985624906004202
3988,5,3,2,0.6,0.4,0.2347842995382304,0.7706297119758583,0.5,0.1173921497691152,0.9427354500772964,0.617392151168173,0.3826078516299426,0.9340460543910261
3991,2,0,2,0.0,1.0,-0.9396665304825418,-0.9396665304825418,0.2857142857142857,-0.2684761515664405,0.06299040193490985,0.030166725738997542,0.9698332562215394,0.9698332562215394
3992,1,1,0,1.0,0.0,0.9996879108415709,0.9996879108415709,0.16666666666666666,0.16661465180692847,0.0,0.9998439534505208,0.00015604260894987317,0.9998439534505208
3994,5,5,0,1.0,0.0,0.997393083007282,0.9991429538185735,0.5,0.498696541503641,0.0033556907879400883,0.9986965500468138,0.0013034670395318275,0.9986965500468138
3996,2,2,0,1.0,0.0,0.9979291264459772,0.9979291264459772,0.2857142857142857,0.28512260755599345,0.0013974285301195262,0.9989645684611551,0.001035442015177906,0.9989645684611551
3997,2,2,0,1.0,0.0,0.9360057950170819,0.9360057950170819,0.2857142857142857,0.2674302271477377,0.07763913875211424,0.9680028671148693,0.031997072097787446,0.9680028671148693
3998,1,0,1,0.0,1.0,-0.9923125270892073,-0.9923125270892073,0.16666666666666666,-0.16538542118153454,0.0,0.0038437415604238158,0.996156268649631,0.996156268649631
3999,3,1,2,0.3333333333333333,0.6666666666666666,0.005740394639838738,-0.04370250006918963,0.375,0.0021526479899395268,0.9695818016604972,0.50287020736562,0.49712981272578133,0.8301623785009836
4002,2,2,0,1.0,0.0,0.992314217087128,0.992314217087128,0.2857142857142857,0.2835183477391794,0.010000517460536274,0.9961571052611581,0.0038428881740300612,0.9961571052611581
4005,6,6,0,1.0,0.0,0.9772149106718061,0.9910932228433094,0.5454545454545454,0.5330263149118942,0.03438815587778286,0.9886074628690243,0.011392552197218178,0.9886074628690243
4006,1,0,1,0.0,1.0,-0.9822980683215343,-0.9822980683215343,0.16666666666666666,-0.1637163447202557,0.0,0.00885099172592163,0.991149060047456,0.991149060047456
4007,2,2,0,1.0,0.0,0.991956501223147,0.991956501223147,0.2857142857142857,0.2834161432066134,0.0017598119565809497,0.9959782581329346,0.0040217569097876545,0.9959782581329346
4008,3,3,0,1.0,0.0,0.9876296147084429,0.9823477866608392,0.375,0.3703611055156661,0.010070745733897723,0.9938148157848573,0.006185201076414341,0.9938148157848573
4009,1,1,0,1.0,0.0,0.8860064317835844,0.8860064317835844,0.16666666666666666,0.1476677386305974,0.0,0.9430032005922042,0.05699676880861986,0.9430032005922042
4010,1,1,0,1.0,0.0,0.9996777511850903,0.9996777511850903,0.16666666666666666,0.16661295853084837,0.0,0.999838857939749,0.00016110675465880018,0.999838857939749
4011,2,2,0,1.0,0.0,0.9923827121926292,0.9923827121926292,0.2857142857142857,0.28353791776932263,0.010356657503719653,0.9961913284050079,0.0038086162123787686,0.9961913284050079
4016,1,1,0,1.0,0.0,0.999079959074478,0.999079959074478,0.16666666666666666,0.166513326512413,0.0,0.999539978301044,0.0004600192265660239,0.999539978301044
4017,1,1,0,1.0,0.0,0.5052677272174853,0.5052677272174853,0.16666666666666666,0.08421128786958088,0.0,0.7526338552063258,0.24736612798884053,0.7526338552063258
4019,1,0,1,0.0,1.0,-0.4351846565662975,-0.4351846565662975,0.16666666666666666,-0.07253077609438291,0.0,0.2824076807834733,0.7175923373497708,0.7175923373497708
4020,2,2,0,1.0,0.0,0.981986346395207,0.981986346395207,0.2857142857142857,0.28056752754148767,0.02495303361859664,0.9909931637408087,0.009006817345601605,0.9909931637408087
4022,3,2,1,0.6666666666666666,0.3333333333333333,0.2708742881681429,0.44219449269685807,0.375,0.10157785806305358,0.8245729050660581,0.6354371553736468,0.3645628672055039,0.8440707545623273
4025,4,4,0,1.0,0.0,0.9892397029880718,0.9920594350104832,0.4444444444444444,0.4396620902169208,0.011642896634458269,0.994619839441467,0.005380136453395228,0.994619839441467
4027,3,3,0,1.0,0.0,0.9981730214921786,0.998431246258847,0.375,0.37431488305956695,0.0006886706818286464,0.9990865204598891,0.0009134989677105958,0.9990865204598891
4029,1,1,0,1.0,0.0,0.9744942156260445,0.9744942156260445,0.16666666666666666,0.16241570260434074,0.0,0.9872471342150797,0.012752918589035137,0.9872471342150797
4031,2,1,1,0.5,0.5,0.3419374026251514,0.3419374026251514,0.2857142857142857,0.09769640075004324,0.7434054493666784,0.6709686923558082,0.3290312897306568,0.762833508252338
4033,2,2,0,1.0,0.0,0.9968660411289478,0.9968660411289478,0.2857142857142857,0.28481886889398506,0.003454388456209408,0.9984330242567621,0.0015669831278141261,0.9984330242567621
4034,3,1,2,0.3333333333333333,0.6666666666666666,-0.145786116232747,-0.4441874093243054,0.375,-0.05466979358728013,1.0288555605090035,0.427106950040318,0.572893066273065,0.9059886140692087
4036,1,1,0,1.0,0.0,0.9814349842759279,0.9814349842759279,0.16666666666666666,0.1635724973793213,0.0,0.9907174477210412,0.009282463445113255,0.9907174477210412
4037,1,1,0,1.0,0.0,0.919233963924384,0.919233963924384,0.16666666666666666,0.153205660654064,0.0,0.9596169909591195,0.04038302703473553,0.9596169909591195
4039,1,1,0,1.0,0.0,0.9963715908856228,0.9963715908856228,0.16666666666666666,0.16606193181427045,0.0,0.9981857825969828,0.0018141917113600105,0.9981857825969828
4041,2,1,1,0.5,0.5,-0.016563135072314383,-0.016563135072314383,0.2857142857142857,-0.004732324306375538,1.3870140185222974,0.4917184382733203,0.5082815733456347,0.9903835148584376
4047,2,2,0,1.0,0.0,0.595562233509933,0.595562233509933,0.2857142857142857,0.17016063814569513,0.5433130792138773,0.7977811304220728,0.2022188969121398,0.7977811304220728
4056,1,0,1,0.0,1.0,-0.4586844437674538,-0.4586844437674538,0.16666666666666666,-0.07644740729457564,0.0,0.270657762750849,0.7293422065183028,0.7293422065183028
4061,1,1,0,1.0,0.0,0.997832002657237,0.997832002657237,0.16666666666666666,0.16630533377620615,0.0,0.99891601115356,0.0010840084963229114,0.99891601115356
4066,1,1,0,1.0,0.0,0.9549277796261552,0.9549277796261552,0.16666666666666666,0.15915462993769253,0.0,0.9774638742640398,0.02253609463788461,0.9774638742640398
4067,1,1,0,1.0,0.0,0.7269009108346833,0.7269009108346833,0.16666666666666666,0.12115015180578055,0.0,0.8634504601327582,0.13654954929807486,0.8634504601327582
4069,1,0,1,0.0,1.0,-0.791232931915173,-0.791232931915173,0.16666666666666666,-0.1318721553191955,0.0,0.1043835650282216,0.8956164969433946,0.8956164969433946
4082,1,1,0,1.0,0.0,0.9995471305340867,0.9995471305340867,0.16666666666666666,0.16659118842234777,0.0,0.999773545698686,0.00022641516459936446,0.999773545698686
4084,2,2,0,1.0,0.0,0.764867229904884,0.764867229904884,0.2857142857142857,0.21853349425853827,0.24430110825997817,0.8824336017706456,0.11756637186576159,0.8824336017706456
4085,2,2,0,1.0,0.0,0.9981911709749998,0.9981911709749998,0.2857142857142857,0.2851974774214285,0.0014886881750270308,0.9990955634745208,0.0009043924995211126,0.9990955634745208
4086,2,2,0,1.0,0.0,0.9944625220544308,0.9944625220544308,0.2857142857142857,0.2841321491584088,0.00726145838166912,0.9972312703791024,0.0027687483246717102,0.9972312703791024
4091,2,2,0,1.0,0.0,0.9808096734637419,0.9808096734637419,0.2857142857142857,0.2802313352753548,0.02385928564924323,0.990404863830443,0.009595190366701112,0.990404863830443
4103,2,2,0,1.0,0.0,0.9049944185557623,0.9049944185557623,0.2857142857142857,0.2585698338730749,0.10921660746122146,0.952497221107784,0.047502802552021654,0.952497221107784
4105,5,3,2,0.6,0.4,0.16907942763855785,0.8426350783665627,0.5,0.08453971381927892,1.0536623607710487,0.5845397153196065,0.4154602876810486,0.9778636204236477
4117,1,1,0,1.0,0.0,0.9988933164379342,0.9988933164379342,0.16666666666666666,0.16648221940632235,0.0,0.9994466296233584,0.0005533131854241467,0.9994466296233584
4121,2,2,0,1.0,0.0,0.9870463364785873,0.9870463364785873,0.2857142857142857,0.2820132389938821,0.016658295322558546,0.9935231847203503,0.006476848241763127,0.9935231847203503
4124,3,0,3,0.0,1.0,-0.9838589292143558,-0.9841232198657412,0.375,-0.3689470984553834,0.014932594345459184,0.008070545742039087,0.9919294749563948,0.9919294749563948
4128,2,2,0,1.0,0.0,0.84101346989147,0.84101346989147,0.2857142857142857,0.24028956282613426,0.21505142544576294,0.9205067348154516,0.07949326492398164,0.9205067348154516
4132,3,1,2,0.3333333333333333,0.6666666666666666,-0.27149711528229753,-0.8753215934656844,0.375,-0.10181141823086157,1.1011740369085563,0.36425145214742954,0.6357485674297271,0.9689162250572737
4133,4,3,1,0.75,0.25,0.45067824711194726,0.8984952636006893,0.4444444444444444,0.20030144316086543,0.9670975757442144,0.7253391250101665,0.2746608778982193,0.973645438719874
4143,1,1,0,1.0,0.0,0.9953316930353332,0.9953316930353332,0.16666666666666666,0.16588861550588885,0.0,0.9976658796399368,0.0023341866046035845,0.9976658796399368
4144,1,1,0,1.0,0.0,0.9989330825897363,0.9989330825897363,0.16666666666666666,0.16648884709828937,0.0,0.999466552734375,0.0005334701446386484,0.999466552734375
4148,2,0,2,0.0,1.0,-0.622517544830093,-0.622517544830093,0.2857142857142857,-0.17786215566574085,0.5289729279285856,0.18874125856935614,0.8112588033994492,0.8112588033994492
4149,1,0,1,0.0,1.0,-0.8663773105894665,-0.8663773105894665,0.16666666666666666,-0.14439621843157774,0.0,0.06681134470526674,0.9331886552947333,0.9331886552947333
4158,1,1,0,1.0,0.0,0.3348667289637312,0.3348667289637312,0.16666666666666666,0.0558111214939552,0.0,0.667433340338212,0.3325666113744808,0.667433340338212
4161,2,2,0,1.0,0.0,0.9993717844342158,0.9993717844342158,0.2857142857142857,0.28553479555263306,0.00018211855568299386,0.999685882296958,0.0003140978627422228,0.999685882296958
4167,2,1,1,0.5,0.5,0.0016692034629356978,0.0016692034629356978,0.2857142857142857,0.00047691527512448505,1.4115010238721157,0.5008345722688912,0.4991653688059555,0.9990409433532873
4178,2,2,0,1.0,0.0,0.9976635866193642,0.9976635866193642,0.2857142857142857,0.28504673903410405,0.0024688039693147304,0.9988317894450996,0.0011682028257355061,0.9988317894450996
4187,1,1,0,1.0,0.0,0.9872259348017689,0.9872259348017689,0.16666666666666666,0.1645376558002948,0.0,0.9936129723066165,0.006387037504847648,0.9936129723066165
4191,2,2,0,1.0,0.0,0.8620132042971818,0.8620132042971818,0.2857142857142857,0.2462894869420519,0.18527118272909177,0.9310065726999386,0.0689933684027568,0.9310065726999386
4210,2,2,0,1.0,0.0,0.9909018796198743,0.9909018796198743,0.2857142857142857,0.2831148227485355,0.003867148912260938,0.9954509375324068,0.004549057912532442,0.9954509375324068
4211,2,1,1,0.5,0.5,-0.2401434422638432,-0.2401434422638432,0.2857142857142857,-0.06861241207538377,1.0093556665166652,0.37992828932503364,0.6200717315888769,0.856861128668456
4212,1,1,0,1.0,0.0,0.9960293389115659,0.9960293389115659,0.16666666666666666,0.1660048898185943,0.0,0.9980146797539676,0.001985340842401794,0.9980146797539676
4218,1,1,0,1.0,0.0,0.9973146968993587,0.9973146968993587,0.16666666666666666,0.1662191161498931,0.0,0.9986573150192481,0.0013426181198894114,0.9986573150192481
4220,2,2,0,1.0,0.0,0.9925957155782392,0.9925957155782392,0.2857142857142857,0.2835987758794969,0.009100528159861064,0.996297841331372,0.003702125753132811,0.996297841331372
4223,1,0,1,0.0,1.0,-0.22419564422114646,-0.22419564422114646,0.16666666666666666,-0.037365940703524406,0.0,0.38790214950443846,0.6120977937255849,0.6120977937255849
4225,1,1,0,1.0,0.0,0.9992944615645499,0.9992944615645499,0.16666666666666666,0.166549076927425,0.0,0.9996472129338905,0.0003527513693405103,0.9996472129338905
4226,8,6,2,0.75,0.25,0.3790979155150363,0.8009304556902492,0.6153846153846154,0.23329102493233003,0.8599753523631262,0.6895489522182332,0.31045103670319685,0.9315685717697869
4228,1,1,0,1.0,0.0,0.9978682018846156,0.9978682018846156,0.16666666666666666,0.16631136698076926,0.0,0.9989340732772037,0.0010658713925882164,0.9989340732772037
4232,1,1,0,1.0,0.0,0.9743338415497228,0.9743338415497228,0.16666666666666666,0.16238897359162047,0.0,0.9871669568513569,0.012833115301634135,0.9871669568513569
4235,1,1,0,1.0,0.0,0.8323846612301172,0.8323846612301172,0.16666666666666666,0.1387307768716862,0.0,0.916192312723263,0.08380765149314574,0.916192312723263
4238,4,2,2,0.5,0.5,0.01428828859894013,0.02468972325143698,0.4444444444444444,0.006350350488417835,1.136949771646365,0.5071441581236985,0.49285586952475835,0.9922538775673223
4239,2,1,1,0.5,0.5,-0.0006620631510900199,-0.0006620631510900199,0.2857142857142857,-0.00018916090031143425,1.412375880495248,0.49966899790010894,0.500331061051199,0.9993503108169093
4246,4,3,1,0.75,0.25,0.510028181869676,0.9919100093956912,0.4444444444444444,0.22667919194207822,0.9668161896428349,0.7550141059564478,0.24498592408677178,0.9900618664997375
4247,1,1,0,1.0,0.0,0.9997437305357908,0.9997437305357908,0.16666666666666666,0.16662395508929845,0.0,0.9998718384773501,0.0001281079415592455,0.9998718384773501
4248,2,2,0,1.0,0.0,0.9685469663211337,0.9685469663211337,0.2857142857142857,0.27672770466318103,0.04397935442730333,0.9842735350560566,0.015726568734923004,0.9842735350560566
4254,2,1,1,0.5,0.5,-0.13164361415493686,-0.13164361415493686,0.2857142857142857,-0.037612461187124815,1.166144243705524,0.4341781829779733,0.5658217971329101,0.9122942413383587
4255,1,1,0,1.0,0.0,0.9995163663029671,0.9995163663029671,0.16666666666666666,0.1665860610504945,0.0,0.9997581787109375,0.00024181240797042846,0.9997581787109375
4262,4,2,2,0.5,0.5,0.16646638782346662,0.3319675397536215,0.4444444444444444,0.07398506125487404,0.9992765331552804,0.5832331869817838,0.41676679915831716,0.9165579888159745
4270,5,3,2,0.6,0.4,0.19844426508624924,0.9886834953975452,0.5,0.09922213254312462,1.0914848465059468,0.599222149330572,0.4007778842443228,0.9981054018513529
4275,4,3,1,0.75,0.25,0.5038031897496555,0.9096119638631253,0.4444444444444444,0.2239125287776247,0.8756713450122348,0.7519015826033201,0.24809839285366453,0.952822820451687
4280,1,1,0,1.0,0.0,0.9994725499908592,0.9994725499908592,0.16666666666666666,0.16657875833180985,0.0,0.9997362713481105,0.00026372135725132256,0.9997362713481105
4291,1,1,0,1.0,0.0,0.9827776618120148,0.9827776618120148,0.16666666666666666,0.1637962769686691,0.0,0.9913888326505336,0.00861117083851884,0.9913888326505336
4296,2,1,1,0.5,0.5,0.19873402072237684,0.19873402072237684,0.2857142857142857,0.05678114877782195,1.1293334031496678,0.5993670477929054,0.4006330270705285,0.8992796912255225
4298,1,1,0,1.0,0.0,0.9939645081758499,0.9939645081758499,0.16666666666666666,0.16566075136264163,0.0,0.9969822565714518,0.0030177483956019082,0.9969822565714518
4299,2,2,0,1.0,0.0,0.9719032013892167,0.9719032013892167,0.2857142857142857,0.2776866289683476,0.03342398185403458,0.985951581622982,0.014048380233765359,0.985951581622982
4305,1,0,1,0.0,1.0,-0.9993121182627004,-0.9993121182627004,0.16666666666666666,-0.16655201971045006,0.0,0.000343978485983351,0.9996560967486837,0.9996560967486837
4306,4,4,0,1.0,0.0,0.997365356318649,0.9977638178293577,0.4444444444444444,0.4432734916971773,0.002557321605804868,0.9986826720088009,0.001317315690151883,0.9986826720088009
4308,3,2,1,0.6666666666666666,0.3333333333333333,0.5201753899066778,0.9832208199676234,0.375,0.19506577121500418,0.8163565460126386,0.760087705130851,0.23991231522417303,0.9008956277691483
4310,5,4,1,0.8,0.2,0.46013661031221054,0.9813787184717813,0.5,0.23006830515610527,0.8645048258313404,0.7300683127426723,0.26993170243046183,0.929512799452762
4317,1,1,0,1.0,0.0,0.9985840186476708,0.9985840186476708,0.16666666666666666,0.1664306697746118,0.0,0.9992919921875,0.0007079735398292542,0.9992919921875
4318,1,1,0,1.0,0.0,0.9670199382736022,0.9670199382736022,0.16666666666666666,0.16116998971226704,0.0,0.9835099921169052,0.0164900538433029,0.9835099921169052
4321,2,2,0,1.0,0.0,0.9922164037784256,0.9922164037784256,0.2857142857142857,0.28349040107955015,0.00934234483903231,0.9961082014457259,0.0038917976673002595,0.9961082014457259
4322,1,1,0,1.0,0.0,0.9887220978466562,0.9887220978466562,0.16666666666666666,0.16478701630777604,0.0,0.9943610297309028,0.0056389318842466184,0.9943610297309028
4326,2,2,0,1.0,0.0,0.9963622642577667,0.9963622642577667,0.2857142857142857,0.2846749326450762,0.002201666367117232,0.9981811438073644,0.0018188795495978046,0.9981811438073644
4327,3,3,0,1.0,0.0,0.9909464478895303,0.9971319428552383,0.375,0.37160491795857387,0.012808984109318022,0.995473217737792,0.004526769848261722,0.995473217737792
4329,2,2,0,1.0,0.0,0.5634635498019337,0.5634635498019337,0.2857142857142857,0.16098958565769533,0.6125898093849814,0.7817317665476462,0.2182682167457124,0.7817317665476462
4333,2,2,0,1.0,0.0,0.9116800215133425,0.9116800215133425,0.2857142857142857,0.2604800061466693,0.11995140863048608,0.9558400292889213,0.04416000777557885,0.9558400292889213
4343,2,2,0,1.0,0.0,0.49597584006666884,0.49597584006666884,0.2857142857142857,0.14170738287619108,0.6206873692539533,0.7479879194431894,0.2520120793765206,0.7479879194431894
4344,1,1,0,1.0,0.0,0.9936032589863647,0.9936032589863647,0.16666666666666666,0.1656005431643941,0.0,0.9968016364357688,0.0031983774494041095,0.9968016364357688
4349,1,1,0,1.0,0.0,0.9949386783365933,0.9949386783365933,0.16666666666666666,0.16582311305609887,0.0,0.9974693442290684,0.002530665892475056,0.9974693442290684
4351,5,5,0,1.0,0.0,0.9938939865492934,0.9983129585496814,0.5,0.4969469932746467,0.01020245238697599,0.9969469916269332,0.0030530050776397554,0.9969469916269332
4356,2,2,0,1.0,0.0,0.9667527779700196,0.9667527779700196,0.2857142857142857,0.27621507942000556,0.04255787601400327,0.9833763692435471,0.016623591273527513,0.9833763692435471
4357,1,1,0,1.0,0.0,0.9776231546317581,0.9776231546317581,0.16666666666666666,0.16293719243862634,0.0,0.9888115941950705,0.011188439563312362,0.9888115941950705
4359,2,1,1,0.5,0.5,0.03665032533762774,0.03665032533762774,0.2857142857142857,0.010471521525036498,1.361125369363531,0.5183251533046677,0.4816748279670399,0.9812304799968523
4366,2,1,1,0.5,0.5,0.012474005746919925,0.012474005746919925,0.2857142857142857,0.0035640016419771214,1.3961258769181182,0.5062370104534766,0.49376300470655665,0.9936050450594249
4367,4,3,1,0.75,0.25,0.49957140889854856,0.9988757080234245,0.4444444444444444,0.2220317372882438,0.9991337521145915,0.7497856889579178,0.25021428005936924,0.9995679271498065
4369,5,4,1,0.8,0.2,0.4136925399225289,0.9368012832558674,0.5,0.20684626996126446,0.8711622042062442,0.7068462718055244,0.2931537318829955,0.9067661969316072
4370,4,3,1,0.75,0.25,0.49394229142571694,0.7215752667300026,0.4444444444444444,0.21952990730031863,0.6744057365083206,0.7469711495364914,0.25302885811077447,0.8592537583130491
4378,3,3,0,1.0,0.0,0.9857266352009134,0.9805037385722434,0.375,0.36964748820034254,0.012228623211758001,0.9928633204208491,0.00713668521993559,0.9928633204208491
4387,2,1,1,0.5,0.5,-0.477581807388212,-0.477581807388212,0.2857142857142857,-0.13645194496806057,0.7313662142551497,0.26120910722175034,0.7387909146099623,0.7585770157311311
4396,1,0,1,0.0,1.0,-0.9952640361510791,-0.9952640361510791,0.16666666666666666,-0.16587733935851318,0.0,0.002368001001221793,0.9976320371523009,0.9976320371523009
4406,1,1,0,1.0,0.0,0.996913635796243,0.996913635796243,0.16666666666666666,0.16615227263270715,0.0,0.9984568501566793,0.0015432143604362403,0.9984568501566793
4407,2,2,0,1.0,0.0,0.9833288266934415,0.9833288266934415,0.2857142857142857,0.2809510933409833,0.01912185992986359,0.991664412492282,0.008335585798840467,0.991664412492282
4422,3,2,1,0.6666666666666666,0.3333333333333333,0.3400592573050332,0.9677817047151746,0.375,0.12752222148938747,1.114963227210922,0.6700296290173631,0.32997037171232985,0.9857822521010774
4427,2,2,0,1.0,0.0,0.9992834732115271,0.9992834732115271,0.2857142857142857,0.28550956377472203,0.00013422701915463862,0.9996417351398987,0.00035826192837164856,0.9996417351398987
4432,1,1,0,1.0,0.0,0.999495635574607,0.999495635574607,0.16666666666666666,0.16658260592910115,0.0,0.9997478119314533,0.0002521763568463391,0.9997478119314533
4437,3,2,1,0.6666666666666666,0.3333333333333333,0.22380573808591056,0.6740432027801574,0.375,0.08392715178221646,1.0708300995350837,0.6119028708695651,0.3880971327836546,0.9447796313167997
4444,1,1,0,1.0,0.0,0.9907978420526209,0.9907978420526209,0.16666666666666666,0.1651329736754368,0.0,0.9953989378163512,0.004601095763730331,0.9953989378163512
4446,1,0,1,0.0,1.0,-0.9995094105509704,-0.9995094105509704,0.16666666666666666,-0.16658490175849505,0.0,0.0002453231756560138,0.9997547337266265,0.9997547337266265
4447,5,4,1,0.8,0.2,0.635175648037538,0.9994483629707247,0.5,0.317587824018769,0.8142459517442115,0.8175878207635776,0.18241217272603957,0.9818661195116061
4448,1,1,0,1.0,0.0,0.9993657939571966,0.9993657939571966,0.16666666666666666,0.16656096565953277,0.0,0.9996828931443235,0.00031709918712681913,0.9996828931443235
4464,1,1,0,1.0,0.0,0.9785064560692494,0.9785064560692494,0.16666666666666666,0.1630844093448749,0.0,0.9892532293247008,0.01074677325545146,0.9892532293247008
4465,1,1,0,1.0,0.0,0.977546994524203,0.977546994524203,0.16666666666666666,0.16292449908736717,0.0,0.9887735335553278,0.011226539031124786,0.9887735335553278
4466,1,0,1,0.0,1.0,-0.06748722024159892,-0.06748722024159892,0.16666666666666666,-0.011247870040266486,0.0,0.4662564072979095,0.5337436275395084,0.5337436275395084
4467,1,1,0,1.0,0.0,0.9936932045293141,0.9936932045293141,0.16666666666666666,0.165615534088219,0.0,0.9968465782073607,0.0031533736780465366,0.9968465782073607
4474,3,2,1,0.6666666666666666,0.3333333333333333,0.34171023446774784,0.9955133292884703,0.375,0.12814133792540544,1.1352598757759935,0.6708551255398126,0.3291448910720647,0.9939129886844601
4478,1,1,0,1.0,0.0,0.9941798595807299,0.9941798595807299,0.16666666666666666,0.16569664326345496,0.0,0.9970899137112463,0.0029100541305165047,0.9970899137112463
4480,4,3,1,0.75,0.25,0.6430786707031357,0.9980908596354516,0.4444444444444444,0.285812742534727,0.7110932440822967,0.8215393438984552,0.17846067319531936,0.9274290874649682
4487,2,1,1,0.5,0.5,0.02661049332194587,0.02661049332194587,0.2857142857142857,0.007602998091984534,1.3576497762123934,0.5133052282711562,0.4866947349492104,0.9800016632282744
4488,1,0,1,0.0,1.0,-0.9980587657718432,-0.9980587657718432,0.16666666666666666,-0.1663431276286405,0.0,0.0009706662524314154,0.9990294320242745,0.9990294320242745
4489,5,5,0,1.0,0.0,0.9985650913649733,0.9988034234572483,0.5,0.49928254568248664,0.0014052854399979283,0.9992825302482953,0.0007174388833218541,0.9992825302482953
4492,5,5,0,1.0,0.0,0.9978842202729912,0.9981610667213653,0.5,0.4989421101364956,0.0015760034291594249,0.9989421170348756,0.0010578967618844334,0.9989421170348756
4498,6,4,2,0.6666666666666666,0.3333333333333333,0.3369154587080305,0.9947910770203237,0.5454545454545454,0.18377206838619844,1.021511698505609,0.6684577406270225,0.3315422819189919,0.9957405178820009
4499,3,3,0,1.0,0.0,0.9991249442475224,0.9990911003616121,0.375,0.3746718540928209,0.00017380004036390509,0.9995624577506631,0.00043751350314063766,0.9995624577506631
4506,2,1,1,0.5,0.5,0.4303708073639909,0.4303708073639909,0.2857142857142857,0.1229630878182831,0.8051525730077228,0.715185394547633,0.28481458718364205,0.7846644129974163
4508,2,2,0,1.0,0.0,0.9929330520888512,0.9929330520888512,0.2857142857142857,0.28369515773967174,0.007584400630137851,0.9964665258655016,0.0035334737766503505,0.9964665258655016
4509,3,2,1,0.6666666666666666,0.3333333333333333,0.3266131907282263,0.9858981988151666,0.375,0.12247994652308486,1.1468692080554148,0.6633066015580619,0.3366934108298356,0.9958643311463611
4519,1,1,0,1.0,0.0,0.9994405900667372,0.9994405900667372,0.16666666666666666,0.16657343167778954,0.0,0.9997203224583676,0.0002797323916303484,0.9997203224583676
4526,1,1,0,1.0,0.0,0.7182467664047621,0.7182467664047621,0.16666666666666666,0.11970779440079368,0.0,0.8591234201869806,0.14087665378221845,0.8591234201869806
4531,3,2,1,0.6666666666666666,0.3333333333333333,0.34623051904758934,0.9897577242618925,0.375,0.129836444642846,1.1226416451177397,0.673115280146875,0.3268847610992857,0.9898064112734648
4533,2,1,1,0.5,0.5,0.06958777447124609,0.06958777447124609,0.2857142857142857,0.01988222127749888,1.315034588464166,0.5347938833008169,0.4652061088295708,0.9649349335641302
4535,1,1,0,1.0,0.0,0.9992074119890558,0.9992074119890558,0.16666666666666666,0.16653456866484262,0.0,0.9996037099553251,0.000396297966269241,0.9996037099553251
4546,2,2,0,1.0,0.0,0.808210999374339,0.808210999374339,0.2857142857142857,0.2309174283926683,0.18339495397981315,0.9041054905955264,0.09589449122118737,0.9041054905955264
4552,2,1,1,0.5,0.5,-0.13031231172436075,-0.13031231172436075,0.2857142857142857,-0.03723208906410307,1.2161167996214124,0.4348438181591319,0.5651561298834927,0.9299621918849035
4553,3,3,0,1.0,0.0,0.9898797963419703,0.9989855270261413,0.375,0.37120492362823887,0.016295144076880257,0.9949398945790757,0.0050600982371053396,0.9949398945790757
4557,1,1,0,1.0,0.0,0.848634082365801,0.848634082365801,0.16666666666666666,0.14143901372763348,0.0,0.9243170590324198,0.0756829766666188,0.9243170590324198
4558,6,5,1,0.8333333333333334,0.16666666666666666,0.8172401186851678,0.9951255102686081,0.5454545454545454,0.4457673374646369,0.4332379834568644,0.9086200514607103,0.0913799327755427,0.9197885169305332
4564,2,2,0,1.0,0.0,0.9996396961625191,0.9996396961625191,0.2857142857142857,0.28561134176071973,0.00012179417531670388,0.9998198669012005,0.0001801707386813916,0.9998198669012005
4571,2,2,0,1.0,0.0,0.9905759009292151,0.9905759009292151,0.2857142857142857,0.28302168597977573,0.0029786090011837997,0.9952879738439593,0.004712072914744153,0.9952879738439593
4572,6,5,1,0.8333333333333334,0.16666666666666666,0.55584582705671,0.9034603687944442,0.5454545454545454,0.30318863294002363,0.7839467203962314,0.7779229181950088,0.2220770911382988,0.9444706602184684
4577,2,2,0,1.0,0.0,0.9731858648946508,0.9731858648946508,0.2857142857142857,0.27805310425561447,0.0024661359676600176,0.9865929387058012,0.013407073811150484,0.9865929387058012
4587,1,0,1,0.0,1.0,-0.9964838667939871,-0.9964838667939871,0.16666666666666666,-0.1660806444656645,0.0,0.0017580468303117997,0.9982419136242989,0.9982419136242989
4613,1,1,0,1.0,0.0,0.8971257787981466,0.8971257787981466,0.16666666666666666,0.14952096313302443,0.0,0.9485628936668816,0.051437114868735034,0.9485628936668816
4614,2,1,1,0.5,0.5,-0.3804285339719471,-0.3804285339719471,0.2857142857142857,-0.10869386684912774,0.8657515288438605,0.30978573566487566,0.6902142696368228,0.8060893910849065
4621,1,1,0,1.0,0.0,0.9995504396127873,0.9995504396127873,0.16666666666666666,0.16659173993546456,0.0,0.9997752080198195,0.000224768407032138,0.9997752080198195
4623,3,3,0,1.0,0.0,0.6994174635401289,0.9976380999883016,0.375,0.26228154882754834,0.5182649797503971,0.8497087500854335,0.1502912865453045,0.8497087500854335
4638,7,3,4,0.42857142857142855,0.5714285714285714,-0.15535458606911462,-0.9472654152707934,0.5833333333333334,-0.09062350854031687,1.0360665429225044,0.42232269947923184,0.5776772855483465,0.9856136713613475
4641,2,0,2,0.0,1.0,-0.943692556487548,-0.943692556487548,0.2857142857142857,-0.269626444710728,0.04302844872585123,0.028153706845244982,0.9718462633327931,0.9718462633327931
4643,3,0,3,0.0,1.0,-0.9768704786836818,-0.9905400009228916,0.375,-0.36632642950638067,0.02947918343191066,0.011564757248529548,0.9884352359322114,0.9884352359322114
4654,1,1,0,1.0,0.0,0.9903125664215403,0.9903125664215403,0.16666666666666666,0.16505209440359003,0.0,0.9951562980193775,0.004843731597837207,0.9951562980193775
4661,1,1,0,1.0,0.0,0.9874387023510871,0.9874387023510871,0.16666666666666666,0.16457311705851452,0.0,0.9937193238890016,0.006280621537914524,0.9937193238890016
4662,1,1,0,1.0,0.0,0.9983801442247473,0.9983801442247473,0.16666666666666666,0.16639669070412455,0.0,0.9991900795384457,0.0008099353136984925,0.9991900795384457
4673,1,1,0,1.0,0.0,0.9931423392146825,0.9931423392146825,0.16666666666666666,0.16552372320244707,0.0,0.996571159362793,0.00342882014811039,0.996571159362793
4679,1,1,0,1.0,0.0,0.9994548688122591,0.9994548688122591,0.16666666666666666,0.16657581146870984,0.0,0.999727422540838,0.00027255372857892666,0.999727422540838
4681,1,1,0,1.0,0.0,0.7780125012961767,0.7780125012961767,0.16666666666666666,0.12966875021602944,0.0,0.8890062557753696,0.11099375447919292,0.8890062557753696
4682,2,2,0,1.0,0.0,0.9963966391030237,0.9963966391030237,0.2857142857142857,0.2846847540294353,0.0036673945183953887,0.9981983154637056,0.0018016763606819692,0.9981983154637056
4699,1,0,1,0.0,1.0,-0.2904126848493304,-0.2904126848493304,0.16666666666666666,-0.04840211414155507,0.0,0.35479368871572065,0.6452063735650511,0.6452063735650511
4700,2,2,0,1.0,0.0,0.932808043203766,0.932808043203766,0.2857142857142857,0.26651658377250453,0.08775881404484888,0.9664040382912492,0.03359599508748327,0.9664040382912492
4701,2,0,2,0.0,1.0,-0.9927895474008622,-0.9927895474008622,0.2857142857142857,-0.2836541564002463,0.009574211231632813,0.00360523082546692,0.9963947782263292,0.9963947782263292
4703,1,1,0,1.0,0.0,0.9781468599347448,0.9781468599347448,0.16666666666666666,0.16302447665579078,0.0,0.9890734274682259,0.010926567533481046,0.9890734274682259
4710,3,3,0,1.0,0.0,0.9965837904903934,0.9968438591107284,0.375,0.3737189214338975,0.000569301292643013,0.998291888446997,0.0017080979566036867,0.998291888446997
4713,1,1,0,1.0,0.0,0.995885904219602,0.995885904219602,0.16666666666666666,0.16598098403660033,0.0,0.9979429767351942,0.0020570725155921424,0.9979429767351942
4718,2,0,2,0.0,1.0,-0.9419705922480938,-0.9419705922480938,0.2857142857142857,-0.2691344549280268,0.04490476363825477,0.02901467833009433,0.9709852705781881,0.9709852705781881
4720,2,2,0,1.0,0.0,0.9671449602281526,0.9671449602281526,0.2857142857142857,0.27632713149375787,0.032714099449363175,0.9835724720258541,0.016427511797701463,0.9835724720258541
4725,1,1,0,1.0,0.0,0.815623042675165,0.815623042675165,0.16666666666666666,0.13593717377919418,0.0,0.907811531653771,0.092188488978606,0.907811531653771
4728,2,1,1,0.5,0.5,0.0005974805550734152,0.0005974805550734152,0.2857142857142857,0.00017070873002097576,1.4108981997251606,0.500298747809643,0.49970126725456965,0.9988278498268829
4732,1,0,1,0.0,1.0,-0.9305341533296175,-0.9305341533296175,0.16666666666666666,-0.15508902555493626,0.0,0.03473289992458137,0.9652670532541989,0.9652670532541989
4735,1,0,1,0.0,1.0,-0.9967378474824078,-0.9967378474824078,0.16666666666666666,-0.1661229745804013,0.0,0.0016310626601839398,0.9983689101425918,0.9983689101425918
4744,4,3,1,0.75,0.25,0.5049848623175569,0.9974264611776282,0.4444444444444444,0.22443771658558084,0.9862408066356226,0.7524924214943729,0.24750755917681602,0.9960862883733567
4748,1,1,0,1.0,0.0,0.8697383131841766,0.8697383131841766,0.16666666666666666,0.1449563855306961,0.0,0.934869174299569,0.06513086111539239,0.934869174299569
4754,3,2,1,0.6666666666666666,0.3333333333333333,0.3319402810094231,0.9937691026612332,0.375,0.12447760537853365,1.1503156152281258,0.6659701552748087,0.3340298742653856,0.998079192890646
4770,3,1,2,0.3333333333333333,0.6666666666666666,-0.329781532597487,-0.9891015560690928,0.375,-0.12366807472405762,1.151038495467097,0.3351092312260218,0.6648907638235088,0.9979939442602735
4776,6,5,1,0.8333333333333334,0.16666666666666666,0.8283819935851701,0.9970052177950368,0.5454545454545454,0.4518447237737291,0.4139476696935685,0.9141910012334623,0.08580900764829212,0.9169543526356493
4784,1,1,0,1.0,0.0,0.9913793474819528,0.9913793474819528,0.16666666666666666,0.1652298912469921,0.0,0.9956896867874866,0.0043103393055338715,0.9956896867874866
4792,1,1,0,1.0,0.0,0.9932924639433622,0.9932924639433622,0.16666666666666666,0.16554874399056035,0.0,0.9966462135314942,0.0033537495881319048,0.9966462135314942
4799,3,2,1,0.6666666666666666,0.3333333333333333,0.21917645019302145,0.657753549945292,0.375,0.08219116882238305,1.0661304412785018,0.6095881956751165,0.390411745482095,0.9416850805792701
4803,2,2,0,1.0,0.0,0.9938826022517209,0.9938826022517209,0.2857142857142857,0.28396645778620594,4.0877245997362646e-05,0.9969412920446259,0.0030586897929049685,0.9969412920446259
4815,1,1,0,1.0,0.0,0.99941243952449,0.99941243952449,0.16666666666666666,0.16656873992074833,0.0,0.9997062479110963,0.0002938083866063286,0.9997062479110963
4816,2,2,0,1.0,0.0,0.9879782075990483,0.9879782075990483,0.2857142857142857,0.2822794878854424,0.016063975154687517,0.9939891232384576,0.006010915639409278,0.9939891232384576
4821,2,1,1,0.5,0.5,0.010309777947850263,0.010309777947850263,0.2857142857142857,0.002945650842242932,1.3984438576280953,0.5051549055225165,0.4948451275746663,0.994424583967342
4833,2,1,1,0.5,0.5,0.0015348786723640706,0.0015348786723640706,0.2857142857142857,0.0004385367635325916,1.3988355943075415,0.5007674498849459,0.4992325712125819,0.9945630777987524
4846,1,1,0,1.0,0.0,0.9991113046176323,0.9991113046176323,0.16666666666666666,0.16651855076960537,0.0,0.9995556280079774,0.0004443233903450302,0.9995556280079774
4848,2,1,1,0.5,0.5,0.007985927554554129,0.007985927554554129,0.2857142857142857,0.0022816935870154653,1.3998051791199402,0.5039929775729014,0.4960070500183473,0.9949058810435041
4855,7,7,0,1.0,0.0,0.89275375364687,0.9989053337070757,0.5833333333333334,0.5207730229606742,0.22426879876053105,0.9463768745090385,0.053623120862168513,0.9463768745090385
4857,1,1,0,1.0,0.0,0.999604538164061,0.999604538164061,0.16666666666666666,0.16660075636067684,0.0,0.999802299167799,0.00019776100373786429,0.999802299167799
4865,4,3,1,0.75,0.25,0.5817333094917136,0.9884065460598802,0.4444444444444444,0.2585481375518727,0.8207775148845275,0.7908666726090288,0.20913336311731506,0.953209051299674
4866,1,0,1,0.0,1.0,-0.9864303795158441,-0.9864303795158441,0.16666666666666666,-0.16440506325264068,0.0,0.006784834196663354,0.9932152137125074,0.9932152137125074
4876,2,1,1,0.5,0.5,0.008885909079441034,0.008885909079441034,0.2857142857142857,0.002538831165554581,1.4012204160931117,0.5044429607476507,0.4955570516682097,0.9954062352861677
4878,5,2,3,0.4,0.6,0.0278320324554313,-0.39272004193346327,0.5,0.01391601622771565,0.9104538663328714,0.5139160121795859,0.4860839797241546,0.8833790504896157
4886,3,3,0,1.0,0.0,0.9980365166804409,0.999037500669938,0.375,0.3742636937551653,0.0023584573485612706,0.9990182255560551,0.0009817088756143744,0.9990182255560551
4887,1,0,1,0.0,1.0,-0.9865929580651797,-0.9865929580651797,0.16666666666666666,-0.16443215967752994,0.0,0.00670350377376263,0.9932964618389423,0.9932964618389423
4889,2,2,0,1.0,0.0,0.9974318841281228,0.9974318841281228,0.2857142857142857,0.2849805383223208,0.002862271392892555,0.9987159500774155,0.001284065949292774,0.9987159500774155
4890,4,4,0,1.0,0.0,0.9863280455289538,0.9981253736360682,0.4444444444444444,0.4383680202350906,0.02394253598647889,0.9931640354826052,0.006835989953651493,0.9931640354826052
4896,4,3,1,0.75,0.25,0.6297460044105808,0.997691568698432,0.4444444444444444,0.2798871130713692,0.7366683806403723,0.8148729918799393,0.18512698746935852,0.9336868865690224
4911,1,0,1,0.0,1.0,-0.9990244842430024,-0.9990244842430024,0.16666666666666666,-0.16650408070716705,0.0,0.0004877552847813421,0.9995122395277837,0.9995122395277837
4912,1,1,0,1.0,0.0,0.9996380026638507,0.9996380026638507,0.16666666666666666,0.16660633377730844,0.0,0.9998190307617187,0.0001810280978679657,0.9998190307617187
4914,3,3,0,1.0,0.0,0.6427270658695671,0.8024693901406043,0.375,0.24102264970108767,0.40724921818450005,0.8213635277494463,0.17863646187987925,0.8213635277494463
4915,4,3,1,0.75,0.25,0.47937910780538584,0.9600381186288415,0.4444444444444444,0.21305738124683815,0.9840741339673716,0.7396895736615091,0.2603104658561233,0.98872507270539
4928,1,1,0,1.0,0.0,0.9947386504617953,0.9947386504617953,0.16666666666666666,0.16578977507696588,0.0,0.9973693131701338,0.0026306627083384046,0.9973693131701338
4929,2,1,1,0.5,0.5,-0.12070353668840494,-0.12070353668840494,0.2857142857142857,-0.0344867247681157,1.1179771993578995,0.4396482400377007,0.5603517767261056,0.8952646378208609
4932,4,3,1,0.75,0.25,0.3091748068413066,0.5724585412485834,0.4444444444444444,0.13741102526280294,0.8745795817421947,0.654587386768118,0.3454125799268114,0.8759363180722395
4936,1,1,0,1.0,0.0,0.9905633094954985,0.9905633094954985,0.16666666666666666,0.16509388491591642,0.0,0.9952816159290199,0.004718306433521297,0.9952816159290199
4941,3,2,1,0.6666666666666666,0.3333333333333333,0.39020491114748274,0.9718600867483853,0.375,0.14632684168030602,1.0164591029059011,0.6951024359129949,0.3048975247655122,0.9562643231532427
4945,4,2,2,0.5,0.5,-0.004661016987513311,-0.008649047589848635,0.4444444444444444,-0.0020715631055614717,1.144286087116359,0.49766948050630927,0.5023304974938225,0.9954720517868478
4954,2,1,1,0.5,0.5,0.00026928354563937607,0.00026928354563937607,0.2857142857142857,7.693815589696458e-05,1.4128572491966718,0.5001346272451758,0.4998653436995364,0.9995204563501252
4957,3,1,2,0.3333333333333333,0.6666666666666666,-0.33000816836097474,-0.9913756295338574,0.375,-0.12375306313536552,1.1514159160181014,0.3349959123752224,0.6650040807361971,0.9981796185701753
4958,2,2,0,1.0,0.0,0.8829220848605779,0.8829220848605779,0.2857142857142857,0.25226345281730794,0.15995049879897233,0.9414610416934571,0.05853895683287928,0.9414610416934571
4963,6,5,1,0.8333333333333334,0.16666666666666666,0.7371976327278679,0.9931194837134973,0.5454545454545454,0.4021077996697461,0.6267898192898175,0.8685988086354456,0.13140117590757777,0.9589533114152117
4969,2,1,1,0.5,0.5,0.39254017331553814,0.39254017331553814,0.2857142857142857,0.1121543352330109,0.8558484732572602,0.6962700912674809,0.30372991795194265,0.8025881341638929
4970,1,1,0,1.0,0.0,0.9988015273028173,0.9988015273028173,0.16666666666666666,0.16646692121713622,0.0,0.9994007692498675,0.0005992419470501485,0.9994007692498675
4973,2,2,0,1.0,0.0,0.9985214616510323,0.9985214616510323,0.2857142857142857,0.2852918461860092,0.0006768762249665286,0.9992606972761658,0.0007392356251335721,0.9992606972761658
4974,3,3,0,1.0,0.0,0.9238361057693644,0.9607166942508741,0.375,0.3464385396635116,0.09931272353870153,0.9619180546741957,0.038081948904831346,0.9619180546741957
4975,3,3,0,1.0,0.0,0.9929894605858459,0.9993960668661577,0.375,0.3723710477196922,0.011295619974916524,0.9964947619469338,0.0035053013610878802,0.9964947619469338
4978,1,1,0,1.0,0.0,0.9930754285870176,0.9930754285870176,0.16666666666666666,0.1655125714311696,0.0,0.9965377131820002,0.0034622845949826542,0.9965377131820002
4979,1,0,1,0.0,1.0,-0.9995185561710969,-0.9995185561710969,0.16666666666666666,-0.16658642602851614,0.0,0.00024070918360458954,0.9997592653547015,0.9997592653547015
4989,1,1,0,1.0,0.0,0.999467715601592,0.999467715601592,0.16666666666666666,0.1665779526002653,0.0,0.9997338453928629,0.0002661297912709415,0.9997338453928629
4993,11,10,1,0.9090909090909091,0.09090909090909091,0.8451405681516565,0.9950103273124467,0.6875,0.5810341406042638,0.4884482956430745,0.9225702778222197,0.07742970967056312,0.9795908115368693
4994,1,0,1,0.0,1.0,-0.6703835784411821,-0.6703835784411821,0.16666666666666666,-0.11173059640686368,0.0,0.16480817951139856,0.8351917579525807,0.8351917579525807
4995,1,1,0,1.0,0.0,0.9873810706994472,0.9873810706994472,0.16666666666666666,0.1645635117832412,0.0,0.9936905298477564,0.0063094591483091695,0.9936905298477564
5008,5,5,0,1.0,0.0,0.9920908095035432,0.9987190895417865,0.5,0.4960454047517716,0.014433180935502483,0.9960454209304608,0.003954611426917643,0.9960454209304608
5009,1,0,1,0.0,1.0,-0.9891437306256872,-0.9891437306256872,0.16666666666666666,-0.16485728843761452,0.0,0.005428127325062514,0.9945718579507496,0.9945718579507496
5013,2,1,1,0.5,0.5,-0.002808819666325346,-0.002808819666325346,0.2857142857142857,-0.0008025199046643845,1.4056947065456322,0.4985955548124859,0.5014043744788113,0.9969880942838738
5014,1,1,0,1.0,0.0,0.9993557112686562,0.9993557112686562,0.16666666666666666,0.1665592852114427,0.0,0.9996778700086806,0.000322158740024374,0.9996778700086806
5015,1,0,1,0.0,1.0,-0.24914322707761016,-0.24914322707761016,0.16666666666666666,-0.04152387117960169,0.0,0.37542840345982675,0.6245716305374369,0.6245716305374369
5017,2,2,0,1.0,0.0,0.9720705327779096,0.9720705327779096,0.2857142857142857,0.27773443793654556,0.03701784388461278,0.9860352453738642,0.01396471259595467,0.9860352453738642
5021,2,1,1,0.5,0.5,0.032446452636896106,0.032446452636896106,0.2857142857142857,0.009270415039113173,1.3678101550504833,0.5162232333600894,0.4837767807231932,0.9835939250476511
5027,3,1,2,0.3333333333333333,0.6666666666666666,-0.2553136889267333,-0.7673421073378178,0.375,-0.09574263334752497,1.0832864972336782,0.3723431390229119,0.6276568279496452,0.957347769009846
5039,2,2,0,1.0,0.0,0.8718399291352834,0.8718399291352834,0.2857142857142857,0.24909712261008096,0.17794223650675112,0.9359199605710092,0.06408003143572585,0.9359199605710092
5049,3,3,0,1.0,0.0,0.9957576905246128,0.9991182580590248,0.375,0.3734091339467298,0.0061823264829173625,0.9978788312564024,0.0021211407317895696,0.9978788312564024
5055,1,1,0,1.0,0.0,0.9937814640912561,0.9937814640912561,0.16666666666666666,0.16563024401520934,0.0,0.9968907410330594,0.0031092769418033096,0.9968907410330594
5060,1,1,0,1.0,0.0,0.33573159349164144,0.33573159349164144,0.16666666666666666,0.055955265581940236,0.0,0.6678658071785514,0.33213421368690993,0.6678658071785514
5064,4,2,2,0.5,0.5,0.006690641747589238,-0.016752180728535293,0.4444444444444444,0.0029736185544841057,1.0042393077106417,0.503345325173066,0.4966546834254767,0.9314136566334262
5065,1,1,0,1.0,0.0,0.9753714425681418,0.9753714425681418,0.16666666666666666,0.1625619070946903,0.0,0.9876857238678298,0.012314281299688,0.9876857238678298
5066,1,1,0,1.0,0.0,0.999613102563229,0.999613102563229,0.16666666666666666,0.16660218376053815,0.0,0.9998065845386402,0.00019348197541124113,0.9998065845386402
5072,1,0,1,0.0,1.0,-0.998270103300456,-0.998270103300456,0.16666666666666666,-0.166378350550076,0.0,0.000864973699208349,0.9991350769996643,0.9991350769996643
5093,3,2,1,0.6666666666666666,0.3333333333333333,0.31361072616003843,0.9046165455914323,0.375,0.1176040223100144,1.0987212035677971,0.656805364977811,0.3431946388177725,0.9748445844927917
5094,1,0,1,0.0,1.0,-0.9975106531206299,-0.9975106531206299,0.16666666666666666,-0.16625177552010498,0.0,0.0012446784797836752,0.9987553316004136,0.9987553316004136
5105,3,2,1,0.6666666666666666,0.3333333333333333,0.510285203965233,0.994584470036182,0.375,0.19135695148696238,0.843273316955557,0.7551425941084656,0.24485739014323257,0.9096220785016707
5106,1,0,1,0.0,1.0,-0.9994151261789772,-0.9994151261789772,0.16666666666666666,-0.1665691876964962,0.0,0.0002924230815739649,0.9997075492605512,0.9997075492605512
5107,1,1,0,1.0,0.0,0.9948458903990451,0.9948458903990451,0.16666666666666666,0.16580764839984086,0.0,0.9974229600694444,0.00257706967039928,0.9974229600694444
5110,1,0,1,0.0,1.0,-0.41900946685622414,-0.41900946685622414,0.16666666666666666,-0.06983491114270401,0.0,0.29049522442053693,0.7095046912767611,0.7095046912767611
5120,1,1,0,1.0,0.0,0.9843613521472828,0.9843613521472828,0.16666666666666666,0.16406022535788045,0.0,0.9921806954048775,0.007819343257594752,0.9921806954048775
5128,1,1,0,1.0,0.0,0.9996888969359653,0.9996888969359653,0.16666666666666666,0.16661481615599422,0.0,0.9998444693429129,0.00015557240694761277,0.9998444693429129
5147,2,1,1,0.5,0.5,0.3218665211471891,0.3218665211471891,0.2857142857142857,0.09196186318491117,0.958643930356074,0.6609332363511837,0.33906671520399456,0.8389317877266413
5151,1,1,0,1.0,0.0,0.9979450326645747,0.9979450326645747,0.16666666666666666,0.16632417211076245,0.0,0.9989725351333618,0.0010275024687871337,0.9989725351333618
5152,1,1,0,1.0,0.0,0.8531481489350524,0.8531481489350524,0.16666666666666666,0.14219135815584205,0.0,0.9265740889537184,0.07342594001866594,0.9265740889537184
5171,2,0,2,0.0,1.0,-0.8076896540598851,-0.8076896540598851,0.2857142857142857,-0.2307684725885386,0.20843340124824636,0.0961551601320853,0.9038448141919704,0.9038448141919704
5177,1,0,1,0.0,1.0,-0.9366530956137589,-0.9366530956137589,0.16666666666666666,-0.1561088492689598,0.0,0.03167346110596464,0.9683265567197236,0.9683265567197236
5214,2,2,0,1.0,0.0,0.9925178412148341,0.9925178412148341,0.2857142857142857,0.2835765260613812,0.006824791321025722,0.9962589520794864,0.0037411108646522363,0.9962589520794864
5218,2,2,0,1.0,0.0,0.9873178497128938,0.9873178497128938,0.2857142857142857,0.2820908142036839,0.017579528314880057,0.9936589229042208,0.006341073191327023,0.9936589229042208
5219,7,6,1,0.8571428571428571,0.14285714285714285,0.7881881197603642,0.9987264617035787,0.5833333333333334,0.4597764031935458,0.5456321279122973,0.8940940628148466,0.10590594305448245,0.9582357590041959
5225,3,0,3,0.0,1.0,-0.855058086385538,-0.9586524535780367,0.375,-0.3206467823945768,0.2140061980305537,0.072470946795997,0.927529033181535,0.927529033181535
5247,1,1,0,1.0,0.0,0.9943061863386708,0.9943061863386708,0.16666666666666666,0.1657176977231118,0.0,0.9971531405923417,0.002846954253670831,0.9971531405923417
5254,6,5,1,0.8333333333333334,0.16666666666666666,0.576074240956926,0.9714194055665009,0.5454545454545454,0.3142223132492324,0.7901882129253127,0.7880371107534963,0.21196286979657022,0.9525708661802371
5264,1,1,0,1.0,0.0,0.9992616558890968,0.9992616558890968,0.16666666666666666,0.16654360931484946,0.0,0.9996307918003627,0.00036913591126600903,0.9996307918003627
5265,1,1,0,1.0,0.0,0.9991907315557463,0.9991907315557463,0.16666666666666666,0.16653178859262438,0.0,0.9995953476219847,0.0004046160662383364,0.9995953476219847
5266,3,3,0,1.0,0.0,0.9956605664882812,0.9965238775743226,0.375,0.37337271243310544,0.004401259782248508,0.9978302868294628,0.002169720341181742,0.9978302868294628
5267,1,1,0,1.0,0.0,0.9997101018981387,0.9997101018981387,0.16666666666666666,0.16661835031635644,0.0,0.9998550415039062,0.00014493960576752822,0.9998550415039062
5269,1,0,1,0.0,1.0,-0.9390812652002422,-0.9390812652002422,0.16666666666666666,-0.15651354420004035,0.0,0.030459337669024936,0.9695406028692671,0.9695406028692671
5283,1,0,1,0.0,1.0,-0.9987186408576334,-0.9987186408576334,0.16666666666666666,-0.16645310680960557,0.0,0.0006407274926219005,0.9993593683502553,0.9993593683502553
5291,3,3,0,1.0,0.0,0.9902280403769979,0.9929409081595284,0.375,0.3713355151413742,0.009152203527001444,0.9951140039404204,0.004885963563422556,0.9951140039404204
5292,1,1,0,1.0,0.0,0.9975394388781549,0.9975394388781549,0.16666666666666666,0.16625657314635914,0.0,0.9987697039231336,0.0012302650449786533,0.9987697039231336
5293,2,0,2,0.0,1.0,-0.8787184144585651,-0.8787184144585651,0.2857142857142857,-0.2510624041310186,0.16099658897465294,0.06064080416757745,0.9393592186261426,0.9393592186261426
5294,1,1,0,1.0,0.0,0.9996976271116486,0.9996976271116486,0.16666666666666666,0.16661627118527475,0.0,0.9998488108317057,0.00015118372005720933,0.9998488108317057
5299,1,1,0,1.0,0.0,0.9983704536296856,0.9983704536296856,0.16666666666666666,0.1663950756049476,0.0,0.9991852332805765,0.0008147796508909642,0.9991852332805765
5303,3,2,1,0.6666666666666666,0.3333333333333333,0.08578276935350933,0.5681466656530689,0.375,0.032168538507566,0.930137729690425,0.5428913860882548,0.45710861673474557,0.8717089617291872
5308,1,0,1,0.0,1.0,-0.9948247954355064,-0.9948247954355064,0.16666666666666666,-0.1658041325725844,0.0,0.002587595307235177,0.9974123907427416,0.9974123907427416
5309,1,0,1,0.0,1.0,-0.9990354106686581,-0.9990354106686581,0.16666666666666666,-0.16650590177810967,0.0,0.00048227128626286296,0.999517681954921,0.999517681954921
5312,3,1,2,0.3333333333333333,0.6666666666666666,-0.30104906328188036,-0.9036009460069332,0.375,-0.11289339873070514,1.1267011522700645,0.3494754734290125,0.6505245367108928,0.9834588094124826
5313,3,1,2,0.3333333333333333,0.6666666666666666,-0.20751571632073917,-0.6256436383282696,0.375,-0.07781839362027719,1.0593953048724887,0.39624212182547797,0.6037578381462171,0.9361365406505113
5316,1,1,0,1.0,0.0,0.9981708113272586,0.9981708113272586,0.16666666666666666,0.16636180188787641,0.0,0.9990853927842337,0.0009145814569751222,0.9990853927842337
5323,3,2,1,0.6666666666666666,0.3333333333333333,0.3402985572728922,0.9984144347382116,0.375,0.12761195897733457,1.1410547846017276,0.6701492780788372,0.3298507208059451,0.9959085407901321
5329,1,1,0,1.0,0.0,0.9949221957937286,0.9949221957937286,0.16666666666666666,0.16582036596562144,0.0,0.9974610985770885,0.0025389027833598488,0.9974610985770885
5339,2,1,1,0.5,0.5,0.44142578764094254,0.44142578764094254,0.2857142857142857,0.12612165361169786,0.7499366537038272,0.720712881827215,0.2792870941862725,0.7651426346539056
5349,34,28,6,0.8235294117647058,0.17647058823529413,0.6880129363881684,0.9993352469286515,0.8717948717948718,0.5998061496717366,0.6886144471158305,0.8440064664477575,0.15599353005958905,0.9747064043980974
5367,1,1,0,1.0,0.0,0.8035479290612326,0.8035479290612326,0.16666666666666666,0.13392465484353877,0.0,0.9017739827541662,0.09822605369293352,0.9017739827541662
5377,3,3,0,1.0,0.0,0.9868588306790521,0.9983310846237091,0.375,0.37007206150464456,0.020133959716056995,0.9934294237921252,0.006570593113073117,0.9934294237921252
5378,5,1,4,0.2,0.8,-0.5751632927764518,-0.8969607424380174,0.5,-0.2875816463882259,0.7812969502326442,0.21241833620117528,0.7875816289776271,0.9510606488167491
5387,1,1,0,1.0,0.0,0.9996635500155389,0.9996635500155389,0.16666666666666666,0.16661059166925646,0.0,0.9998317718505859,0.00016822183504700661,0.9998317718505859
5388,5,5,0,1.0,0.0,0.9547158309131175,0.9995344454120542,0.5,0.47735791545655876,0.09991514280274351,0.9773578896081391,0.02264205869502143,0.9773578896081391
5400,4,2,2,0.5,0.5,-0.2224766266399892,-0.39087346272678225,0.4444444444444444,-0.09887850072888409,0.9107671471533793,0.3887616795493534,0.6112383061893426,0.8754799553964954
5410,3,1,2,0.3333333333333333,0.6666666666666666,-0.3239495339212331,-0.9641134304070623,0.375,-0.12148107522046242,1.1244287726872284,0.3380252380166573,0.6619747719378903,0.9867705526977595
5414,1,0,1,0.0,1.0,-0.9965507788444633,-0.9965507788444633,0.16666666666666666,-0.1660917964740772,0.0,0.0017246363767937048,0.998275415221257,0.998275415221257
5418,4,4,0,1.0,0.0,0.990881339626948,0.9975004849640785,0.4444444444444444,0.4403917065008658,0.013622757607747669,0.9954406732546996,0.004559333627751732,0.9954406732546996
5419,1,0,1,0.0,1.0,-0.61692707544884,-0.61692707544884,0.16666666666666666,-0.10282117924147333,0.0,0.19153647214125968,0.8084635475900996,0.8084635475900996
5438,1,0,1,0.0,1.0,-0.9737098774714776,-0.9737098774714776,0.16666666666666666,-0.1622849795785796,0.0,0.013145077298259178,0.9868549547697368,0.9868549547697368
5444,3,3,0,1.0,0.0,0.9986661644918075,0.9996269278322595,0.375,0.3744998116844278,0.0017121874103422302,0.9993330944609372,0.000666929969129701,0.9993330944609372
5445,5,5,0,1.0,0.0,0.992839079377845,0.9993246198335493,0.5,0.4964195396889225,0.012702538093465315,0.9964195512286246,0.0035804718507796837,0.9964195512286246
5449,2,2,0,1.0,0.0,0.9722499078700558,0.9722499078700558,0.2857142857142857,0.27778568796287306,0.03723842598987554,0.9861249797704493,0.01387507190039351,0.9861249797704493
5452,1,0,1,0.0,1.0,-0.9981769970039917,-0.9981769970039917,0.16666666666666666,-0.1663628328339986,0.0,0.0009115313652553849,0.999088528369247,0.999088528369247
5459,6,1,5,0.16666666666666666,0.8333333333333334,-0.5104502240573202,-0.7990527425925824,0.5454545454545454,-0.27842739494035645,0.7715698683019473,0.24477489046422005,0.7552251145215402,0.921143446583926
5463,3,1,2,0.3333333333333333,0.6666666666666666,-0.13316006060102456,-0.4039974799522987,0.375,-0.04993502272538421,1.0226738537786153,0.43341997461294895,0.5665800352139735,0.8991372666149721
5464,4,3,1,0.75,0.25,0.49502058306960695,0.9895295491072064,0.4444444444444444,0.2200091480309364,0.9939334816485592,0.7475102872685809,0.252489704198974,0.99647550144402
5476,2,1,1,0.5,0.5,-0.006104260987496446,-0.006104260987496446,0.2857142857142857,-0.0017440745678561273,1.4034377048815156,0.4969478775611345,0.503052138548631,0.9961901671021849
5478,1,0,1,0.0,1.0,-0.8671518129340569,-0.8671518129340569,0.16666666666666666,-0.14452530215567613,0.0,0.06642412423064269,0.9335759371646996,0.9335759371646996
5479,2,1,1,0.5,0.5,-0.16692393647707426,-0.16692393647707426,0.2857142857142857,-0.04769255327916407,1.1639808637987588,0.41653801957969994,0.5834619560567742,0.9115293687999758
5481,3,1,2,0.3333333333333333,0.6666666666666666,-0.32599838324552627,-0.9780344942296513,0.375,-0.12224939371707236,1.148105463668052,0.33700081240340296,0.6629991956489293,0.9962195379907016
5489,2,2,0,1.0,0.0,0.9633135261195018,0.9633135261195018,0.2857142857142857,0.2752324360341434,0.0483871009864461,0.9816567590856955,0.01834323296619376,0.9816567590856955
5500,1,1,0,1.0,0.0,0.9162725986250294,0.9162725986250294,0.16666666666666666,0.15271209977083822,0.0,0.9581363345152579,0.04186373589022847,0.9581363345152579
5502,7,3,4,0.42857142857142855,0.5714285714285714,-0.22026705087804718,-0.877198941666342,0.5833333333333334,-0.1284891130121942,0.9508827568501496,0.3898664745816802,0.6101335254597274,0.9379751939801008
5504,1,1,0,1.0,0.0,0.37209627292300235,0.37209627292300235,0.16666666666666666,0.062016045487167056,0.0,0.6860481108595061,0.3139518379365038,0.6860481108595061
5506,2,1,1,0.5,0.5,0.273049406765966,0.273049406765966,0.2857142857142857,0.07801411621884742,1.0270666423567807,0.6365247214246438,0.3634753146586778,0.86312291181215
5507,1,1,0,1.0,0.0,0.988262350935685,0.988262350935685,0.16666666666666666,0.16471039182261416,0.0,0.994131148488898,0.005868797553213019,0.994131148488898
5522,2,1,1,0.5,0.5,0.06157786907538043,0.06157786907538043,0.2857142857142857,0.01759367687868012,1.3252507363242871,0.5307889463018846,0.4692110772265041,0.9685469029778786
5523,1,1,0,1.0,0.0,0.9969761868317922,0.9969761868317922,0.16666666666666666,0.1661626978052987,0.0,0.9984880954729588,0.0015119086411665586,0.9984880954729588
5524,2,1,1,0.5,0.5,-0.005644382660686786,-0.005644382660686786,0.2857142857142857,-0.0016126807601962246,1.4034329667286134,0.49717780960707403,0.5028221922677608,0.9961884847946958
5528,1,1,0,1.0,0.0,0.9978760157862018,0.9978760157862018,0.16666666666666666,0.16631266929770028,0.0,0.99893798828125,0.001061972495048277,0.99893798828125
5530,1,1,0,1.0,0.0,0.324434689113072,0.324434689113072,0.16666666666666666,0.054072448185512,0.0,0.6622173672630673,0.33778267814999535,0.6622173672630673
5540,1,1,0,1.0,0.0,0.9405121361767804,0.9405121361767804,0.16666666666666666,0.15675202269613006,0.0,0.9702560989945023,0.029743962817721896,0.9702560989945023
5544,1,1,0,1.0,0.0,0.9980120800790332,0.9980120800790332,0.16666666666666666,0.16633534667983885,0.0,0.9990060649392924,0.000993984860259217,0.9990060649392924
5553,1,1,0,1.0,0.0,0.9974424704428643,0.9974424704428643,0.16666666666666666,0.16624041174047738,0.0,0.9987212150327621,0.001278744589897894,0.9987212150327621
5564,1,0,1,0.0,1.0,-0.9967380105124579,-0.9967380105124579,0.16666666666666666,-0.1661230017520763,0.0,0.0016309944788614908,0.9983690049913194,0.9983690049913194
5570,1,1,0,1.0,0.0,0.9960668683488894,0.9960668683488894,0.16666666666666666,0.16601114472481487,0.0,0.9980334162041126,0.0019665478552232094,0.9980334162041126
5574,2,2,0,1.0,0.0,0.9994838796738891,0.9994838796738891,0.2857142857142857,0.2855668227639683,0.00035738846928640443,0.9997419011639492,0.0002580214900600893,0.9997419011639492
5602,2,2,0,1.0,0.0,0.959767336214476,0.959767336214476,0.2857142857142857,0.2742192389184217,0.05633794260830171,0.9798836702776537,0.02011633406317773,0.9798836702776537
5603,1,1,0,1.0,0.0,0.9928274460932012,0.9928274460932012,0.16666666666666666,0.1654712410155335,0.0,0.9964137623903779,0.0035863162971767983,0.9964137623903779
5608,1,1,0,1.0,0.0,0.9832156305189257,0.9832156305189257,0.16666666666666666,0.16386927175315427,0.0,0.9916078245484984,0.008392194029572721,0.9916078245484984
5611,3,3,0,1.0,0.0,0.8866627507197821,0.9187276240052848,0.375,0.33249853151991826,0.1083382408037823,0.9433313946193017,0.05666864389951968,0.9433313946193017
5617,1,1,0,1.0,0.0,0.9874812479780503,0.9874812479780503,0.16666666666666666,0.1645802079963417,0.0,0.9937406267438617,0.006259378765811439,0.9937406267438617
5618,2,2,0,1.0,0.0,0.9277050223220291,0.9277050223220291,0.2857142857142857,0.265058577806294,0.08720967035511229,0.9638525159400061,0.03614749361797704,0.9638525159400061
5620,1,1,0,1.0,0.0,0.999588301589731,0.999588301589731,0.16666666666666666,0.16659805026495517,0.0,0.9997941574247757,0.0002058558350447381,0.9997941574247757
5621,3,1,2,0.3333333333333333,0.6666666666666666,-0.3324271255739352,-0.9955656868783204,0.375,-0.1246601720902257,1.1494624763280283,0.33378641662692665,0.6662135422008618,0.9978327712610073
5630,3,3,0,1.0,0.0,0.9896705804677236,0.9870210928199565,0.375,0.37112646767539637,0.008363363367076333,0.9948353045919971,0.005164724124273438,0.9948353045919971
5649,4,4,0,1.0,0.0,0.922853000047725,0.9414706964221298,0.4444444444444444,0.41015688891009994,0.09359147579093323,0.961426514296044,0.03857351424831897,0.961426514296044
5650,1,0,1,0.0,1.0,-0.9551551382193404,-0.9551551382193404,0.16666666666666666,-0.15919252303655673,0.0,0.02242241414745202,0.9775775523667924,0.9775775523667924
5667,1,1,0,1.0,0.0,0.9875502321455214,0.9875502321455214,0.16666666666666666,0.16459170535758688,0.0,0.993775107643821,0.006224875498299647,0.993775107643821
5673,1,0,1,0.0,1.0,-0.9995602604990104,-0.9995602604990104,0.16666666666666666,-0.16659337674983504,0.0,0.00021988837694635196,0.9997801488759567,0.9997801488759567
5679,4,2,2,0.5,0.5,0.03129688340650594,0.0625145461410892,0.4444444444444444,0.013909725958447083,1.118360372727001,0.5156484521720539,0.48435156876554797,0.9837491288007687
5690,3,3,0,1.0,0.0,0.9992284643012006,0.9996043346290078,0.375,0.3747106741129502,0.0006990269921064471,0.9996142376549599,0.0003857733537593196,0.9996142376549599
5693,3,2,1,0.6666666666666666,0.3333333333333333,0.5822434328785139,0.990500486167312,0.375,0.2183412873294427,0.7129725787861266,0.7911217299335301,0.2088782970550163,0.8714607877062974
5712,3,3,0,1.0,0.0,0.9978357153556612,0.9977694089669155,0.375,0.37418839325837294,0.0018851800806465484,0.9989178493687745,0.0010821340131133776,0.9989178493687745
5747,1,0,1,0.0,1.0,-0.32001247882843015,-0.32001247882843015,0.16666666666666666,-0.05333541313807169,0.0,0.3399937629699707,0.6600062417984008,0.6600062417984008
5784,7,3,4,0.42857142857142855,0.5714285714285714,-0.14284841209794236,-0.9899163844874087,0.5833333333333334,-0.08332824039046638,1.0648318684991473,0.42857580093526615,0.5714242130332086,0.9980640384819797
5791,1,1,0,1.0,0.0,0.9980600546196808,0.9980600546196808,0.16666666666666666,0.16634334243661347,0.0,0.9990300285745655,0.0009699739548846109,0.9990300285745655
5796,3,1,2,0.3333333333333333,0.6666666666666666,-0.5290219073830921,-0.9364638232221507,0.375,-0.19838321526865954,0.7542809837640444,0.2354890339897767,0.7645109413728689,0.8782966817400221
5803,2,0,2,0.0,1.0,-0.9904111037061964,-0.9904111037061964,0.2857142857142857,-0.28297460105891326,0.0030192732757972356,0.004794462639742181,0.9952055663459386,0.9952055663459386
5804,1,1,0,1.0,0.0,0.9992580480245222,0.9992580480245222,0.16666666666666666,0.16654300800408703,0.0,0.999629009200866,0.000370961176343711,0.999629009200866
5809,2,1,1,0.5,0.5,-0.013872404295065144,-0.013872404295065144,0.2857142857142857,-0.003963544084304327,1.1043729629508443,0.49306377300214405,0.5069361772972092,0.8904547806804876
5810,1,1,0,1.0,0.0,0.9989678591373377,0.9989678591373377,0.16666666666666666,0.16649464318955626,0.0,0.9994839429855347,0.0005160838481970131,0.9994839429855347
5816,3,3,0,1.0,0.0,0.9989287871587279,0.999087413750499,0.375,0.374598295184523,0.0008828379851749926,0.9994643926591111,0.000535605500383261,0.9994643926591111
5833,3,3,0,1.0,0.0,0.9655584829008702,0.9978855300646323,0.375,0.36208443108782634,0.05756472178542201,0.9827792501583152,0.017220767257444973,0.9827792501583152
5853,1,1,0,1.0,0.0,0.6653043515891758,0.6653043515891758,0.16666666666666666,0.11088405859819596,0.0,0.8326521848556265,0.16734783326645078,0.8326521848556265
5867,2,2,0,1.0,0.0,0.9821596592882373,0.9821596592882373,0.2857142857142857,0.2806170455109249,0.02371052260562201,0.9910798009497161,0.008920141661478758,0.9910798009497161
5872,7,3,4,0.42857142857142855,0.5714285714285714,-0.2407067670408368,-0.9799501250245787,0.5833333333333334,-0.14041228077382148,0.9663280377395134,0.3796466064823622,0.620353373523199,0.9466015314841594
5876,1,1,0,1.0,0.0,0.019806988471377185,0.019806988471377185,0.16666666666666666,0.0033011647452295305,0.0,0.5099034942356886,0.4900965057643114,0.5099034942356886
5878,2,2,0,1.0,0.0,0.9891103159636259,0.9891103159636259,0.2857142857142857,0.2826029474181788,0.013842122449545725,0.9945551442428374,0.005444828279211488,0.9945551442428374
5881,1,1,0,1.0,0.0,0.9997091104374513,0.9997091104374513,0.16666666666666666,0.16661818507290854,0.0,0.9998545395700555,0.00014542913260428528,0.9998545395700555
5882,3,3,0,1.0,0.0,0.9948366034522693,0.9991163383301807,0.375,0.373063726294601,0.007955427486166636,0.9974182938344542,0.002581690382184836,0.9974182938344542
5890,1,0,1,0.0,1.0,-0.9905444135913601,-0.9905444135913601,0.16666666666666666,-0.16509073559856002,0.0,0.0047278058477294395,0.9952722194390896,0.9952722194390896
5899,2,2,0,1.0,0.0,0.8693900375931733,0.8693900375931733,0.2857142857142857,0.2483971535980495,0.18396775539189786,0.9346949955285881,0.06530495793541492,0.9346949955285881
5902,2,2,0,1.0,0.0,0.6720841014345943,0.6720841014345943,0.2857142857142857,0.19202402898131266,0.4589517799982976,0.8360420473578836,0.16395794592328927,0.8360420473578836
5903,3,1,2,0.3333333333333333,0.6666666666666666,-0.32728347535128005,-0.9854876377941233,0.375,-0.12273130325673001,1.1492214740543862,0.33635827416426684,0.663641749515547,0.9968781192821178
5942,1,1,0,1.0,0.0,0.9463411415118751,0.9463411415118751,0.16666666666666666,0.1577235235853125,0.0,0.9731705719217986,0.02682943040992345,0.9731705719217986
5943,2,2,0,1.0,0.0,0.9894662115321908,0.9894662115321908,0.2857142857142857,0.2827046318663402,0.013697793202827399,0.994733108414544,0.005266896882353144,0.994733108414544
5944,3,3,0,1.0,0.0,0.9483311605770567,0.9451355045548887,0.375,0.35562418521639627,0.04321943369369264,0.974165582011798,0.02583442143474124,0.974165582011798
5945,2,2,0,1.0,0.0,0.9970034658329372,0.9970034658329372,0.2857142857142857,0.2848581330951249,0.0029560460775752665,0.9985017205778117,0.0014982547448745926,0.9985017205778117
5952,7,6,1,0.8571428571428571,0.14285714285714285,0.8170209971390763,0.9981936974590327,0.5833333333333334,0.4765955816644612,0.4420020327997021,0.9085104908280611,0.09148949368898472,0.9345772555541927
5956,1,1,0,1.0,0.0,0.9968749605692351,0.9968749605692351,0.16666666666666666,0.16614582676153916,0.0,0.9984374795869043,0.0015625190176692695,0.9984374795869043
5957,1,1,0,1.0,0.0,0.9971047637886122,0.9971047637886122,0.16666666666666666,0.16618412729810203,0.0,0.9985524227744654,0.0014476589858531952,0.9985524227744654
5959,2,2,0,1.0,0.0,0.9983767425886414,0.9983767425886414,0.2857142857142857,0.285250497882469,0.0016029991692780832,0.9991883698884432,0.0008116272998017235,0.9991883698884432
5970,1,1,0,1.0,0.0,0.9997168365161775,0.9997168365161775,0.16666666666666666,0.16661947275269623,0.0,0.9998583909941883,0.0001415544780107533,0.9998583909941883
5971,5,5,0,1.0,0.0,0.999458302596653,0.9995058965445919,0.5,0.4997291512983265,0.00022466786128673587,0.9997291373128864,0.0002708347162332086,0.9997291373128864
5989,5,4,1,0.8,0.2,0.618874891837845,0.9963089452846948,0.5,0.3094374459189225,0.8473952421808821,0.8094374554320307,0.19056256359418564,0.9888350555078398
5991,4,3,1,0.75,0.25,0.6653905302489123,0.9530639138021939,0.4444444444444444,0.2957291245550721,0.585640617937277,0.832695263060949,0.16730473281203673,0.8859456213476754
6001,4,3,1,0.75,0.25,0.4931171965945188,0.98612907433357,0.4444444444444444,0.2191631984864528,0.9949338378865143,0.746558619059738,0.2534414224652191,0.9963528291252524
6003,1,0,1,0.0,1.0,-0.9994802193149276,-0.9994802193149276,0.16666666666666666,-0.16658003655248793,0.0,0.00025988370180130005,0.9997401030167289,0.9997401030167289
6006,1,1,0,1.0,0.0,0.9850128521211445,0.9850128521211445,0.16666666666666666,0.1641688086868574,0.0,0.9925064444541931,0.007493592333048582,0.9925064444541931
6013,1,0,1,0.0,1.0,-0.8136586875559014,-0.8136586875559014,0.16666666666666666,-0.13560978125931689,0.0,0.09317064730920524,0.9068293348651066,0.9068293348651066
6014,1,0,1,0.0,1.0,-0.9538787309674249,-0.9538787309674249,0.16666666666666666,-0.1589797884945708,0.0,0.02306059477985769,0.9769393257472826,0.9769393257472826
6016,2,2,0,1.0,0.0,0.7250053044992929,0.7250053044992929,0.2857142857142857,0.20714437271408367,0.38749492431543264,0.8625026617395997,0.1374973572403067,0.8625026617395997
6023,1,1,0,1.0,0.0,0.9851307937077114,0.9851307937077114,0.16666666666666666,0.1641884656179519,0.0,0.9925653813959479,0.0074345876882364464,0.9925653813959479
6040,3,2,1,0.6666666666666666,0.3333333333333333,0.21746629594593028,0.6456023914058034,0.375,0.08154986097972386,1.0628528923371874,0.6087331291823685,0.39126683323643824,0.93962796958996
6058,5,5,0,1.0,0.0,0.9081250817971547,0.9583015873928199,0.5,0.45406254089857734,0.1289064475301463,0.9540625405199655,0.04593745872281074,0.9540625405199655
6059,1,1,0,1.0,0.0,0.7915816537795528,0.7915816537795528,0.16666666666666666,0.13193027562992546,0.0,0.8957908384261593,0.10420918464660645,0.8957908384261593
6155,4,3,1,0.75,0.25,0.5037941199295104,0.9989387279623811,0.4444444444444444,0.22390849774644905,0.9907116430927587,0.75189708585812,0.2481029659286096,0.9974653582531317
6157,5,2,3,0.4,0.6,-0.20089777017723165,-0.970679321623685,0.5,-0.10044888508861582,1.0805318118432443,0.3995511333981122,0.6004489035753439,0.9935054000800972
6166,1,0,1,0.0,1.0,-0.9936073156177695,-0.9936073156177695,0.16666666666666666,-0.16560121926962823,0.0,0.0031963166246559414,0.9968036322424254,0.9968036322424254
6170,1,0,1,0.0,1.0,-0.6257248723694167,-0.6257248723694167,0.16666666666666666,-0.1042874787282361,0.0,0.18713758378752862,0.8128624561569453,0.8128624561569453
6183,1,1,0,1.0,0.0,0.9908507762871352,0.9908507762871352,0.16666666666666666,0.16514179604785587,0.0,0.9954253699391934,0.004574593652058118,0.9954253699391934
6184,1,0,1,0.0,1.0,-0.9954553182388461,-0.9954553182388461,0.16666666666666666,-0.16590921970647435,0.0,0.0022723641852999844,0.9977276824241461,0.9977276824241461
6188,1,1,0,1.0,0.0,0.9927860854024237,0.9927860854024237,0.16666666666666666,0.16546434756707062,0.0,0.9963930303400214,0.0036069449375976215,0.9963930303400214
6213,1,0,1,0.0,1.0,-0.4694627109838992,-0.4694627109838992,0.16666666666666666,-0.0782437851639832,0.0,0.2652686344291309,0.7347313454130301,0.7347313454130301
6214,3,2,1,0.6666666666666666,0.3333333333333333,0.30094349138926296,0.934297617743997,0.375,0.1128538092709736,1.1263893707292467,0.6504717397614616,0.3495282483721986,0.9836559477561742
6218,1,0,1,0.0,1.0,-0.8164386506293231,-0.8164386506293231,0.16666666666666666,-0.1360731084382205,0.0,0.09178070505713201,0.9082193556864551,0.9082193556864551
6219,2,2,0,1.0,0.0,0.8417289069753457,0.8417289069753457,0.2857142857142857,0.24049397342152734,0.22250737194301382,0.9208644710290974,0.07913556405375159,0.9208644710290974
6239,3,3,0,1.0,0.0,0.998927528637996,0.9987888605750386,0.375,0.3745978232392485,0.0007007339726984487,0.9994637795371434,0.0005362508991473965,0.9994637795371434
6242,1,1,0,1.0,0.0,0.8934903732244519,0.8934903732244519,0.16666666666666666,0.1489150622040753,0.0,0.9467451676078464,0.053254794383394546,0.9467451676078464
6250,3,0,3,0.0,1.0,-0.7591884500852766,-0.9975770196932203,0.375,-0.2846956687819787,0.41323411418869954,0.12040577940345225,0.8795942294887289,0.8795942294887289
6252,2,1,1,0.5,0.5,0.03144875038764683,0.03144875038764683,0.2857142857142857,0.00898535725361338,1.2817943584556601,0.5157243649640558,0.484275614576409,0.9531827312455612
6264,1,1,0,1.0,0.0,0.9884189175992628,0.9884189175992628,0.16666666666666666,0.1647364862665438,0.0,0.9942094369239297,0.005790519324666855,0.9942094369239297
6273,2,2,0,1.0,0.0,0.9979645913220672,0.9979645913220672,0.2857142857142857,0.28513274037773345,0.0008303321419912456,0.9989822826961101,0.0010176913740430117,0.9989822826961101
6281,2,2,0,1.0,0.0,0.9208056333885168,0.9208056333885168,0.2857142857142857,0.2630873238252905,0.11124093694631221,0.9604028193063514,0.039597185917834496,0.9604028193063514
6286,1,1,0,1.0,0.0,0.9783024401951085,0.9783024401951085,0.16666666666666666,0.16305040669918475,0.0,0.989151200177464,0.010848759982355582,0.989151200177464
6287,1,1,0,1.0,0.0,0.9990105200558901,0.9990105200558901,0.16666666666666666,0.16650175334264833,0.0,0.9995052631084735,0.0004947430525834744,0.9995052631084735
6290,3,1,2,0.3333333333333333,0.6666666666666666,-0.19850894589355858,-0.5949172063519477,0.375,-0.07444085471008446,1.0464023264605509,0.40074550844502355,0.5992544543385822,0.9286479505985571
6294,1,0,1,0.0,1.0,-0.916527598511939,-0.916527598511939,0.16666666666666666,-0.15275459975198982,0.0,0.041736222560109656,0.9582638210720487,0.9582638210720487
6297,1,1,0,1.0,0.0,0.999438631815541,0.999438631815541,0.16666666666666666,0.16657310530259017,0.0,0.9997192793823653,0.0002806475668242483,0.9997192793823653
6301,3,2,1,0.6666666666666666,0.3333333333333333,0.2752145640393939,0.8211559393801107,0.375,0.10320546151477272,1.0959103092465818,0.6376072567726109,0.3623926927332169,0.966417995659968
6303,2,2,0,1.0,0.0,0.7448720067491897,0.7448720067491897,0.2857142857142857,0.21282057335691135,0.3461613687613428,0.8724360063890826,0.12756399963989293,0.8724360063890826
6322,2,1,1,0.5,0.5,-0.009367828302016434,-0.009367828302016434,0.2857142857142857,-0.0026765223720046955,1.3919140492515365,0.49531608745920835,0.5046839157612248,0.9921159331375103
6323,5,5,0,1.0,0.0,0.976008186046314,0.9985795099443445,0.5,0.488004093023157,0.04467317578420404,0.9880040989351364,0.011995912888822553,0.9880040989351364
6332,1,1,0,1.0,0.0,0.74921803861051,0.74921803861051,0.16666666666666666,0.12486967310175165,0.0,0.8746090450802365,0.12539100646972656,0.8746090450802365
6333,5,5,0,1.0,0.0,0.9747972225101362,0.9993013823208426,0.5,0.4873986112550681,0.05337926772025754,0.9873986169367871,0.012601394426650892,0.9873986169367871
6365,2,2,0,1.0,0.0,0.5482923595484588,0.5482923595484588,0.2857142857142857,0.1566549598709882,0.36008981816466534,0.7741461747812071,0.22585381523274825,0.7741461747812071
6367,1,1,0,1.0,0.0,0.984957464323699,0.984957464323699,0.16666666666666666,0.16415957738728315,0.0,0.9924786982645515,0.0075212339408525074,0.9924786982645515
6373,3,3,0,1.0,0.0,0.9978719567246527,0.9991727673526233,0.375,0.37420198377174474,0.0024454328901654544,0.9989359947612204,0.0010640380365677623,0.9989359947612204
6377,4,4,0,1.0,0.0,0.9978777534567306,0.9997397664003074,0.4444444444444444,0.4435012237585469,0.0037373366372007886,0.9989388781929938,0.0010611247362631961,0.9989388781929938
6378,4,4,0,1.0,0.0,0.9915196970163878,0.9913563290565182,0.4444444444444444,0.4406754208961723,0.006628701447844424,0.9957598498142367,0.004240152797848893,0.9957598498142367
6379,1,0,1,0.0,1.0,-0.119962518797538,-0.119962518797538,0.16666666666666666,-0.019993753132923,0.0,0.44001874172115124,0.5599812605186892,0.5599812605186892
6380,1,0,1,0.0,1.0,-0.18350191552429568,-0.18350191552429568,0.16666666666666666,-0.03058365258738261,0.0,0.4082490069484596,0.5917509224727553,0.5917509224727553
6383,4,2,2,0.5,0.5,-0.006690413001791323,-0.009927381256690848,0.4444444444444444,-0.0029735168896850325,1.1434551344644213,0.4966548093464482,0.5033452223482395,0.9951203777141574
6385,1,1,0,1.0,0.0,0.9977194333863433,0.9977194333863433,0.16666666666666666,0.1662865722310572,0.0,0.9988597319586644,0.0011402985723211014,0.9988597319586644
6428,2,2,0,1.0,0.0,0.999237675006065,0.999237675006065,0.2857142857142857,0.2854964785731614,0.0006836272880018985,0.9996188389506317,0.00038116394456673934,0.9996188389506317
6433,1,1,0,1.0,0.0,0.9977154021151363,0.9977154021151363,0.16666666666666666,0.16628590035252272,0.0,0.9988576889038085,0.0011422867886722089,0.9988576889038085
6436,1,1,0,1.0,0.0,0.9951796182564326,0.9951796182564326,0.16666666666666666,0.16586326970940543,0.0,0.997589837937128,0.002410219680695307,0.997589837937128
6482,1,0,1,0.0,1.0,-0.9815967288510553,-0.9815967288510553,0.16666666666666666,-0.1635994548085092,0.0,0.009201629408474627,0.9907983582595299,0.9907983582595299
6484,1,1,0,1.0,0.0,0.995835392616919,0.995835392616919,0.16666666666666666,0.16597256543615316,0.0,0.9979176794379818,0.0020822868210628696,0.9979176794379818
6502,8,8,0,1.0,0.0,0.9935237418989871,0.9952450971609298,0.6153846153846154,0.6113992257839921,0.006461003815922746,0.9967618765289268,0.0032381346299397043,0.9967618765289268
6503,4,1,3,0.25,0.75,-0.504567612692683,-0.9809276960905926,0.4444444444444444,-0.2242522723078591,0.9651493967346205,0.2477161949989189,0.7522838076916019,0.9880248162968777
6530,1,1,0,1.0,0.0,0.962025168939685,0.962025168939685,0.16666666666666666,0.16033752815661417,0.0,0.9810125833425679,0.018987414402882822,0.9810125833425679
6533,1,1,0,1.0,0.0,0.997718753946292,0.997718753946292,0.16666666666666666,0.16628645899104866,0.0,0.9988593559760552,0.0011406020297632588,0.9988593559760552
6534,4,1,3,0.25,0.75,-0.4503736994418084,-0.8999397147901443,0.4444444444444444,-0.2001660886408037,0.9656066380986876,0.27481314667232415,0.7251868461141325,0.9741506893591576
6535,2,1,1,0.5,0.5,0.0836677124419623,0.0836677124419623,0.2857142857142857,0.023905060697703515,1.295344423641272,0.5418338733891446,0.45816616094718227,0.957973430132625
6537,5,1,4,0.2,0.8,-0.48727669207168384,-0.9978087012538848,0.5,-0.24363834603584192,0.8638214166648215,0.25636165953175344,0.7436383516034373,0.9426310849368591
6538,1,1,0,1.0,0.0,0.7959762971166153,0.7959762971166153,0.16666666666666666,0.13266271618610254,0.0,0.8979881481385567,0.10201185102194128,0.8979881481385567
6539,3,2,1,0.6666666666666666,0.3333333333333333,0.30944151318791985,0.9374543912347546,0.375,0.11604056744546995,1.1335996574092044,0.6547207677873895,0.3452792545994698,0.9877789088182123
6541,3,2,1,0.6666666666666666,0.3333333333333333,0.42724631746418096,0.9992525612980854,0.375,0.16021736904906786,0.9911556356648739,0.7136231656373448,0.2863768481731638,0.9527036975506848
6550,2,2,0,1.0,0.0,0.9984609091281891,0.9984609091281891,0.2857142857142857,0.28527454546519687,0.00031535620755004516,0.9992304476885728,0.0007695385603837564,0.9992304476885728
6564,3,3,0,1.0,0.0,0.9981731756448914,0.9993131700183701,0.375,0.37431494086683426,0.0020057428139317714,0.999086576935111,0.0009134012902197062,0.999086576935111
6565,2,2,0,1.0,0.0,0.9892568817133331,0.9892568817133331,0.2857142857142857,0.2826448233466666,0.012513352505920849,0.9946284590108747,0.005371577297541423,0.9946284590108747
6566,1,1,0,1.0,0.0,0.9733636517455613,0.9733636517455613,0.16666666666666666,0.16222727529092687,0.0,0.98668180456484,0.013318152819278735,0.98668180456484
6586,1,1,0,1.0,0.0,0.9984111133320578,0.9984111133320578,0.16666666666666666,0.16640185222200962,0.0,0.9992055564091123,0.000794443077054517,0.9992055564091123
6593,2,2,0,1.0,0.0,0.995628114257514,0.995628114257514,0.2857142857142857,0.28446517550214684,0.005064292820536617,0.9978140465647365,0.002185932307222504,0.9978140465647365
6595,1,0,1,0.0,1.0,-0.24452525302953554,-0.24452525302953554,0.16666666666666666,-0.04075420883825592,0.0,0.3777374115370753,0.6222626645666108,0.6222626645666108
6615,4,4,0,1.0,0.0,0.8676377943527076,0.9964370652615023,0.4444444444444444,0.38561679749009226,0.25983199996234313,0.9338189013014218,0.06618110694871411,0.9338189013014218
6617,4,4,0,1.0,0.0,0.9725845723162829,0.9917230710030089,0.4444444444444444,0.43225980991834795,0.04304208069100703,0.9862922941921937,0.013707721875910697,0.9862922941921937
6618,2,2,0,1.0,0.0,0.9979694264555363,0.9979694264555363,0.2857142857142857,0.2851341218444389,0.0019481452870763378,0.998984735893224,0.001015309437687667,0.998984735893224
6619,1,1,0,1.0,0.0,0.9720222385866302,0.9720222385866302,0.16666666666666666,0.162003706431105,0.0,0.986011164528983,0.01398892594235284,0.986011164528983
6620,1,1,0,1.0,0.0,0.9813925992151734,0.9813925992151734,0.16666666666666666,0.1635654332025289,0.0,0.9906962854340831,0.009303686218909651,0.9906962854340831
6643,2,2,0,1.0,0.0,0.9983636338107152,0.9983636338107152,0.2857142857142857,0.2852467525173472,2.02208266837513e-06,0.9991818189150719,0.000818185104356612,0.9991818189150719
6645,1,1,0,1.0,0.0,0.9975349677105745,0.9975349677105745,0.16666666666666666,0.1662558279517624,0.0,0.9987674713134765,0.0012325036029020946,0.9987674713134765
6650,3,2,1,0.6666666666666666,0.3333333333333333,0.3417071717233438,0.9987186729250584,0.375,0.12814018939625393,1.138669618317568,0.6708535857119343,0.32914641398859057,0.9952253085759281
6658,2,1,1,0.5,0.5,-0.2328224478450378,-0.2328224478450378,0.2857142857142857,-0.06652069938429651,1.08316036897333,0.38358876759811394,0.6164112154431517,0.882955012527415
6659,7,7,0,1.0,0.0,0.9949525893860646,0.9976008941108981,0.5833333333333334,0.5803890104752044,0.0067490773896360665,0.9974762847060745,0.0025236953200100396,0.9974762847060745
6660,1,1,0,1.0,0.0,0.9983729151431148,0.9983729151431148,0.16666666666666666,0.16639548585718578,0.0,0.9991864755786678,0.0008135604355530467,0.9991864755786678
6662,1,1,0,1.0,0.0,0.998523113578558,0.998523113578558,0.16666666666666666,0.16642051892975968,0.0,0.9992615509033204,0.0007384373247623444,0.9992615509033204
6663,2,1,1,0.5,0.5,0.10982672361234253,0.10982672361234253,0.2857142857142857,0.03137906388924072,1.247629651652249,0.5549133411179618,0.4450866175056193,0.9411036728581481
6664,2,2,0,1.0,0.0,0.9942312714992501,0.9942312714992501,0.2857142857142857,0.28406607757121427,0.0017481640572459488,0.997115647070424,0.00288437557117399,0.997115647070424
6666,2,2,0,1.0,0.0,0.4989514014946165,0.4989514014946165,0.2857142857142857,0.14255754328417614,0.6856627232584882,0.7494756974451118,0.25052429595049536,0.7494756974451118
6669,3,2,1,0.6666666666666666,0.3333333333333333,0.5594565842823584,0.9928804705972257,0.375,0.20979621910588442,0.7532278596147431,0.7797282965862232,0.22027171230386486,0.8831597684453394
6686,2,1,1,0.5,0.5,0.003999938594664076,0.003999938594664076,0.2857142857142857,0.0011428395984754503,1.4081138468018561,0.501999989091106,0.49800005049644186,0.9978434446719078
6695,4,2,2,0.5,0.5,-0.030855214434263534,-0.06261664439874864,0.4444444444444444,-0.013713428637450458,1.082665674389267,0.4845723854052929,0.5154275998395564,0.9674745843044303
6707,1,1,0,1.0,0.0,0.1431248371417706,0.1431248371417706,0.16666666666666666,0.023854139523628432,0.0,0.5715624002309946,0.428437563089224,0.5715624002309946
6708,1,1,0,1.0,0.0,0.9862210558106502,0.9862210558106502,0.16666666666666666,0.1643701759684417,0.0,0.9931104977925619,0.006889441981911659,0.9931104977925619
6709,1,1,0,1.0,0.0,0.18761866336884203,0.18761866336884203,0.16666666666666666,0.03126977722814034,0.0,0.5938093453404717,0.40619068197162966,0.5938093453404717
6711,4,3,1,0.75,0.25,0.5045586515971535,0.9865251078300376,0.4444444444444444,0.22424828959873488,0.972749071497463,0.7522793475266801,0.24772069592952664,0.9909125038224867
6724,2,2,0,1.0,0.0,0.9773218439451548,0.9773218439451548,0.2857142857142857,0.2792348125557585,0.031489164304186204,0.9886609181859898,0.011339074240835089,0.9886609181859898
6731,1,0,1,0.0,1.0,-0.9897630425681055,-0.9897630425681055,0.16666666666666666,-0.16496050709468424,0.0,0.005118466408203485,0.994881508976309,0.994881508976309
6743,2,1,1,0.5,0.5,0.009153981650447951,0.009153981650447951,0.2857142857142857,0.0026154233286994144,1.3999531371898282,0.5045769922951727,0.49542301064472477,0.994958179795103
6753,2,2,0,1.0,0.0,0.9988143211015186,0.9988143211015186,0.2857142857142857,0.2853755203147196,0.00032601218520237994,0.9994071656724386,0.0005928445709200448,0.9994071656724386
6754,4,4,0,1.0,0.0,0.9983949078582481,0.9993553537789774,0.4444444444444444,0.44373107015922136,0.0020972989543923217,0.9991974597773535,0.0008025519191053395,0.9991974597773535
6764,1,1,0,1.0,0.0,0.9993359680512761,0.9993359680512761,0.16666666666666666,0.16655599467521268,0.0,0.9996679966745813,0.00033202862330511504,0.9996679966745813
6773,1,1,0,1.0,0.0,0.9978286887555862,0.9978286887555862,0.16666666666666666,0.16630478145926436,0.0,0.9989143533909575,0.0010856646353712923,0.9989143533909575
6774,1,0,1,0.0,1.0,-0.9107960706407374,-0.9107960706407374,0.16666666666666666,-0.15179934510678955,0.0,0.04460196874358437,0.9553980393843218,0.9553980393843218
6777,2,1,1,0.5,0.5,-0.0017059238237316365,-0.0017059238237316365,0.2857142857142857,-0.00048740680678046753,1.4096424059645507,0.49914705903743073,0.5008529828611624,0.9983838731021235
6787,2,1,1,0.5,0.5,0.46786139089425177,0.46786139089425177,0.2857142857142857,0.13367468311264336,0.7501285725512544,0.7339306917099544,0.26606930081570257,0.765210496469217
6791,4,4,0,1.0,0.0,0.9904439288471555,0.9892820946150119,0.4444444444444444,0.44019730170984683,0.006525377126453569,0.9952219896961366,0.0047780608489811326,0.9952219896961366
6796,3,3,0,1.0,0.0,0.7311682944143598,0.9807133073509584,0.375,0.27418811040538493,0.4486563700040711,0.8655841400906876,0.1344158456763278,0.8655841400906876
6800,5,2,3,0.4,0.6,-0.1944792791768763,-0.9510775040357541,0.5,-0.09723963958843815,1.0780936245971504,0.4027603355863847,0.597239614763261,0.9917734207451098
6807,4,2,2,0.5,0.5,0.14371852661490375,0.24928240107060415,0.4444444444444444,0.063874900717735,1.001076958694665,0.5718592760526731,0.4281407494377693,0.9268910376831492
6808,5,3,2,0.6,0.4,0.23335922466260567,0.9823637153736497,0.5,0.11667961233130283,1.0359342051845757,0.616679597943907,0.38332037328130136,0.9762517815039798
6818,1,1,0,1.0,0.0,0.7898120515665431,0.7898120515665431,0.16666666666666666,0.13163534192775717,0.0,0.8949060136345541,0.10509396206801104,0.8949060136345541
6820,1,0,1,0.0,1.0,-0.6437827201277123,-0.6437827201277123,0.16666666666666666,-0.10729712002128539,0.0,0.17810866015538732,0.8218913802830996,0.8218913802830996
6852,1,1,0,1.0,0.0,0.9959527025290575,0.9959527025290575,0.16666666666666666,0.16599211708817624,0.0,0.9979763663775548,0.0020236638484972913,0.9979763663775548
6862,1,1,0,1.0,0.0,0.9860387192613582,0.9860387192613582,0.16666666666666666,0.16433978654355968,0.0,0.9930193750991434,0.006980655837785169,0.9930193750991434
6863,2,2,0,1.0,0.0,0.9857462623087503,0.9857462623087503,0.2857142857142857,0.28164178923107147,0.0009629030868806213,0.9928731226065337,0.007126860297783435,0.9928731226065337
6867,2,2,0,1.0,0.0,0.9961642963831784,0.9961642963831784,0.2857142857142857,0.28461837039519383,0.004917933909478618,0.9980821575315195,0.001917861148341155,0.9980821575315195
6870,4,4,0,1.0,0.0,0.8677544832974513,0.9803475732806181,0.4444444444444444,0.3856686592433117,0.23764856495800604,0.9338772392169242,0.06612275591947296,0.9338772392169242
6874,6,4,2,0.6666666666666666,0.3333333333333333,0.3107678168619667,0.9241870919863382,0.5454545454545454,0.16950971828834546,1.0098849163105401,0.6553839078675173,0.3446160910055507,0.9857245687492076
6879,1,0,1,0.0,1.0,-0.9969640822361802,-0.9969640822361802,0.16666666666666666,-0.16616068037269668,0.0,0.0015179999649067365,0.9984820822010869,0.9984820822010869
6880,2,0,2,0.0,1.0,-0.9931497628783388,-0.9931497628783388,0.2857142857142857,-0.2837570751080968,0.0062129845343970435,0.0034251151040890293,0.9965748779824277,0.9965748779824277
6889,2,2,0,1.0,0.0,0.9976272816454002,0.9976272816454002,0.2857142857142857,0.28503636618440004,0.0002730204457879147,0.9988136605639377,0.0011863789185374773,0.9988136605639377
6890,1,0,1,0.0,1.0,-0.511090960372333,-0.511090960372333,0.16666666666666666,-0.08518182672872217,0.0,0.24445450365842886,0.7555454640307618,0.7555454640307618
6893,2,1,1,0.5,0.5,0.0008575985165560907,0.0008575985165560907,0.2857142857142857,0.00024502814758745446,1.4112868652585633,0.5004287954093655,0.4995711968928094,0.9989652524630052
6902,2,2,0,1.0,0.0,0.9952019235689024,0.9952019235689024,0.2857142857142857,0.28434340673397207,0.002177097599484249,0.9976009602143681,0.002399036645465764,0.9976009602143681
6932,2,2,0,1.0,0.0,0.9692702518723271,0.9692702518723271,0.2857142857142857,0.2769343576778077,0.0335679797991479,0.9846351523148387,0.015364900442511447,0.9846351523148387
6934,2,0,2,0.0,1.0,-0.9718665825525389,-0.9718665825525389,0.2857142857142857,-0.2776761664435825,0.03424656770875953,0.014066695157335711,0.9859332777098746,0.9859332777098746
6936,6,6,0,1.0,0.0,0.998910084102843,0.9989469661196448,0.5454545454545454,0.5448600458742779,0.0007678913388010906,0.9994550552803881,0.0005449711775452086,0.9994550552803881
6942,5,4,1,0.8,0.2,0.41635371077088185,0.6709275181639877,0.5,0.20817685538544092,0.8227752412325584,0.7081768324330813,0.2918231216621995,0.9051407003892757
6947,6,5,1,0.8333333333333334,0.16666666666666666,0.5604846087704561,0.9744898469756844,0.5454545454545454,0.3057188775111579,0.7663118046538815,0.7802422944422996,0.21975768567184353,0.931136833972984
6950,1,1,0,1.0,0.0,0.961897359941812,0.961897359941812,0.16666666666666666,0.16031622665696865,0.0,0.9809486837948069,0.019051323852994864,0.9809486837948069
6951,5,1,4,0.2,0.8,-0.41626838728262444,-0.9956896328367293,0.5,-0.20813419364131222,0.8842043446558882,0.2918658185044981,0.7081342057871225,0.9080367752558484
6952,3,2,1,0.6666666666666666,0.3333333333333333,0.20036924077815232,0.5808848063151042,0.375,0.07513846529180712,1.0428304638738233,0.6001846451875317,0.39981540440937935,0.9266122968839475
6953,1,1,0,1.0,0.0,0.999457291683849,0.999457291683849,0.16666666666666666,0.16657621528064148,0.0,0.999728638448833,0.0002713467649839543,0.999728638448833
6958,2,2,0,1.0,0.0,0.5157405365627606,0.5157405365627606,0.2857142857142857,0.1473544390179316,0.6837475882352494,0.7578702526744775,0.24212971611171685,0.7578702526744775
6959,1,1,0,1.0,0.0,0.9994577329843602,0.9994577329843602,0.16666666666666666,0.1665762888307267,0.0,0.9997288480718085,0.00027111508744828244,0.9997288480718085
6966,5,5,0,1.0,0.0,0.9965384147132932,0.9989795666260478,0.5,0.4982692073566466,0.003816618790296181,0.9982691910658954,0.0017307763526022645,0.9982691910658954
6974,2,2,0,1.0,0.0,0.9968230904379294,0.9968230904379294,0.2857142857142857,0.2848065972679798,0.0032919325339332783,0.9984115236196944,0.0015884331817650678,0.9984115236196944
6979,3,3,0,1.0,0.0,0.9731517756268642,0.9731890717907065,0.375,0.36493191586007406,0.00679737214833888,0.986575921922428,0.013424146295563794,0.986575921922428
6985,3,3,0,1.0,0.0,0.989910279995112,0.9988659174181521,0.375,0.371216354998167,0.015945831942136432,0.9949551419394732,0.005044861944361289,0.9949551419394732
6987,2,1,1,0.5,0.5,-9.618147199313976e-05,-9.618147199313976e-05,0.2857142857142857,-2.74804205694685e-05,1.412154877897903,0.4999519136442115,0.5000480951162046,0.9992721495038421
6993,1,1,0,1.0,0.0,0.5526808945414348,0.5526808945414348,0.16666666666666666,0.09211348242357245,0.0,0.7763404357127655,0.22365954117133066,0.7763404357127655
6996,1,0,1,0.0,1.0,-0.9937448920784415,-0.9937448920784415,0.16666666666666666,-0.16562414867974024,0.0,0.0031275592007479823,0.9968724512791896,0.9968724512791896
7000,2,2,0,1.0,0.0,0.986197324163689,0.986197324163689,0.2857142857142857,0.28177066404676826,0.01511521173137557,0.9930986736381933,0.006901349474504156,0.9930986736381933
7001,2,2,0,1.0,0.0,0.9889705948207113,0.9889705948207113,0.2857142857142857,0.2825630270916318,0.0122859677309131,0.9944853362493185,0.005514741428607262,0.9944853362493185
7004,5,4,1,0.8,0.2,0.6189133613032523,0.9909996081042934,0.5,0.3094566806516261,0.8323036171126906,0.8094566695963353,0.1905433082930832,0.9834319264660027
7007,2,2,0,1.0,0.0,0.9954048822236267,0.9954048822236267,0.2857142857142857,0.28440139492103617,0.005616773673558423,0.9977024422840131,0.0022975600603864083,0.9977024422840131
7008,1,0,1,0.0,1.0,-0.9985043592558006,-0.9985043592558006,0.16666666666666666,-0.1664173932093001,0.0,0.0007478019579704561,0.999252161213771,0.999252161213771
7013,3,3,0,1.0,0.0,0.9966935055124683,0.9959952514557161,0.375,0.3737600645671756,0.001991659903109584,0.9983467314115325,0.0016532258990641857,0.9983467314115325
7017,3,1,2,0.3333333333333333,0.6666666666666666,-0.6328508439574173,-0.979017935746105,0.375,-0.2373190664840315,0.6156515913639313,0.18357457684717435,0.8164254208045917,0.8424128602555561
7018,3,3,0,1.0,0.0,0.9947064151035141,0.9991968976841731,0.375,0.3730149056638178,0.008160188889888852,0.997353201322254,0.0026467862187399206,0.997353201322254
7022,1,1,0,1.0,0.0,0.9990794023241454,0.9990794023241454,0.16666666666666666,0.16651323372069088,0.0,0.9995397552242123,0.000460352900066996,0.9995397552242123
7024,2,0,2,0.0,1.0,-0.9614857002771158,-0.9614857002771158,0.2857142857142857,-0.2747102000791759,0.04835828873358064,0.0192571267259302,0.980742827003046,0.980742827003046
7027,3,3,0,1.0,0.0,0.8280109024766126,0.9968307304188487,0.375,0.31050408842872973,0.294079136268459,0.9140054393100058,0.08599453683339324,0.9140054393100058
7028,1,1,0,1.0,0.0,0.9995716206418971,0.9995716206418971,0.16666666666666666,0.16659527010698283,0.0,0.9997858206431071,0.0002142000012099743,0.9997858206431071
7036,1,1,0,1.0,0.0,0.9911510843151021,0.9911510843151021,0.16666666666666666,0.16519184738585035,0.0,0.9955755269752359,0.004424442660133794,0.9955755269752359
7040,1,1,0,1.0,0.0,0.9944650025344363,0.9944650025344363,0.16666666666666666,0.1657441670890727,0.0,0.9972324745327819,0.002767471998345618,0.9972324745327819
7044,1,0,1,0.0,1.0,-0.9978646562340554,-0.9978646562340554,0.16666666666666666,-0.16631077603900923,0.0,0.0010676571492398723,0.9989323133832952,0.9989323133832952
7045,1,1,0,1.0,0.0,0.9977132954248568,0.9977132954248568,0.16666666666666666,0.16628554923747613,0.0,0.9988566452894754,0.001143349864618565,0.9988566452894754
7060,2,2,0,1.0,0.0,0.5593296436122158,0.5593296436122158,0.2857142857142857,0.15980846960349024,0.6209046196506567,0.7796648633349073,0.22033521972269146,0.7796648633349073
7063,2,2,0,1.0,0.0,0.7810050292290822,0.7810050292290822,0.2857142857142857,0.22314429406545205,0.29783051098082386,0.8905025143026837,0.10949748507360132,0.8905025143026837
7064,1,1,0,1.0,0.0,0.9831125598308469,0.9831125598308469,0.16666666666666666,0.16385209330514114,0.0,0.991556277945022,0.008443718114175087,0.991556277945022
7072,1,1,0,1.0,0.0,0.9877960234479263,0.9877960234479263,0.16666666666666666,0.16463267057465436,0.0,0.9938980337289663,0.006102010281040118,0.9938980337289663
7075,3,3,0,1.0,0.0,0.9967143043160899,0.9992993263793843,0.375,0.3737678641185337,0.004841320346183193,0.9983571448154901,0.0016428404994003488,0.9983571448154901
7076,1,0,1,0.0,1.0,-0.9046190782026811,-0.9046190782026811,0.16666666666666666,-0.1507698463671135,0.0,0.04769050796310623,0.9523095861657873,0.9523095861657873
7089,1,1,0,1.0,0.0,0.9996704798908187,0.9996704798908187,0.16666666666666666,0.16661174664846978,0.0,0.999835205078125,0.00016472518730622072,0.999835205078125
7090,1,1,0,1.0,0.0,0.9991784371184499,0.9991784371184499,0.16666666666666666,0.16652973951974165,0.0,0.9995892128247893,0.0004107757063394182,0.9995892128247893
7099,1,0,1,0.0,1.0,-0.9190336707010434,-0.9190336707010434,0.16666666666666666,-0.1531722784501739,0.0,0.0404831742964728,0.9595168449975162,0.9595168449975162
7101,1,1,0,1.0,0.0,0.9914962215857072,0.9914962215857072,0.16666666666666666,0.16524937026428452,0.0,0.9957480942907412,0.004251872705033988,0.9957480942907412
7104,3,2,1,0.6666666666666666,0.3333333333333333,0.33216414118892085,0.9955868647270596,0.375,0.12456155294584531,1.1526048038175005,0.6660820604361747,0.3339179192472537,0.9989977858182261
7115,3,3,0,1.0,0.0,0.9994354061647979,0.9993961997838183,0.375,0.3747882773117992,0.0002743647122722141,0.999717718959594,0.0002823127947962143,0.999717718959594
7116,2,2,0,1.0,0.0,0.9907820411522844,0.9907820411522844,0.2857142857142857,0.283080583186367,0.011784362490242034,0.9953910104952068,0.0046089693429224345,0.9953910104952068
7121,1,1,0,1.0,0.0,0.9997364939140376,0.9997364939140376,0.16666666666666666,0.16662274898567292,0.0,0.9998682493804604,0.00013175546642272702,0.9998682493804604
7137,1,0,1,0.0,1.0,-0.967736241624162,-0.967736241624162,0.16666666666666666,-0.161289373604027,0.0,0.01613191913914036,0.9838681607633024,0.9838681607633024
7139,1,1,0,1.0,0.0,0.9711434507703447,0.9711434507703447,0.16666666666666666,0.16185724179505745,0.0,0.9855716945408107,0.014428243770465985,0.9855716945408107
7143,3,2,1,0.6666666666666666,0.3333333333333333,0.36497540430606445,0.9953138322313727,0.375,0.13686577661477417,1.095470510181098,0.6824877015871603,0.31751229728109587,0.9824752319858389
7147,2,2,0,1.0,0.0,0.9725044176174653,0.9725044176174653,0.2857142857142857,0.2778584050335615,0.03853065806765453,0.986252194359189,0.013747776741723693,0.986252194359189
7149,2,2,0,1.0,0.0,0.9518487394896097,0.9518487394896097,0.2857142857142857,0.271956782711317,0.009458252316915432,0.9759243775100824,0.024075638020472783,0.9759243775100824
7150,1,1,0,1.0,0.0,0.9844956489709707,0.9844956489709707,0.16666666666666666,0.16408260816182846,0.0,0.9922477882225197,0.007752139251548927,0.9922477882225197
7153,8,7,1,0.875,0.125,0.5944990547300422,0.9528021033964913,0.6153846153846154,0.36584557214156443,0.7093129858981613,0.7972495125533557,0.20275045782331363,0.9212820739224488
7155,4,4,0,1.0,0.0,0.9524680174472289,0.9940002019843485,0.4444444444444444,0.42331911886543505,0.08644467044516951,0.9762340049665965,0.02376598751936764,0.9762340049665965
7158,1,0,1,0.0,1.0,-0.9185618139984612,-0.9185618139984612,0.16666666666666666,-0.15309363566641018,0.0,0.040719114148054,0.9592809281465151,0.9592809281465151
7160,4,3,1,0.75,0.25,0.4972566146902755,0.9768140375529722,0.4444444444444444,0.22100293986234465,0.9744362188745066,0.7486283205042322,0.25137170581395674,0.9896664054855215
7162,3,3,0,1.0,0.0,0.9427521371205417,0.992432511430965,0.375,0.35353205142020316,0.09216911020315992,0.9713760794789721,0.02862394235843035,0.9713760794789721
7163,1,0,1,0.0,1.0,-0.9995619047619402,-0.9995619047619402,0.16666666666666666,-0.16659365079365668,0.0,0.00021905532106757163,0.9997809600830078,0.9997809600830078
7164,1,0,1,0.0,1.0,-0.9873322483438711,-0.9873322483438711,0.16666666666666666,-0.16455537472397852,0.0,0.006333887003935301,0.9936661353478065,0.9936661353478065
7215,1,1,0,1.0,0.0,0.9976897893592398,0.9976897893592398,0.16666666666666666,0.1662816315598733,0.0,0.9988448772024601,0.0011550878432202846,0.9988448772024601
7228,2,0,2,0.0,1.0,-0.710184270901483,-0.710184270901483,0.2857142857142857,-0.20290979168613799,0.39925535998812345,0.14490785994288674,0.8550921308443696,0.8550921308443696
7234,1,1,0,1.0,0.0,0.9459644799093598,0.9459644799093598,0.16666666666666666,0.15766074665155996,0.0,0.9729822399546799,0.027017760045320086,0.9729822399546799
7247,2,2,0,1.0,0.0,0.9980541307566402,0.9980541307566402,0.2857142857142857,0.2851583230733257,0.0005663571504854051,0.9990270432480821,0.000972912491441847,0.9990270432480821
7254,3,2,1,0.6666666666666666,0.3333333333333333,0.16523158349447786,0.2741645187084117,0.375,0.0619618438104292,0.8398474007089488,0.5826158014891807,0.41738421799470277,0.8238714713011525
7263,2,2,0,1.0,0.0,0.9995125053071647,0.9995125053071647,0.2857142857142857,0.28557500151633275,0.00018613097398766676,0.9997562535789591,0.00024374827179439603,0.9997562535789591
7265,1,1,0,1.0,0.0,0.9422515054767051,0.9422515054767051,0.16666666666666666,0.15704191757945085,0.0,0.9711257420229108,0.028874236546205672,0.9711257420229108
7285,2,2,0,1.0,0.0,0.9955207899856002,0.9955207899856002,0.2857142857142857,0.2844345114244572,0.0008818014659055231,0.9977603696464201,0.0022395796608199727,0.9977603696464201
7293,2,2,0,1.0,0.0,0.9986558555213243,0.9986558555213243,0.2857142857142857,0.2853302444346641,0.0015768669286931603,0.9993279087402717,0.0006720532189474546,0.9993279087402717
7317,2,2,0,1.0,0.0,0.9944518114058605,0.9944518114058605,0.2857142857142857,0.28412908897310296,0.007018432962355333,0.9972258861192861,0.002774074713425684,0.9972258861192861
7318,3,3,0,1.0,0.0,0.9928022953529593,0.996050511761535,0.375,0.37230086075735974,0.00733385238219395,0.9964011462079262,0.00359885085496682,0.9964011462079262
7323,1,1,0,1.0,0.0,0.9101319750108006,0.9101319750108006,0.16666666666666666,0.15168866250180008,0.0,0.9550660053888956,0.04493403037809508,0.9550660053888956
7324,1,1,0,1.0,0.0,0.9976031691336832,0.9976031691336832,0.16666666666666666,0.16626719485561386,0.0,0.998801608045562,0.0011984389118787622,0.998801608045562
7327,1,1,0,1.0,0.0,0.9937469215474577,0.9937469215474577,0.16666666666666666,0.16562448692457626,0.0,0.9968734697738604,0.003126548226402696,0.9968734697738604
7347,4,2,2,0.5,0.5,0.028141864340759604,0.03557176359145786,0.4444444444444444,0.012507495262559823,1.1143767591417055,0.5140709326614835,0.4859290683207239,0.9824753499868137
7360,4,4,0,1.0,0.0,0.9928263189686806,0.9961821637120112,0.4444444444444444,0.441256141763858,0.009342814784178217,0.9964131504984474,0.0035868315297668493,0.9964131504984474
7361,8,5,3,0.625,0.375,0.3284238345450126,0.9920062120192225,0.6153846153846154,0.20210697510462317,0.9300179025254496,0.6642119118174866,0.33578807727247395,0.9584317515294414
7362,1,0,1,0.0,1.0,-0.9970373135415753,-0.9970373135415753,0.16666666666666666,-0.16617288559026255,0.0,0.0014813570820506495,0.998518670623626,0.998518670623626
7367,1,0,1,0.0,1.0,-0.9469923306913937,-0.9469923306913937,0.16666666666666666,-0.15783205511523227,0.0,0.02650382588891422,0.9734961565803079,0.9734961565803079
7369,1,0,1,0.0,1.0,-0.9450165609295449,-0.9450165609295449,0.16666666666666666,-0.15750276015492415,0.0,0.027491730250669328,0.9725082911802142,0.9725082911802142
7371,3,2,1,0.6666666666666666,0.3333333333333333,0.30001194273595017,0.8431797440375217,0.375,0.1125044785259813,1.077974333986596,0.6500059718924865,0.34999402915653643,0.9638384138582256
7373,3,2,1,0.6666666666666666,0.3333333333333333,0.3385911804299202,0.997655563432761,0.375,0.12697169266122008,1.1432739155194553,0.6692955817069577,0.33070440127703743,0.9964780201777685
7376,1,1,0,1.0,0.0,0.7736880985770639,0.7736880985770639,0.16666666666666666,0.12894801642951065,0.0,0.88684402425771,0.11315592568064613,0.88684402425771
7380,1,1,0,1.0,0.0,0.9994279140565131,0.9994279140565131,0.16666666666666666,0.16657131900941885,0.0,0.9997139485677083,0.00028603451119528874,0.9997139485677083
7386,4,3,1,0.75,0.25,0.5057888387030064,0.99895346129504,0.4444444444444444,0.22479503942355838,0.9868734405047479,0.7528944260606064,0.24710558735760005,0.9965247284125527
7387,4,3,1,0.75,0.25,0.4728935522666762,0.945862246641592,0.4444444444444444,0.21017491211852274,0.982799896741439,0.7364467875686791,0.2635532353020029,0.9863194885355895
7438,2,2,0,1.0,0.0,0.8814887198535983,0.8814887198535983,0.2857142857142857,0.2518539199581709,0.16447716359850623,0.9407443405558946,0.059255620702296286,0.9407443405558946
7439,2,1,1,0.5,0.5,0.005823883196066304,0.005823883196066304,0.2857142857142857,0.0016639666274475154,1.4036881053766432,0.5029119376023212,0.497088054406255,0.9962786849956489
7444,5,5,0,1.0,0.0,0.9793353295564773,0.9996566868392546,0.5,0.48966766477823864,0.045068031375412605,0.9896676540627858,0.010332324506308591,0.9896676540627858
7445,4,3,1,0.75,0.25,0.561917206335904,0.9794807540249295,0.4444444444444444,0.24974098059373512,0.8485207639257055,0.7809586050578867,0.2190413987219827,0.9586212393891338
7451,5,5,0,1.0,0.0,0.9196907195554143,0.9987802475953418,0.5,0.45984535977770713,0.17597563474973715,0.9598453539740772,0.040154634418662835,0.9598453539740772
7454,4,2,2,0.5,0.5,-0.027968456515671702,-0.05522035817816606,0.4444444444444444,-0.012430425118076311,0.9474285992958955,0.48601576311374894,0.5139842196294206,0.8971713403192547
7458,6,5,1,0.8333333333333334,0.16666666666666666,0.6911572051267404,0.9898181976077661,0.5454545454545454,0.3769948391600402,0.7350073642676964,0.8455786154258575,0.15442141029911724,0.9804228812869304
7481,1,0,1,0.0,1.0,-0.9306228403788293,-0.9306228403788293,0.16666666666666666,-0.15510380672980487,0.0,0.03468860150077631,0.9653114418796056,0.9653114418796056
7482,3,2,1,0.6666666666666666,0.3333333333333333,0.33393444633903924,0.9954594114452269,0.375,0.12522541737713971,1.1494784373625468,0.6669672242204872,0.33303277788144797,0.9980894424928738
7560,1,1,0,1.0,0.0,0.9006025953091837,0.9006025953091837,0.16666666666666666,0.1501004325515306,0.0,0.9503013021214505,0.04969870681226672,0.9503013021214505
7569,6,6,0,1.0,0.0,0.9533290601326113,0.9941331775519058,0.5454545454545454,0.5199976691632425,0.10210666151080315,0.9766645145853281,0.023335454452716804,0.9766645145853281
7570,6,5,1,0.8333333333333334,0.16666666666666666,0.6653775782693846,0.9986368053760558,0.5454545454545454,0.3629332245105734,0.8153214846127836,0.8326887936823795,0.1673112154129949,0.9991703451748776
7573,3,0,3,0.0,1.0,-0.9559961880584549,-0.9974851954049168,0.375,-0.3584985705219206,0.0733725401413309,0.022001914040070746,0.9779981020985256,0.9779981020985256
7587,3,2,1,0.6666666666666666,0.3333333333333333,0.3989662633875584,0.991237363299808,0.375,0.1496123487703344,1.0309847224721356,0.6994831238832151,0.3005168604956567,0.9633189322677026
7618,1,1,0,1.0,0.0,0.9958280847010009,0.9958280847010009,0.16666666666666666,0.1659713474501668,0.0,0.9979140252088305,0.002085940507829616,0.9979140252088305
7700,2,2,0,1.0,0.0,0.9743279729364687,0.9743279729364687,0.2857142857142857,0.27837942083899103,0.012082324414867174,0.9871639746309306,0.01283600169446195,0.9871639746309306
7701,1,1,0,1.0,0.0,0.9708956909179687,0.9708956909179687,0.16666666666666666,0.1618159484863281,0.0,0.9854478149414062,0.0145521240234375,0.9854478149414062
7706,1,1,0,1.0,0.0,0.9988201270118738,0.9988201270118738,0.16666666666666666,0.16647002116864562,0.0,0.9994100586980836,0.0005899316862098172,0.9994100586980836
7748,2,1,1,0.5,0.5,0.00018497538950740244,0.00018497538950740244,0.2857142857142857,5.2850111287829264e-05,1.4076772214135729,0.5000924696144089,0.49990749422490144,0.9976890364113424
7757,3,2,1,0.6666666666666666,0.3333333333333333,0.3661712764449155,0.9965848219877034,0.375,0.1373142286668433,1.092912931112326,0.6830856386816251,0.3169143622367096,0.9816908706280807
7766,2,2,0,1.0,0.0,0.9930263036304621,0.9930263036304621,0.2857142857142857,0.28372180103727485,0.006480484170365315,0.9965131325258907,0.003486828895428678,0.9965131325258907
7802,3,3,0,1.0,0.0,0.9969128978454606,0.9959538537032396,0.375,0.3738423366920477,0.002249342497638686,0.9984564481795216,0.001543550334061088,0.9984564481795216
7827,1,1,0,1.0,0.0,0.9971060350818454,0.9971060350818454,0.16666666666666666,0.16618433918030756,0.0,0.9985530061541863,0.0014469710723409113,0.9985530061541863
7925,1,1,0,1.0,0.0,0.9986787680322412,0.9986787680322412,0.16666666666666666,0.16644646133870686,0.0,0.9993393996666218,0.0006606316343806256,0.9993393996666218
7926,3,3,0,1.0,0.0,0.9559861161246556,0.993927099963534,0.375,0.35849479354674585,0.070813032221352,0.9779930493083496,0.02200693318369404,0.9779930493083496
7934,3,2,1,0.6666666666666666,0.3333333333333333,0.42908213340843754,0.9534843777570398,0.375,0.16090580002816407,0.9444770139575142,0.7145410779284957,0.28545894452005816,0.9349552435137937
7980,3,2,1,0.6666666666666666,0.3333333333333333,0.3270044900165309,0.648196012235535,0.375,0.12262668375619909,0.7696185008515117,0.6635022516533461,0.3364977616368152,0.8472303252358508
7981,1,1,0,1.0,0.0,0.9996843985281885,0.9996843985281885,0.16666666666666666,0.16661406642136473,0.0,0.9998421669006348,0.0001577683724462986,0.9998421669006348
7982,1,1,0,1.0,0.0,0.9987652785433777,0.9987652785433777,0.16666666666666666,0.16646087975722962,0.0,0.9993826109787514,0.0006173324353736022,0.9993826109787514
7991,1,1,0,1.0,0.0,0.9885957294868098,0.9885957294868098,0.16666666666666666,0.1647659549144683,0.0,0.9942978752983941,0.00570214581158426,0.9942978752983941
8019,1,1,0,1.0,0.0,0.9938141799842318,0.9938141799842318,0.16666666666666666,0.16563569666403863,0.0,0.9969070752461752,0.0030928952619433403,0.9969070752461752
8033,1,1,0,1.0,0.0,0.9994923326728948,0.9994923326728948,0.16666666666666666,0.16658205544548246,0.0,0.9997461802923857,0.00025384761949083696,0.9997461802923857
8125,2,2,0,1.0,0.0,0.9769203187568762,0.9769203187568762,0.2857142857142857,0.2791200910733932,0.027674740650413133,0.9884601800306235,0.011539861273747253,0.9884601800306235
8154,2,1,1,0.5,0.5,-0.018194998496435077,-0.018194998496435077,0.2857142857142857,-0.00519857099898145,1.3849110645606173,0.4909025112574827,0.5090975097539178,0.9896400130512467
8169,2,1,1,0.5,0.5,0.00021955980446253243,0.00021955980446253243,0.2857142857142857,6.273137270358069e-05,1.4127220722826421,0.5001098078634327,0.49989024805897025,0.9994727065826856
8207,2,2,0,1.0,0.0,0.997656277371466,0.997656277371466,0.2857142857142857,0.2850446506775617,0.0018977417353248974,0.998828143796449,0.0011718664249830944,0.998828143796449
8225,1,1,0,1.0,0.0,0.6688930846097176,0.6688930846097176,0.16666666666666666,0.11148218076828627,0.0,0.8344465289199562,0.1655534443102385,0.8344465289199562
8340,3,3,0,1.0,0.0,0.9971473221188386,0.9990732591235784,0.375,0.37393024579456446,0.003622372741545991,0.9985736614860228,0.001426339367184253,0.9985736614860228
8360,2,2,0,1.0,0.0,0.5262547522853734,0.5262547522853734,0.2857142857142857,0.15035850065296383,0.5422316333350481,0.7631273838926996,0.23687263160732622,0.7631273838926996
8361,6,4,2,0.6666666666666666,0.3333333333333333,0.483380548782475,0.9962494065373271,0.5454545454545454,0.2636621175177136,0.8396507235332508,0.7416902566237833,0.2583097078413083,0.9234787366063851
8368,3,3,0,1.0,0.0,0.9907380999279889,0.9992496788151124,0.375,0.37152678747299583,0.015171937325119723,0.9953690291614837,0.004630929233494744,0.9953690291614837
8369,1,1,0,1.0,0.0,0.9875264829747817,0.9875264829747817,0.16666666666666666,0.1645877471624636,0.0,0.9937632841222427,0.006236801147460938,0.9937632841222427
8371,4,4,0,1.0,0.0,0.8770661884672215,0.9873032512340949,0.4444444444444444,0.38980719487432064,0.2283792336455142,0.9385330919576358,0.061466903490414254,0.9385330919576358
8372,2,1,1,0.5,0.5,0.3690595931542453,0.3690595931542453,0.2857142857142857,0.10544559804407008,0.888970159915595,0.6845298067611807,0.31547021360693533,0.8142984243584614
8373,3,1,2,0.3333333333333333,0.6666666666666666,-0.40938252143088977,-0.9914371369760248,0.375,-0.15351844553658367,1.014761417140399,0.295308756660331,0.7046912780912208,0.9588095303662229
8376,2,1,1,0.5,0.5,0.014023041551647852,0.014023041551647852,0.2857142857142857,0.004006583300470815,1.3939882057543944,0.5070115081664465,0.4929884666147986,0.9928492439821228
8387,3,1,2,0.3333333333333333,0.6666666666666666,-0.36166368887137185,-0.9005270075026175,0.375,-0.13562388332676445,1.0200477240213968,0.3191681572577788,0.6808318461291506,0.9524336835295567
8464,1,1,0,1.0,0.0,0.9679434878257972,0.9679434878257972,0.16666666666666666,0.16132391463763285,0.0,0.9839717465678939,0.016028258742096693,0.9839717465678939
8477,2,2,0,1.0,0.0,0.8510312456206997,0.8510312456206997,0.2857142857142857,0.24315178446305702,0.2037888116437581,0.9255156461434202,0.07448440052272048,0.9255156461434202
8491,1,1,0,1.0,0.0,0.9823600445302004,0.9823600445302004,0.16666666666666666,0.16372667408836672,0.0,0.9911800481341212,0.008820003603920719,0.9911800481341212
8492,3,3,0,1.0,0.0,0.9978297231465247,0.9977264504793079,0.375,0.3741861461799468,0.0007883306121031211,0.9989148532158113,0.0010851300692865517,0.9989148532158113
8493,1,1,0,1.0,0.0,0.9994894067669128,0.9994894067669128,0.16666666666666666,0.16658156779448546,0.0,0.9997447060897211,0.00025529932280827,0.9997447060897211
8501,3,3,0,1.0,0.0,0.959830748049486,0.9981706128790487,0.375,0.35993653051855723,0.06734121351817574,0.9799153728425326,0.02008462479304662,0.9799153728425326
8507,2,1,1,0.5,0.5,0.36581899686970054,0.36581899686970054,0.2857142857142857,0.104519713391343,0.8692697824091083,0.682909470590352,0.3170904737206515,0.8073332510665193
8528,3,2,1,0.6666666666666666,0.3333333333333333,0.3140147150364444,0.9332558971045589,0.375,0.11775551813866665,1.1305236372683356,0.6570073764118908,0.3429926613754463,0.9872870417612848
8529,4,3,1,0.75,0.25,0.5297174464728547,0.996168133767551,0.4444444444444444,0.23542997621015763,0.9350152628616576,0.7648587239757487,0.235141277502894,0.9830595908016204
8531,4,3,1,0.75,0.25,0.49721955586142996,0.9913479642927578,0.4444444444444444,0.22098646927174664,0.9934800980427366,0.7486097720990265,0.2513902162375965,0.9968527454351146
8533,4,4,0,1.0,0.0,0.9896304907739039,0.9978947243364042,0.4444444444444444,0.4398357736772906,0.01741514838882694,0.9948152422847186,0.005184751510814773,0.9948152422847186
8542,1,1,0,1.0,0.0,0.9995412038882142,0.9995412038882142,0.16666666666666666,0.1665902006480357,0.0,0.9997705874235734,0.00022938353535921678,0.9997705874235734
8596,1,0,1,0.0,1.0,-0.9982393776275673,-0.9982393776275673,0.16666666666666666,-0.16637322960459455,0.0,0.0008802836646839064,0.9991196612922513,0.9991196612922513
8604,1,1,0,1.0,0.0,0.9948291290890087,0.9948291290890087,0.16666666666666666,0.1658048548481681,0.0,0.9974145666345373,0.0025854375455286595,0.9974145666345373
8607,1,1,0,1.0,0.0,0.9881942570209503,0.9881942570209503,0.16666666666666666,0.16469904283682504,0.0,0.9940971275428673,0.005902870521916972,0.9940971275428673
8614,1,1,0,1.0,0.0,0.9976509846993629,0.9976509846993629,0.16666666666666666,0.16627516411656046,0.0,0.9988254774485202,0.0011744927491573309,0.9988254774485202
8620,1,0,1,0.0,1.0,-0.9255787773210494,-0.9255787773210494,0.16666666666666666,-0.15426312955350824,0.0,0.03721058935415549,0.9627893666752049,0.9627893666752049
8623,2,2,0,1.0,0.0,0.9984006754041164,0.9984006754041164,0.2857142857142857,0.2852573358297475,0.0019128237376169132,0.9992003386670893,0.0007996632629729501,0.9992003386670893
8633,4,4,0,1.0,0.0,0.9457501880905343,0.997888299088874,0.4444444444444444,0.42033341692912635,0.10536112062192858,0.9728750938156714,0.027124905725137125,0.9728750938156714
8636,32,29,3,0.90625,0.09375,0.7783415388850142,0.9983837817981431,0.8648648648648649,0.6731602498464988,0.5864808091542296,0.8891707613971661,0.11082922251215194,0.9822593042347545
8638,1,1,0,1.0,0.0,0.5511035495334202,0.5511035495334202,0.16666666666666666,0.09185059158890337,0.0,0.7755517747667101,0.22444822523328994,0.7755517747667101
8640,4,2,2,0.5,0.5,0.23722703339066697,0.3105874341485144,0.4444444444444444,0.10543423706251864,0.888017064752444,0.6186135257245443,0.38138649233387734,0.8809998115752908
8641,2,1,1,0.5,0.5,0.001511717595187867,0.001511717595187867,0.2857142857142857,0.0004319193129108191,1.4117453289905868,0.5007558682794271,0.4992441506842392,0.9991273572006718
8643,1,0,1,0.0,1.0,-0.99917185806459,-0.99917185806459,0.16666666666666666,-0.16652864301076498,0.0,0.00041408731091407036,0.999585945375504,0.999585945375504
8644,5,5,0,1.0,0.0,0.998308505982307,0.9983745686497008,0.5,0.4991542529911535,0.0011461361845315498,0.9991542469989371,0.0008457410166299965,0.9991542469989371
8645,2,2,0,1.0,0.0,0.8381658927611649,0.8381658927611649,0.2857142857142857,0.23947596936033283,0.22853619856948557,0.9190829680668369,0.08091707530567187,0.9190829680668369
8665,4,4,0,1.0,0.0,0.9984630323174982,0.998375721147595,0.4444444444444444,0.44376134769666586,0.0005952047216899888,0.9992315040198014,0.0007684717023032089,0.9992315040198014
8666,2,0,2,0.0,1.0,-0.9428048658684898,-0.9428048658684898,0.2857142857142857,-0.2693728188195685,0.05941069836434819,0.02859755341410224,0.9714024192825921,0.9714024192825921
8781,1,1,0,1.0,0.0,0.9908736336798895,0.9908736336798895,0.16666666666666666,0.1651456056133149,0.0,0.9954368228004092,0.004563189120519729,0.9954368228004092
8783,2,2,0,1.0,0.0,0.9987757157908419,0.9987757157908419,0.2857142857142857,0.28536449022595484,0.0008803025485642757,0.9993878291216172,0.0006121133307753143,0.9993878291216172
8784,2,1,1,0.5,0.5,0.3946538608521223,0.3946538608521223,0.2857142857142857,0.11275824595774922,0.8543129667645629,0.697326918443044,0.3026730575909217,0.8020452340443929
8798,3,3,0,1.0,0.0,0.979703649956471,0.9906320314781338,0.375,0.3673888687336766,0.026598321231364703,0.9898518084342918,0.010148158477820994,0.9898518084342918
8807,2,2,0,1.0,0.0,0.9646981913417956,0.9646981913417956,0.2857142857142857,0.2756280546690844,0.04378832665652415,0.9823490606215425,0.017650869279746902,0.9823490606215425
8808,2,1,1,0.5,0.5,0.04361689847702549,0.04361689847702549,0.2857142857142857,0.012461970993435854,1.3460896993750175,0.5218084430444999,0.4781915445674745,0.9759145710627053
8810,5,2,3,0.4,0.6,-0.1988276020253907,-0.9616419973626601,0.5,-0.09941380101269535,1.0760583341469248,0.4005862036656224,0.5994138056910131,0.9913386748978029
8814,1,1,0,1.0,0.0,0.9931761775261316,0.9931761775261316,0.16666666666666666,0.16552936292102194,0.0,0.9965880956405249,0.0034119181143931854,0.9965880956405249
8830,1,1,0,1.0,0.0,0.920417457818985,0.920417457818985,0.16666666666666666,0.1534029096364975,0.0,0.9602086884634835,0.039791230644498556,0.9602086884634835
8836,1,1,0,1.0,0.0,0.9995099550890406,0.9995099550890406,0.16666666666666666,0.1665849925148401,0.0,0.9997549582654097,0.0002450031763690663,0.9997549582654097
8860,2,1,1,0.5,0.5,-0.12185232395645906,-0.12185232395645906,0.2857142857142857,-0.03481494970184545,1.2361175670510836,0.4390738449270648,0.5609261688835239,0.9370335639081133
8861,5,3,2,0.6,0.4,0.19993225745822532,0.9905011756666776,0.5,0.09996612872911266,1.0882969087160443,0.5999661195649402,0.4000338621067148,0.9968538083167264
8865,1,1,0,1.0,0.0,0.9907378775163613,0.9907378775163613,0.16666666666666666,0.1651229795860602,0.0,0.9953688937641452,0.004631016247783863,0.9953688937641452
8866,1,0,1,0.0,1.0,-0.9160732651819427,-0.9160732651819427,0.16666666666666666,-0.15267887753032378,0.0,0.04196336475255429,0.9580366299344969,0.9580366299344969
8870,1,1,0,1.0,0.0,0.6560071620535343,0.6560071620535343,0.16666666666666666,0.10933452700892238,0.0,0.8280035789976729,0.17199641694413856,0.8280035789976729
8873,1,1,0,1.0,0.0,0.9965234602822198,0.9965234602822198,0.16666666666666666,0.16608724338036995,0.0,0.99826171875,0.0017382584677802192,0.99826171875
8874,3,3,0,1.0,0.0,0.9936861284338141,0.9993883480464444,0.375,0.3726322981626803,0.01020633234204597,0.9968430642715765,0.0031569358377623153,0.9968430642715765
8879,2,2,0,1.0,0.0,0.9982656166988679,0.9982656166988679,0.2857142857142857,0.28521874762824795,0.00044318158189767426,0.9991328038663525,0.0008671871674845546,0.9991328038663525
8906,1,0,1,0.0,1.0,-0.2673285318837827,-0.2673285318837827,0.16666666666666666,-0.04455475531396378,0.0,0.3663357392183053,0.633664271102088,0.633664271102088
8907,1,1,0,1.0,0.0,0.9953419158050606,0.9953419158050606,0.16666666666666666,0.16589031930084341,0.0,0.9976709497583521,0.0023290339532915177,0.9976709497583521
8914,2,1,1,0.5,0.5,0.030433012522620873,0.030433012522620873,0.2857142857142857,0.008695146435034535,1.368136238360038,0.5152165041959451,0.4847834916733243,0.9837092038003535
8917,2,2,0,1.0,0.0,0.9517854359256077,0.9517854359256077,0.2857142857142857,0.27193869597874504,0.03336282101711468,0.9758927147138063,0.024107278788198617,0.9758927147138063
8947,1,0,1,0.0,1.0,-0.9925027423240572,-0.9925027423240572,0.16666666666666666,-0.16541712372067618,0.0,0.003748651998133953,0.9962513943221911,0.9962513943221911
8948,2,0,2,0.0,1.0,-0.9802832811476122,-0.9802832811476122,0.2857142857142857,-0.2800809374707463,0.025798792208914224,0.00985833665484071,0.9901416178024529,0.9901416178024529
8949,1,1,0,1.0,0.0,0.9993023330042528,0.9993023330042528,0.16666666666666666,0.1665503888340421,0.0,0.99965117698492,0.000348843980667203,0.99965117698492
8951,1,1,0,1.0,0.0,0.9959893624861161,0.9959893624861161,0.16666666666666666,0.16599822708101936,0.0,0.9979946932949862,0.002005330808870085,0.9979946932949862
8957,2,2,0,1.0,0.0,0.962696523449587,0.962696523449587,0.2857142857142857,0.27505614955702484,0.04909848174519687,0.9813482663773634,0.01865174292777636,0.9813482663773634
8961,3,3,0,1.0,0.0,0.8101169628588275,0.847960177450085,0.375,0.3037938610720603,0.19157721026621968,0.9050584763146188,0.09494151345579134,0.9050584763146188
8965,4,1,3,0.25,0.75,-0.0826966398110664,-0.1660949524598552,0.4444444444444444,-0.03675406213825173,0.8158407133044485,0.4586516737367777,0.5413483135478441,0.7877781758525096
8968,1,1,0,1.0,0.0,0.9995845193381137,0.9995845193381137,0.16666666666666666,0.1665974198896856,0.0,0.9997923065343669,0.00020778719625324783,0.9997923065343669
8969,3,0,3,0.0,1.0,-0.9793469607471502,-0.98936813818781,0.375,-0.3672551102801813,0.01927533949605994,0.01032654285907971,0.9896735036062299,0.9896735036062299
8970,2,2,0,1.0,0.0,0.9891223171588843,0.9891223171588843,0.2857142857142857,0.2826063763311098,0.0117420381326667,0.9945611686313072,0.005438851472422731,0.9945611686313072
8972,5,5,0,1.0,0.0,0.9159486234101513,0.9989453076902363,0.5,0.45797431170507563,0.18374398435872602,0.9579743051827834,0.04202568177263202,0.9579743051827834
8973,1,1,0,1.0,0.0,0.9932435612345851,0.9932435612345851,0.16666666666666666,0.1655405935390975,0.0,0.9966217750726745,0.003378213838089344,0.9966217750726745
8977,4,2,2,0.5,0.5,-0.09134066344001412,-0.1786946037620173,0.4444444444444444,-0.04059585041778405,1.0471644097817712,0.45432966871132874,0.5456703321513429,0.9488140173767772
8981,3,2,1,0.6666666666666666,0.3333333333333333,0.2582468569425278,0.7659974406427303,0.375,0.09684257135344793,1.0799268714844237,0.6291234159113318,0.37087655896880395,0.9564491779564245
8983,1,1,0,1.0,0.0,0.999284493544745,0.999284493544745,0.16666666666666666,0.16654741559079084,0.0,0.9996422177269345,0.000357724182189457,0.9996422177269345
8984,5,1,4,0.2,0.8,-0.47698942038471637,-0.9946369512395545,0.5,-0.23849471019235818,0.8657034964478463,0.26150528949158824,0.7384947098763046,0.9384444030682786
8985,8,4,4,0.5,0.5,-0.08786708651345004,-0.3536621158687693,0.6153846153846154,-0.05407205323904618,0.9866108268161078,0.4560664497763549,0.543933536289805,0.9479525351083713
25750,1,1,0,1.0,0.0,0.9853339831034342,0.9853339831034342,0.16666666666666666,0.16422233051723903,0.0,0.9926670328776042,0.007333049774169922,0.9926670328776042
25771,1,0,1,0.0,1.0,-0.9969504623110078,-0.9969504623110078,0.16666666666666666,-0.16615841038516796,0.0,0.0015247815030075636,0.9984752438140154,0.9984752438140154
25788,1,1,0,1.0,0.0,0.9971589561680267,0.9971589561680267,0.16666666666666666,0.16619315936133777,0.0,0.9985794856630522,0.0014205294950255032,0.9985794856630522
26082,2,2,0,1.0,0.0,0.9808921004556839,0.9808921004556839,0.2857142857142857,0.2802548858444811,0.021783008511581572,0.9904460707092605,0.009553970253576667,0.9904460707092605
26131,1,1,0,1.0,0.0,0.9784929617857322,0.9784929617857322,0.16666666666666666,0.16308216029762201,0.0,0.9892464662209536,0.010753504435221354,0.9892464662209536
26133,2,2,0,1.0,0.0,0.9959749448942088,0.9959749448942088,0.2857142857142857,0.2845642699697739,0.0032455716851431077,0.9979874706319336,0.002012525737724843,0.9979874706319336
26150,1,1,0,1.0,0.0,0.9986812322170703,0.9986812322170703,0.16666666666666666,0.16644687203617836,0.0,0.9993405825131899,0.0006593502961195908,0.9993405825131899
26326,3,2,1,0.6666666666666666,0.3333333333333333,0.30231413010385566,0.9046793874104817,0.375,0.11336779878894587,1.1254476016545032,0.6511570763984592,0.3488429462946035,0.9831952078436607
26662,1,1,0,1.0,0.0,0.9855177950911307,0.9855177950911307,0.16666666666666666,0.16425296584852178,0.0,0.992758916312918,0.0072411212217873755,0.992758916312918
26729,2,2,0,1.0,0.0,0.8065761479935666,0.8065761479935666,0.2857142857142857,0.23045032799816187,0.01220765426898291,0.9032880606795772,0.09671191268601065,0.9032880606795772
26776,1,1,0,1.0,0.0,0.9985295201518706,0.9985295201518706,0.16666666666666666,0.16642158669197843,0.0,0.9992647625151134,0.000735242363242876,0.9992647625151134
27156,1,0,1,0.0,1.0,-0.9946136950107103,-0.9946136950107103,0.16666666666666666,-0.1657689491684517,0.0,0.0026931287197584516,0.9973068237304688,0.9973068237304688
27266,2,1,1,0.5,0.5,0.021009407554917314,0.021009407554917314,0.2857142857142857,0.006002687872833518,1.3832594731290224,0.5105046958157284,0.48949528826081107,0.9890560688333011
27317,1,0,1,0.0,1.0,-0.8924894464125327,-0.8924894464125327,0.16666666666666666,-0.14874824106875545,0.0,0.053755239609184616,0.9462446860217173,0.9462446860217173
27478,1,1,0,1.0,0.0,0.992818468346678,0.992818468346678,0.16666666666666666,0.1654697447244463,0.0,0.9964092517721241,0.0035907834254462145,0.9964092517721241
27660,2,1,1,0.5,0.5,0.24547896275694997,0.24547896275694997,0.2857142857142857,0.0701368465019857,1.050160813641188,0.6227395100434534,0.37726054728650343,0.8712879449960116
27674,2,2,0,1.0,0.0,0.9991319232722429,0.9991319232722429,0.2857142857142857,0.28546626379206935,0.0005484264913892275,0.999565955473422,0.0004340322011790686,0.999565955473422
27706,1,0,1,0.0,1.0,-0.9994869998875348,-0.9994869998875348,0.16666666666666666,-0.16658116664792244,0.0,0.00025651781984111844,0.9997435177073759,0.9997435177073759
27731,1,1,0,1.0,0.0,0.9990074293186458,0.9990074293186458,0.16666666666666666,0.1665012382197743,0.0,0.9995037225576547,0.0004962932390089219,0.9995037225576547
27773,4,2,2,0.5,0.5,0.08339878305498488,0.15942025050228714,0.4444444444444444,0.0370661258022155,1.063336661751138,0.5416993917056011,0.4583006086506162,0.9572310228015904
27790,2,1,1,0.5,0.5,6.73330576114739e-05,6.73330576114739e-05,0.2857142857142857,1.9238016460421115e-05,1.4119193020419134,0.5000336389444334,0.49996630588682195,0.9991888288966349
27808,2,1,1,0.5,0.5,-0.0010129169002174865,-0.0010129169002174865,0.2857142857142857,-0.0002894048286335676,1.4107154179725863,0.4994935189040773,0.5005064358042948,0.9987631965406013
27822,2,1,1,0.5,0.5,-0.018906488930030385,-0.018906488930030385,0.2857142857142857,-0.005401853980008681,1.3868662826023734,0.49054677382292644,0.5094532627529568,0.9903312948015002
27831,2,2,0,1.0,0.0,0.995894517688153,0.995894517688153,0.2857142857142857,0.2845412907680437,0.0036965495552306227,0.997947227948527,0.0020527102603739972,0.997947227948527
27837,3,0,3,0.0,1.0,-0.9985553963621903,-0.9985807576260641,0.375,-0.37445827363582135,0.00030062473057576323,0.0007222940466334931,0.9992776904088236,0.9992776904088236
27838,1,1,0,1.0,0.0,0.9927093808570605,0.9927093808570605,0.16666666666666666,0.16545156347617673,0.0,0.9963546924376756,0.0036453115806150973,0.9963546924376756
27846,1,1,0,1.0,0.0,0.9503743216163754,0.9503743216163754,0.16666666666666666,0.15839572026939588,0.0,0.9751871533962111,0.024812831779835755,0.9751871533962111
30707,4,2,2,0.5,0.5,0.34345391525993796,0.41174501858114687,0.4444444444444444,0.15264618455997242,0.6932149425057978,0.6717269571219032,0.32827304186196526,0.7892265450290181
30749,1,1,0,1.0,0.0,0.9958009060523282,0.9958009060523282,0.16666666666666666,0.165966817675388,0.0,0.9979004533323523,0.002099547280024176,0.9979004533323523
30793,2,1,1,0.5,0.5,0.3195683526577967,0.3195683526577967,0.2857142857142857,0.09130524361651333,0.9474929648202154,0.6597841833973979,0.3402158307396012,0.8349893573439602
30810,1,0,1,0.0,1.0,-0.9978359087329843,-0.9978359087329843,0.16666666666666666,-0.1663059847888307,0.0,0.001082044094800949,0.9989179528277853,0.9989179528277853
30812,1,1,0,1.0,0.0,0.7323340407251705,0.7323340407251705,0.16666666666666666,0.12205567345419507,0.0,0.8661670151509737,0.13383297442580322,0.8661670151509737
30816,2,2,0,1.0,0.0,0.9991413325308608,0.9991413325308608,0.2857142857142857,0.2854689521516745,2.360610455832216e-05,0.9995706683050811,0.0004293357742203124,0.9995706683050811
30820,1,1,0,1.0,0.0,0.07774985103984572,0.07774985103984572,0.16666666666666666,0.012958308506640953,0.0,0.5388749251289974,0.46112507408915165,0.5388749251289974
30822,1,1,0,1.0,0.0,0.993438879380355,0.993438879380355,0.16666666666666666,0.1655731465633925,0.0,0.9967194634514887,0.0032805840711335878,0.9967194634514887
30825,1,1,0,1.0,0.0,0.9995099537122947,0.9995099537122947,0.16666666666666666,0.16658499228538243,0.0,0.9997549676275873,0.0002450139152926284,0.9997549676275873
30850,1,1,0,1.0,0.0,0.9792622375872827,0.9792622375872827,0.16666666666666666,0.16321037293121377,0.0,0.9896310990856539,0.010368861498371247,0.9896310990856539
30894,1,0,1,0.0,1.0,-0.9971590562809615,-0.9971590562809615,0.16666666666666666,-0.1661931760468269,0.0,0.0014204914218216313,0.9985795477027831,0.9985795477027831
31184,2,0,2,0.0,1.0,-0.9218675538349765,-0.9218675538349765,0.2857142857142857,-0.2633907296671361,0.10859558692461765,0.039066235393805146,0.9609337892287817,0.9609337892287817
31221,1,1,0,1.0,0.0,0.9987294201443835,0.9987294201443835,0.16666666666666666,0.16645490335739724,0.0,0.9993647133431783,0.0006352931987948534,0.9993647133431783
31225,2,2,0,1.0,0.0,0.7542323474881303,0.7542323474881303,0.2857142857142857,0.21549495642518007,0.3463432638190343,0.8771161773311669,0.1228838298430365,0.8771161773311669
31364,2,1,1,0.5,0.5,0.02355000656284789,0.02355000656284789,0.2857142857142857,0.006728573303670826,1.3766671444870215,0.511775012418363,0.4882250058555151,0.9867253457886858
31410,2,2,0,1.0,0.0,0.9725144736033824,0.9725144736033824,0.2857142857142857,0.277861278172395,0.03516224410231832,0.9862572352091471,0.013742761605764738,0.9862572352091471
31658,2,2,0,1.0,0.0,0.9972974127870043,0.9972974127870043,0.2857142857142857,0.2849421179391441,0.0034399954726213352,0.9986487051290149,0.0013512923420106308,0.9986487051290149
31685,1,1,0,1.0,0.0,0.9994056086612524,0.9994056086612524,0.16666666666666666,0.16656760144354205,0.0,0.9997027696237056,0.0002971609624532553,0.9997027696237056
31696,5,3,2,0.6,0.4,0.2153313232921473,0.9915036324994596,0.5,0.10766566164607365,1.0681720120244875,0.6076656435146768,0.39233432022252956,0.989525333204196
31698,2,0,2,0.0,1.0,-0.9818924863497316,-0.9818924863497316,0.2857142857142857,-0.2805407103856376,0.022564823008155724,0.009053765934630737,0.9909462522843622,0.9909462522843622
31878,1,1,0,1.0,0.0,0.9581924639105454,0.9581924639105454,0.16666666666666666,0.15969874398509087,0.0,0.9790962505065742,0.02090378659602888,0.9790962505065742
32017,1,0,1,0.0,1.0,-0.9888574180253056,-0.9888574180253056,0.16666666666666666,-0.16480956967088425,0.0,0.005571304111305727,0.9944287221366113,0.9944287221366113
32031,1,0,1,0.0,1.0,-0.7675587799171029,-0.7675587799171029,0.16666666666666666,-0.12792646331951713,0.0,0.1162206038687993,0.8837793837859022,0.8837793837859022
32213,1,1,0,1.0,0.0,0.8737274109129887,0.8737274109129887,0.16666666666666666,0.14562123515216477,0.0,0.9368636902584973,0.0631362793455086,0.9368636902584973
32296,1,0,1,0.0,1.0,-0.323400493681271,-0.323400493681271,0.16666666666666666,-0.05390008228021183,0.0,0.3382997575937583,0.6617002512750293,0.6617002512750293
32298,1,1,0,1.0,0.0,0.996990267187357,0.996990267187357,0.16666666666666666,0.16616504453122616,0.0,0.998495153478674,0.0015048862913170375,0.998495153478674
32587,1,1,0,1.0,0.0,0.993095792722011,0.993095792722011,0.16666666666666666,0.16551596545366848,0.0,0.9965479016879907,0.0034521089659796823,0.9965479016879907
32596,2,1,1,0.5,0.5,0.32210633831756086,0.32210633831756086,0.2857142857142857,0.09203038237644595,0.9561897647549107,0.6610531646134576,0.3389468262958968,0.8380641288343607
32598,1,1,0,1.0,0.0,0.9894322426088394,0.9894322426088394,0.16666666666666666,0.1649053737681399,0.0,0.9947161274571572,0.005283884848317793,0.9947161274571572
32898,4,4,0,1.0,0.0,0.987456355746502,0.9927280802108558,0.4444444444444444,0.4388694914428898,0.015723126325193938,0.993728167562098,0.006271811815596032,0.993728167562098
33004,1,1,0,1.0,0.0,0.99654609475817,0.99654609475817,0.16666666666666666,0.16609101579302832,0.0,0.9982730320521763,0.0017269372940063477,0.9982730320521763
33085,1,1,0,1.0,0.0,0.9800728258577365,0.9800728258577365,0.16666666666666666,0.1633454709762894,0.0,0.9900364428276383,0.009963616969901766,0.9900364428276383
33154,2,1,1,0.5,0.5,0.029218702379170403,0.029218702379170403,0.2857142857142857,0.008348200679762972,1.3628028176079823,0.5146093401304301,0.4853906377512598,0.981823545816214
33162,2,2,0,1.0,0.0,0.9932930713658341,0.9932930713658341,0.2857142857142857,0.2837980203902383,0.007128899458132049,0.996646542924146,0.0033534715583118232,0.996646542924146
33164,3,3,0,1.0,0.0,0.9869316422027111,0.9989710372973638,0.375,0.37009936582601666,0.021360171555089066,0.9934658338925431,0.006534191689831887,0.9934658338925431
33166,2,0,2,0.0,1.0,-0.39450363726765664,-0.39450363726765664,0.2857142857142857,-0.11271532493361618,0.3292047069346202,0.3027481807899343,0.697251818057591,0.697251818057591
33493,7,4,3,0.5714285714285714,0.42857142857142855,0.2317230845818023,0.9616824226904009,0.5833333333333334,0.13517179933938467,0.9630490907105839,0.6158615329778147,0.38413844839601236,0.9476565686480384
33615,2,2,0,1.0,0.0,0.9835681021479266,0.9835681021479266,0.2857142857142857,0.2810194577565504,0.022920219124749185,0.9917840430081893,0.008215940860262812,0.9917840430081893
33646,1,1,0,1.0,0.0,0.9952290422776167,0.9952290422776167,0.16666666666666666,0.16587150704626943,0.0,0.9976145306755515,0.0023854883979348577,0.9976145306755515
33660,3,2,1,0.6666666666666666,0.3333333333333333,0.36446904918812334,0.99399854963476,0.375,0.13667589344554626,1.0937598641010764,0.6822345291698554,0.31776547998173205,0.9817325436199287
33672,1,1,0,1.0,0.0,0.9574495245982811,0.9574495245982811,0.16666666666666666,0.1595749207663802,0.0,0.9787247956342611,0.021275271035979947,0.9787247956342611
33679,7,5,2,0.7142857142857143,0.2857142857142857,0.45808897884838806,0.9933246652472694,0.5833333333333334,0.26721857099489305,0.9182667585180655,0.7290444931773924,0.2709555143290044,0.9813137197463708
33683,1,0,1,0.0,1.0,-0.9923799182767066,-0.9923799182767066,0.16666666666666666,-0.16539665304611775,0.0,0.003810019136589264,0.9961899374132959,0.9961899374132959
33794,8,7,1,0.875,0.125,0.7415003011151371,0.995088092042262,0.6153846153846154,0.4563078776093152,0.6972872388345033,0.8707501461422099,0.12924984502707282,0.9937111745094909
33830,3,2,1,0.6666666666666666,0.3333333333333333,0.3353585444683716,0.9976911360473303,0.375,0.12575945417563936,1.1488376320879408,0.6676792667584165,0.332320722290045,0.9980807451958483
33834,2,2,0,1.0,0.0,0.9838441481836746,0.9838441481836746,0.2857142857142857,0.2810983280524784,0.002280113251801222,0.9919220680444958,0.008077919860821223,0.9919220680444958
33836,2,1,1,0.5,0.5,0.025418333856180975,0.025418333856180975,0.2857142857142857,0.007262381101765992,1.3756783838329207,0.5127091782569507,0.4872908444007698,0.9863757682988645
33903,1,1,0,1.0,0.0,0.9955083458594444,0.9955083458594444,0.16666666666666666,0.16591805764324072,0.0,0.9977541534328758,0.0022458075734313773,0.9977541534328758
34048,4,3,1,0.75,0.25,0.3914836388826727,0.7823238184417334,0.4444444444444444,0.17399272839229896,0.9488301220546593,0.6957418301729061,0.30425819129023346,0.94532685588957
34150,3,1,2,0.3333333333333333,0.6666666666666666,-0.30417060477661706,-0.916098400978815,0.375,-0.1140639767912314,1.1298265483634011,0.34791469801466274,0.6520853027912797,0.9852933344229857
34162,1,1,0,1.0,0.0,0.46745031020220584,0.46745031020220584,0.16666666666666666,0.07790838503370097,0.0,0.7337251551011029,0.2662748448988971,0.7337251551011029
34271,1,0,1,0.0,1.0,-0.9789069148729432,-0.9789069148729432,0.16666666666666666,-0.16315115247882386,0.0,0.010546506254499492,0.9894534211274427,0.9894534211274427
34319,6,6,0,1.0,0.0,0.9654360740941202,0.993355135697213,0.5454545454545454,0.5266014949604292,0.07149324814771008,0.9827180450099683,0.017281970915848013,0.9827180450099683
34323,2,1,1,0.5,0.5,0.14998489562649497,0.14998489562649497,0.2857142857142857,0.042852827321855705,1.201047184113753,0.5749924739292042,0.42500757830270924,0.924634330321878
34332,2,2,0,1.0,0.0,0.9967416821162771,0.9967416821162771,0.2857142857142857,0.28478333774750775,0.0008316674134830259,0.9983708156628555,0.0016291335465784154,0.9983708156628555
34334,1,1,0,1.0,0.0,0.9991215200473864,0.9991215200473864,0.16666666666666666,0.16652025334123105,0.0,0.9995607648577008,0.0004392448103144055,0.9995607648577008
34405,4,2,2,0.5,0.5,0.02889335822240452,0.060536557474221264,0.4444444444444444,0.012841492543290896,1.1085983710930798,0.5144466670167106,0.4855533087943061,0.9793991377599565
34520,1,0,1,0.0,1.0,-0.5107302610901581,-0.5107302610901581,0.16666666666666666,-0.08512171018169301,0.0,0.24463486945492097,0.755365130545079,0.755365130545079
34530,1,0,1,0.0,1.0,-0.999477040363488,-0.999477040363488,0.16666666666666666,-0.16657950672724797,0.0,0.00026146587885283177,0.9997385062423407,0.9997385062423407
34532,1,0,1,0.0,1.0,-0.33082292540272645,-0.33082292540272645,0.16666666666666666,-0.05513715423378774,0.0,0.33458854829200063,0.6654114736947271,0.6654114736947271
34542,1,1,0,1.0,0.0,0.9995299623996923,0.9995299623996923,0.16666666666666666,0.16658832706661536,0.0,0.9997649915290602,0.00023502912936788616,0.9997649915290602
35957,4,3,1,0.75,0.25,0.5074269439362407,0.9968972561613969,0.4444444444444444,0.22552308619388473,0.9804975678132197,0.7537134750409203,0.24628653110467963,0.9945425823649675
36276,1,0,1,0.0,1.0,-0.8767785267163348,-0.8767785267163348,0.16666666666666666,-0.14612975445272247,0.0,0.06161074894730763,0.9383892756636425,0.9383892756636425
36401,2,1,1,0.5,0.5,0.025226961413845617,0.025226961413845617,0.2857142857142857,0.007207703261098747,1.3759196678132524,0.5126134599168686,0.4873864985030229,0.9864610429492919
36519,1,1,0,1.0,0.0,0.9990349251070413,0.9990349251070413,0.16666666666666666,0.16650582085117355,0.0,0.9995174407958984,0.0004825156888571279,0.9995174407958984
36525,1,1,0,1.0,0.0,0.9995233456427155,0.9995233456427155,0.16666666666666666,0.16658722427378592,0.0,0.9997616602369577,0.0002383145942421984,0.9997616602369577
36527,2,1,1,0.5,0.5,-0.01760619090579363,-0.01760619090579363,0.2857142857142857,-0.005030340258798179,1.3727389847632632,0.49119692441108515,0.5088031153168788,0.9853365423266021
37380,3,1,2,0.3333333333333333,0.6666666666666666,-0.33108074062974036,-0.9944664662884128,0.375,-0.12415527773615263,1.1518519738713797,0.33445963981392796,0.6655403804436683,0.9985277180259379
37382,1,0,1,0.0,1.0,-0.999131372242462,-0.999131372242462,0.16666666666666666,-0.16652189537374365,0.0,0.0004342929350109551,0.9995656651774729,0.9995656651774729
37384,2,2,0,1.0,0.0,0.9985621670692055,0.9985621670692055,0.2857142857142857,0.2853034763054873,0.0013692712145729118,0.9992810856589958,0.0007189185897902871,0.9992810856589958
37386,2,2,0,1.0,0.0,0.9988490102442285,0.9988490102442285,0.2857142857142857,0.285385431498351,0.000775634116322403,0.9994245449332304,0.0005755346890019123,0.9994245449332304
37720,2,1,1,0.5,0.5,0.2422165102758301,0.2422165102758301,0.2857142857142857,0.06920471722166574,0.5391654389178305,0.621108256408332,0.3788917461325019,0.6906237702905267
37729,1,1,0,1.0,0.0,0.9979057939429032,0.9979057939429032,0.16666666666666666,0.1663176323238172,0.0,0.9989528596954819,0.0010470657525785936,0.9989528596954819
37731,1,1,0,1.0,0.0,0.9943531033065584,0.9943531033065584,0.16666666666666666,0.16572551721775972,0.0,0.997176530626085,0.0028234273195266724,0.997176530626085
37733,4,4,0,1.0,0.0,0.9833321497289391,0.9951244887053187,0.4444444444444444,0.43703651099063956,0.026897130456961328,0.9916660734363273,0.008333923707388193,0.9916660734363273
37741,1,1,0,1.0,0.0,0.996220183246683,0.996220183246683,0.16666666666666666,0.1660366972077805,0.0,0.9981100842317365,0.0018899009850534725,0.9981100842317365
37853,2,2,0,1.0,0.0,0.5296463938072008,0.5296463938072008,0.2857142857142857,0.15132754108777166,0.6642733555426301,0.7648232024291466,0.23517680862194582,0.7648232024291466
38038,1,1,0,1.0,0.0,0.9922380722697833,0.9922380722697833,0.16666666666666666,0.16537301204496388,0.0,0.9961190521028797,0.0038809798330963347,0.9961190521028797
38061,6,5,1,0.8333333333333334,0.16666666666666666,0.6603620193761985,0.9944079511344972,0.5454545454545454,0.36019746511429007,0.8129988274717214,0.8301810098837104,0.16981899050751179,0.996685986659906
38886,1,1,0,1.0,0.0,0.9850164972818816,0.9850164972818816,0.16666666666666666,0.16416941621364692,0.0,0.9925082280085638,0.0074917307266822225,0.9925082280085638
39231,1,1,0,1.0,0.0,0.987298593952738,0.987298593952738,0.16666666666666666,0.16454976565878965,0.0,0.9936493183004445,0.0063507243477064984,0.9936493183004445
39292,1,1,0,1.0,0.0,0.9958872159215856,0.9958872159215856,0.16666666666666666,0.1659812026535976,0.0,0.9979435721820689,0.002056356260483278,0.9979435721820689
39381,3,2,1,0.6666666666666666,0.3333333333333333,0.2845505654539895,0.7744380576937806,0.375,0.10670646204524606,1.0457435956750398,0.6422752815258098,0.3577247160718204,0.947678886787644
39435,2,1,1,0.5,0.5,0.143781758423338,0.143781758423338,0.2857142857142857,0.041080502406668,1.2082041159028536,0.5718908813354159,0.42810912291207787,0.9271646638299494
40339,1,1,0,1.0,0.0,0.9894952091551918,0.9894952091551918,0.16666666666666666,0.16491586819253196,0.0,0.9947475986626312,0.0052523895074393,0.9947475986626312
40581,2,1,1,0.5,0.5,-0.06314306970154815,-0.06314306970154815,0.2857142857142857,-0.018040877057585183,1.3193756766834521,0.46842846759283463,0.5315715372943828,0.9664697464013381
40614,1,1,0,1.0,0.0,0.9980301659619598,0.9980301659619598,0.16666666666666666,0.16633836099365995,0.0,0.999015071935821,0.000984905973861092,0.999015071935821
40629,5,5,0,1.0,0.0,0.9562808783098061,0.9962214181825988,0.5,0.47814043915490306,0.06421055307084701,0.9781404395604503,0.021859561250644026,0.9781404395604503
40723,2,1,1,0.5,0.5,-0.007513277639800031,-0.007513277639800031,0.2857142857142857,-0.00214665075422858,1.3831717749136703,0.4962433670043837,0.5037566446441838,0.9890250766179283
40732,2,1,1,0.5,0.5,0.005287202232088284,0.005287202232088284,0.2857142857142857,0.001510629209168081,1.39403995203795,0.5026435829950182,0.49735638076293,0.9928675335444761
40815,3,2,1,0.6666666666666666,0.3333333333333333,0.33533310094841345,0.9766274223497502,0.375,0.12574991285565504,1.1306751770709895,0.6676665405275545,0.33233343957914113,0.9910635343705336
40819,3,2,1,0.6666666666666666,0.3333333333333333,8.640348293398326e-06,0.003061635870682533,0.375,3.240130610024372e-06,0.9980515430732575,0.5000043252594586,0.49999568491116514,0.8331929580471812
40851,2,2,0,1.0,0.0,0.9968411180403034,0.9968411180403034,0.2857142857142857,0.28481174801151526,0.0038160173605470775,0.9984205679016633,0.0015794498613600349,0.9984205679016633
41285,3,3,0,1.0,0.0,0.9402448168657415,0.9599495662926393,0.375,0.35259180632465303,0.059198986642046064,0.9701224250545074,0.029877608188766086,0.9701224250545074
41566,5,5,0,1.0,0.0,0.9935265732173739,0.9975878708982625,0.5,0.49676328660868696,0.007406245935145128,0.9967632800459901,0.0032367068286162696,0.9967632800459901
41569,3,2,1,0.6666666666666666,0.3333333333333333,0.3185256962681177,0.9557835506519098,0.375,0.11944713610054414,1.14177279081649,0.6592628593200504,0.34073716305193263,0.9924758880760164
41571,1,1,0,1.0,0.0,0.9996703591352949,0.9996703591352949,0.16666666666666666,0.16661172652254913,0.0,0.9998351414998372,0.0001647823645422856,0.9998351414998372
41573,1,1,0,1.0,0.0,0.9996298435942403,0.9996298435942403,0.16666666666666666,0.1666049739323734,0.0,0.999814932686942,0.0001850890927016735,0.999814932686942
41997,2,1,1,0.5,0.5,0.459082099463104,0.459082099463104,0.2857142857142857,0.13116631413231541,0.7634856366270653,0.7295410724981626,0.2704589730350585,0.7699329582653736
42007,1,0,1,0.0,1.0,-0.996725007428886,-0.996725007428886,0.16666666666666666,-0.166120834571481,0.0,0.0016374686119719321,0.9983624760408579,0.9983624760408579
42011,2,2,0,1.0,0.0,0.9472207929923685,0.9472207929923685,0.2857142857142857,0.27063451228353386,0.0636893923325235,0.9736104272152493,0.02638963422288085,0.9736104272152493
42015,1,0,1,0.0,1.0,-0.9540189672261477,-0.9540189672261477,0.16666666666666666,-0.15900316120435792,0.0,0.022990508005023003,0.9770094752311707,0.9770094752311707
42418,3,2,1,0.6666666666666666,0.3333333333333333,0.1614427185236785,0.6453942711681291,0.375,0.060541019446379435,1.0075624041660316,0.5807213648326549,0.4192786463089764,0.9129844044302363
42734,1,1,0,1.0,0.0,0.9907447769972777,0.9907447769972777,0.16666666666666666,0.16512412949954627,0.0,0.9953724056800489,0.004627628682771188,0.9953724056800489
42738,3,3,0,1.0,0.0,0.9780983216048685,0.9975898647411711,0.375,0.3667868706018257,0.035389615262450755,0.9890491626226292,0.0109508410177608,0.9890491626226292
43396,1,1,0,1.0,0.0,0.9989435183380148,0.9989435183380148,0.16666666666666666,0.16649058638966913,0.0,0.9994717604822392,0.000528242144224455,0.9994717604822392
43679,5,2,3,0.4,0.6,-0.020493656847511234,-0.15293198240953576,0.5,-0.010246828423755617,0.9884632431288097,0.48975317040340494,0.5102468272509162,0.9094967184815438
43836,2,0,2,0.0,1.0,-0.9595758763530503,-0.9595758763530503,0.2857142857142857,-0.2741645361008715,0.048032791942711005,0.020212092394618575,0.9797879687476689,0.9797879687476689
43917,1,1,0,1.0,0.0,0.9990449039919956,0.9990449039919956,0.16666666666666666,0.16650748399866594,0.0,0.9995224411423141,0.00047753715031855816,0.9995224411423141
43928,1,1,0,1.0,0.0,0.9901370356645299,0.9901370356645299,0.16666666666666666,0.16502283927742165,0.0,0.9950685215946844,0.00493148593015449,0.9950685215946844
43936,2,1,1,0.5,0.5,0.3682194518924997,0.3682194518924997,0.2857142857142857,0.10520555768357134,0.8879480804914972,0.6841096926323398,0.31589024073984,0.813937021214648
44004,1,1,0,1.0,0.0,0.9962994655794348,0.9962994655794348,0.16666666666666666,0.1660499109299058,0.0,0.9981497772469008,0.0018503116674659665,0.9981497772469008
44022,2,1,1,0.5,0.5,0.4934793805741029,0.4934793805741029,0.2857142857142857,0.14099410873545795,0.7159424860815918,0.7467396880114091,0.2532603074373062,0.7531238911482822
44191,3,2,1,0.6666666666666666,0.3333333333333333,0.33442256322651714,0.99923382515886,0.375,0.12540846120994392,1.1515797790803934,0.6672112745819051,0.33278871135538796,0.9989803499892841
44199,2,2,0,1.0,0.0,0.9993694706954271,0.9993694706954271,0.2857142857142857,0.28553413448440773,7.962781690525652e-06,0.999684738111004,0.0003152674155768925,0.999684738111004
44397,2,2,0,1.0,0.0,0.6411048094185814,0.6411048094185814,0.2857142857142857,0.18317280269102323,0.5070343080592608,0.8205523858483581,0.17944757642977674,0.8205523858483581
44555,3,2,1,0.6666666666666666,0.3333333333333333,0.6128081086722965,0.99922894379245,0.375,0.2298030407521112,0.6695954884445878,0.8064040625929773,0.19359595392068088,0.8598621083689304
44665,1,0,1,0.0,1.0,-0.9902674127632463,-0.9902674127632463,0.16666666666666666,-0.16504456879387436,0.0,0.004866323000948194,0.9951337357641945,0.9951337357641945
44694,2,2,0,1.0,0.0,0.9994287873303098,0.9994287873303098,0.2857142857142857,0.28555108209437424,0.00046216964982824743,0.9997144135815359,0.00028562625122599696,0.9997144135815359
44761,3,2,1,0.6666666666666666,0.3333333333333333,0.3476294961789586,0.9722422864065211,0.375,0.13036106106710948,1.1053646975678588,0.6738147311868689,0.32618523500791013,0.9833614672073575
44828,2,2,0,1.0,0.0,0.9945596914365005,0.9945596914365005,0.2857142857142857,0.28415991183900013,0.006702406089907965,0.9972798531109461,0.0027201616744456144,0.9972798531109461
44840,1,1,0,1.0,0.0,0.9989172116373524,0.9989172116373524,0.16666666666666666,0.1664862019395587,0.0,0.9994586366595644,0.0005414250222119418,0.9994586366595644
45062,1,0,1,0.0,1.0,-0.9983848508722912,-0.9983848508722912,0.16666666666666666,-0.16639747514538186,0.0,0.000807561770896053,0.9991924126431873,0.9991924126431873
45081,2,2,0,1.0,0.0,0.8560988673733341,0.8560988673733341,0.2857142857142857,0.24459967639238114,0.19634911983577671,0.9280494213104249,0.07195055393709077,0.9280494213104249
45186,3,2,1,0.6666666666666666,0.3333333333333333,0.547040005403408,0.9960741109791257,0.375,0.20514000202627802,0.7802098839630361,0.773520004738132,0.22647999933472385,0.8914757635746663
45210,2,2,0,1.0,0.0,0.9977016060240567,0.9977016060240567,0.2857142857142857,0.285057601721159,0.0015945486476008652,0.9988508138202485,0.0011492077961918854,0.9988508138202485
45431,3,2,1,0.6666666666666666,0.3333333333333333,0.33323458677876755,0.9981289487088091,0.375,0.12496297004203782,1.1530111769759384,0.6666172836071893,0.33338269682842175,0.9993331909833022
45442,2,2,0,1.0,0.0,0.6358152913307052,0.6358152913307052,0.2857142857142857,0.1816615118087729,0.4365966954359257,0.8179076561629494,0.1820923648322441,0.8179076561629494
45447,4,2,2,0.5,0.5,-0.23802155671633157,-0.4774514080738701,0.4444444444444444,-0.1057873585405918,0.9585617684299846,0.38098920819031734,0.619010764906649,0.8787681144867467
45499,5,2,3,0.4,0.6,-0.28417176492533375,-0.9945529066892558,0.5,-0.14208588246266687,0.987980667070042,0.35791410699609194,0.6420858719214257,0.956333932459376
45501,1,1,0,1.0,0.0,0.9991959143768657,0.9991959143768657,0.16666666666666666,0.1665326523961443,0.0,0.9995979540275804,0.0004020396507147587,0.9995979540275804
45517,4,4,0,1.0,0.0,0.9863082642100189,0.997808988813504,0.4444444444444444,0.4383592285377862,0.02431068221096599,0.9931541537625748,0.006845889552555851,0.9931541537625748
45662,2,1,1,0.5,0.5,0.0001689373158482721,0.0001689373158482721,0.2857142857142857,4.826780452807774e-05,1.4134431046626703,0.5000844743860128,0.49991553707016456,0.9997276077922592
45666,2,1,1,0.5,0.5,0.2809124079902413,0.2809124079902413,0.2857142857142857,0.0802606879972118,1.0162062390722828,0.6404561957587367,0.3595437877684953,0.8592831531296605
45668,1,0,1,0.0,1.0,-0.9989817840915148,-0.9989817840915148,0.16666666666666666,-0.16649696401525246,0.0,0.0005090705999711743,0.999490854691486,0.999490854691486
45672,1,1,0,1.0,0.0,0.9997448755705075,0.9997448755705075,0.16666666666666666,0.1666241459284179,0.0,0.9998724653914168,0.00012758982090933904,0.9998724653914168
45720,4,3,1,0.75,0.25,0.5114777017284546,0.9995007052414691,0.4444444444444444,0.22732342299042427,0.9761748069055166,0.7557388605328031,0.2442611588043485,0.9939349860632306
45722,2,2,0,1.0,0.0,0.9914377060503353,0.9914377060503353,0.2857142857142857,0.2832679160143815,0.011567906343765161,0.995718870367496,0.004281164317160591,0.995718870367496
45728,1,0,1,0.0,1.0,-0.9855253419905995,-0.9855253419905995,0.16666666666666666,-0.1642542236650999,0.0,0.007237352173903893,0.9927626941645034,0.9927626941645034
45730,2,2,0,1.0,0.0,0.9713820102746845,0.9713820102746845,0.2857142857142857,0.2775377172213384,0.030167728340258257,0.9856909989551979,0.014308988680513302,0.9856909989551979
45732,1,1,0,1.0,0.0,0.9992015710929885,0.9992015710929885,0.16666666666666666,0.16653359518216473,0.0,0.9996008211678832,0.0003992500748947589,0.9996008211678832
45928,1,0,1,0.0,1.0,-0.9835712181593844,-0.9835712181593844,0.16666666666666666,-0.1639285363598974,0.0,0.008214345235310628,0.991785563394695,0.991785563394695
45950,2,1,1,0.5,0.5,-0.017190188758824,-0.017190188758824,0.2857142857142857,-0.004911482502521142,1.3864050900891716,0.49140489940266346,0.5085950881614875,0.9901682141188752
46062,3,2,1,0.6666666666666666,0.3333333333333333,0.5025872658565359,0.9956903136335313,0.375,0.18847022469620095,0.8575848796924138,0.7512936300496209,0.24870636419308492,0.9138481976347274
46335,1,1,0,1.0,0.0,0.9569733085054339,0.9569733085054339,0.16666666666666666,0.15949555141757232,0.0,0.9784866795395359,0.021513371034102006,0.9784866795395359
46530,4,2,2,0.5,0.5,0.23026544872121377,0.4378938106043984,0.4444444444444444,0.10234019943165056,0.9155674325574171,0.6151327502024834,0.3848673014812696,0.8642314917996261
46578,2,1,1,0.5,0.5,0.03883930647859557,0.03883930647859557,0.2857142857142857,0.011096944708170162,1.3571657580184795,0.5194196562395689,0.48058034976097325,0.9798305583447949
46723,1,0,1,0.0,1.0,-0.9883782622748858,-0.9883782622748858,0.16666666666666666,-0.16472971037914763,0.0,0.00581085641090184,0.9941891186857876,0.9941891186857876
46965,5,3,2,0.6,0.4,0.17759375928169943,0.9223718579610188,0.5,0.08879687964084972,1.0724428941793438,0.5887968848117449,0.41120312553004534,0.9875272990705304
46967,1,1,0,1.0,0.0,0.9995155531473021,0.9995155531473021,0.16666666666666666,0.16658592552455034,0.0,0.999757790438447,0.00024223729114496474,0.999757790438447
46972,2,1,1,0.5,0.5,0.04211121201815493,0.04211121201815493,0.2857142857142857,0.01203177486232998,1.3415873994004603,0.5210555920244043,0.47894438000624945,0.9743227598505723
46974,1,0,1,0.0,1.0,-0.7983843157368321,-0.7983843157368321,0.16666666666666666,-0.13306405262280535,0.0,0.10080785443705897,0.8991921701738911,0.8991921701738911
46976,2,2,0,1.0,0.0,0.9859434449090025,0.9859434449090025,0.2857142857142857,0.2816981271168579,0.0036545757599790556,0.9929717093960851,0.007028264487082632,0.9929717093960851
47044,1,0,1,0.0,1.0,-0.8861672448330238,-0.8861672448330238,0.16666666666666666,-0.14769454080550395,0.0,0.05691634631547771,0.9430835911485015,0.9430835911485015
47099,1,1,0,1.0,0.0,0.9806335056860617,0.9806335056860617,0.16666666666666666,0.1634389176143436,0.0,0.9903167364165539,0.0096832307304923,0.9903167364165539
47122,1,0,1,0.0,1.0,-0.998900615156461,-0.998900615156461,0.16666666666666666,-0.16648343585941017,0.0,0.0005496771862873664,0.9994502923427484,0.9994502923427484
47200,1,1,0,1.0,0.0,0.9984198709495091,0.9984198709495091,0.16666666666666666,0.1664033118249182,0.0,0.9992099111295464,0.0007900401800372529,0.9992099111295464
47423,1,1,0,1.0,0.0,0.9757137873086585,0.9757137873086585,0.16666666666666666,0.1626189645514431,0.0,0.9878568718232305,0.01214308451457196,0.9878568718232305
47491,3,2,1,0.6666666666666666,0.3333333333333333,0.4264933280122027,0.964901618272788,0.375,0.159934998004576,0.9628507969433413,0.7132466804836702,0.28675335247146766,0.9416231418330412
47518,6,5,1,0.8333333333333334,0.16666666666666666,0.8074281461706482,0.9977504571014411,0.5454545454545454,0.44041535245671715,0.46186424751862504,0.9037140810582082,0.09628593488755997,0.9262637613593294
47610,3,3,0,1.0,0.0,0.9993943088298156,0.9996050207621672,0.375,0.37477286581118086,0.00047346729240065467,0.999697158090255,0.00030284926043936734,0.999697158090255
47629,1,1,0,1.0,0.0,0.9911184498557338,0.9911184498557338,0.16666666666666666,0.16518640830928896,0.0,0.9955592214325328,0.004440771576798993,0.9955592214325328
47640,2,2,0,1.0,0.0,0.9890520197760693,0.9890520197760693,0.2857142857142857,0.2825862913645912,0.015083929225018427,0.994526000199099,0.005473980423029666,0.994526000199099
47644,1,1,0,1.0,0.0,0.9986852674393465,0.9986852674393465,0.16666666666666666,0.16644754457322442,0.0,0.9993426594513142,0.0006573920119677158,0.9993426594513142
47894,3,2,1,0.6666666666666666,0.3333333333333333,0.2844520252142517,0.8393737422286112,0.375,0.1066695094553444,1.1022938490674614,0.6422260163995096,0.3577739911852578,0.9705680309556769
47997,2,1,1,0.5,0.5,-0.03557770169330021,-0.03557770169330021,0.2857142857142857,-0.010165057626657203,1.3621653272875,0.48221115150770005,0.5177888532010002,0.9815981723654422
48043,5,3,2,0.6,0.4,0.23122093774342273,0.9981775298714638,0.5,0.11561046887171136,1.0529680842926907,0.6156104722899143,0.3843895345464915,0.9838880988422792
48142,2,2,0,1.0,0.0,0.7420449013091402,0.7420449013091402,0.2857142857142857,0.21201282894546863,0.3522686914064359,0.8710224303745117,0.12897752906537144,0.8710224303745117
48304,3,3,0,1.0,0.0,0.9781556097251282,0.9880613146121042,0.375,0.36680835364692305,0.027607989507245956,0.9890778200351323,0.010922210310004293,0.9890778200351323
48385,1,0,1,0.0,1.0,-0.8804056197998533,-0.8804056197998533,0.16666666666666666,-0.1467342699666422,0.0,0.059797191999822974,0.9402028117996762,0.9402028117996762
48394,3,3,0,1.0,0.0,0.9968624342317814,0.9964341565123144,0.375,0.37382341283691806,0.002030435950953665,0.9984312176085209,0.0015687833767393364,0.9984312176085209
48412,2,1,1,0.5,0.5,0.007658592230714689,0.007658592230714689,0.2857142857142857,0.0021881692087756255,1.3865824285734856,0.5038292988645079,0.4961707066337932,0.9902309217083622
48516,4,4,0,1.0,0.0,0.9961382592258019,0.9959953350835156,0.4444444444444444,0.4427281152114675,0.003608716071650828,0.9980691207626805,0.0019308615368786287,0.9980691207626805
48518,1,1,0,1.0,0.0,0.8959675602993723,0.8959675602993723,0.16666666666666666,0.14932792671656203,0.0,0.9479838225801113,0.05201626228073896,0.9479838225801113
48738,3,2,1,0.6666666666666666,0.3333333333333333,0.6553286487906004,0.9701295850448431,0.375,0.24574824329647516,0.5710273529124845,0.8276643372700828,0.17233568847948233,0.8289364345456095
48774,6,4,2,0.6666666666666666,0.3333333333333333,0.34291542338875924,0.9967027458382718,0.5454545454545454,0.18704477639386866,1.0151705669615125,0.6714577281200994,0.32854230473134016,0.9939727907242434
48780,6,5,1,0.8333333333333334,0.16666666666666666,0.6580753563172385,0.9957062505679761,0.5454545454545454,0.3589501943548573,0.8088773131587249,0.8290376751092148,0.1709623187919763,0.9944745520469618
48783,1,1,0,1.0,0.0,0.9996150360523682,0.9996150360523682,0.16666666666666666,0.16660250600872803,0.0,0.9998075236444888,0.0001924875921205334,0.9998075236444888
48982,1,1,0,1.0,0.0,0.990046727475781,0.990046727475781,0.16666666666666666,0.16500778791263015,0.0,0.9950233885479457,0.004976661072164623,0.9950233885479457
48997,2,1,1,0.5,0.5,0.007753467697011851,0.007753467697011851,0.2857142857142857,0.002215276484860529,1.3889945332447775,0.5038767252043773,0.49612325750736547,0.9910837181000842
49272,12,9,3,0.75,0.25,0.5368203175122339,0.9948590748091317,0.7058823529411765,0.37893198883216517,0.8390742942249373,0.7684101623042882,0.23158984479205427,0.9786748634052703
49274,2,1,1,0.5,0.5,0.0005313306876295609,0.0005313306876295609,0.2857142857142857,0.00015180876789416025,1.4103587320083968,0.5002656516050918,0.4997343209174623,0.998637097915676
49278,3,3,0,1.0,0.0,0.994483330840524,0.9993322031035767,0.375,0.3729312490651965,0.008758774833625128,0.9972416746755597,0.0027583438350356703,0.9972416746755597
49286,2,2,0,1.0,0.0,0.9961175816638448,0.9961175816638448,0.2857142857142857,0.2846050233325271,0.001166445977486798,0.9980588124177165,0.001941230753871882,0.9980588124177165
49530,3,3,0,1.0,0.0,0.9898359396742898,0.9996405463589697,0.375,0.3711884773778587,0.017029075477661623,0.9949179901998532,0.005082050525563134,0.9949179901998532
49647,3,3,0,1.0,0.0,0.9953120168213778,0.998375305071683,0.375,0.3732420063080167,0.006480717667312767,0.9976559820616141,0.002343965240236313,0.9976559820616141
49649,1,1,0,1.0,0.0,0.9987002376501806,0.9987002376501806,0.16666666666666666,0.1664500396083634,0.0,0.9993501467125439,0.0006499090623632769,0.9993501467125439
49651,4,2,2,0.5,0.5,-0.006845751288993979,-0.012242968511832597,0.4444444444444444,-0.003042556128441768,1.1422996013122917,0.4965771231587781,0.5034228744477721,0.994611170868251
49772,2,2,0,1.0,0.0,0.9988309129186359,0.9988309129186359,0.2857142857142857,0.28538026083389595,0.0002644804920848181,0.9994154352936266,0.0005845223749907613,0.9994154352936266
49793,1,1,0,1.0,0.0,0.9884888042103162,0.9884888042103162,0.16666666666666666,0.16474813403505267,0.0,0.9942444021051581,0.005755597894841974,0.9942444021051581
49822,1,0,1,0.0,1.0,-0.9896240018176792,-0.9896240018176792,0.16666666666666666,-0.16493733363627985,0.0,0.005188009901070775,0.99481201171875,0.99481201171875
49824,1,1,0,1.0,0.0,0.997974804836541,0.997974804836541,0.16666666666666666,0.1663291341394235,0.0,0.9989873576046798,0.0010125527681388291,0.9989873576046798
49961,2,2,0,1.0,0.0,0.996472780727116,0.996472780727116,0.2857142857142857,0.28470650877917597,0.0019995815319508174,0.9982364035941459,0.0017636228670299015,0.9982364035941459
50068,1,1,0,1.0,0.0,0.9996128779920666,0.9996128779920666,0.16666666666666666,0.1666021463320111,0.0,0.9998064908114347,0.00019361281936818904,0.9998064908114347
50442,3,3,0,1.0,0.0,0.8784489655564776,0.9929991496390984,0.375,0.3294183620836791,0.20415668896199302,0.9392244707456708,0.06077550518919327,0.9392244707456708
50601,2,2,0,1.0,0.0,0.9994177813258962,0.9994177813258962,0.2857142857142857,0.2855479375216846,0.0004963260101137464,0.9997088636038104,0.00029108227791420355,0.9997088636038104
50685,1,0,1,0.0,1.0,-0.7779554653167724,-0.7779554653167724,0.16666666666666666,-0.12965924421946207,0.0,0.11102227210998535,0.8889777374267578,0.8889777374267578
50794,2,1,1,0.5,0.5,0.004692717443923522,0.004692717443923522,0.2857142857142857,0.0013407764125495777,1.4067583061592228,0.5023463332835509,0.49765361583962736,0.997364143449433
50804,2,0,2,0.0,1.0,-0.9805008727739786,-0.9805008727739786,0.2857142857142857,-0.280143106506851,0.021539663037991097,0.009749565188211339,0.9902504379621899,0.9902504379621899
50806,1,0,1,0.0,1.0,-0.963339994303988,-0.963339994303988,0.16666666666666666,-0.16055666571733132,0.0,0.018330005672870655,0.9816699999768587,0.9816699999768587
51077,6,3,3,0.5,0.5,0.0055794782608419675,0.011829441155043474,0.5454545454545454,0.0030433517786410728,0.9199654873699955,0.5027897390461026,0.49721026078526065,0.8920217239920065
51080,1,1,0,1.0,0.0,0.9964988398970219,0.9964988398970219,0.16666666666666666,0.16608313998283697,0.0,0.9982494331939876,0.0017505932969656603,0.9982494331939876
51086,1,1,0,1.0,0.0,0.9593014600484268,0.9593014600484268,0.16666666666666666,0.1598835766747378,0.0,0.9796507462211277,0.020349286172700966,0.9796507462211277
51255,4,2,2,0.5,0.5,0.045964348383103926,0.06036323035055102,0.4444444444444444,0.020428599281379523,1.0138374372938042,0.5229821854005756,0.47701783701747175,0.9366212736094337
51412,7,2,5,0.2857142857142857,0.7142857142857143,-0.26318283771328527,-0.7227047609710062,0.5833333333333334,-0.15352332199941643,0.9041544720167801,0.36840858175353136,0.6315914194668167,0.9148716164619213
51540,4,3,1,0.75,0.25,0.4831114118196021,0.9520857418407489,0.4444444444444444,0.21471618303093426,0.9698503501863972,0.7415557106708582,0.2584442988512561,0.9841332422263058
51662,4,2,2,0.5,0.5,0.0034382926846048267,0.005790111939466935,0.4444444444444444,0.0015281300820465895,1.1399950482321182,0.501719154908946,0.4982808622243412,0.9935977818025664
51709,3,1,2,0.3333333333333333,0.6666666666666666,-0.2076782345214174,-0.5236330032348633,0.375,-0.07787933794553152,0.9707320249090855,0.39616089751402805,0.6038391320354454,0.8977288531888243
51834,1,1,0,1.0,0.0,0.08046094355403388,0.08046094355403388,0.16666666666666666,0.013410157259005646,0.0,0.5402304988400114,0.4597695552859775,0.5402304988400114
51925,2,1,1,0.5,0.5,0.013086826146856467,0.013086826146856467,0.2857142857142857,0.0037390931848161335,1.3948875115545427,0.5065434233211065,0.49345659717425,0.9931672194540011
51927,1,1,0,1.0,0.0,0.9997008131153282,0.9997008131153282,0.16666666666666666,0.16661680218588804,0.0,0.9998503937118355,0.00014958059650728073,0.9998503937118355
51931,1,0,1,0.0,1.0,-0.861732884457237,-0.861732884457237,0.16666666666666666,-0.1436221474095395,0.0,0.06913355777138158,0.9308664422286185,0.9308664422286185
51935,3,2,1,0.6666666666666666,0.3333333333333333,0.3339901909990178,0.9982480046267692,0.375,0.12524632162463167,1.1513131306377618,0.6669951177168443,0.33300492671782644,0.99880565033298
52042,2,2,0,1.0,0.0,0.9787650819213383,0.9787650819213383,0.2857142857142857,0.2796471662632395,0.028715506493364053,0.9893825458449108,0.010617463923572453,0.9893825458449108
52245,2,1,1,0.5,0.5,-0.0017480643666850093,-0.0017480643666850093,0.2857142857142857,-0.0004994469619100027,1.410275815186903,0.49912597175532103,0.500874036122006,0.9986078000696862
52281,2,1,1,0.5,0.5,0.2805470880088975,0.2805470880088975,0.2857142857142857,0.080156310859685,0.6516792252335937,0.6402735582641145,0.359726470255217,0.7304034139202005
52287,1,0,1,0.0,1.0,-0.7660376450111126,-0.7660376450111126,0.16666666666666666,-0.12767294083518543,0.0,0.1169811774944437,0.8830188225055563,0.8830188225055563
52328,5,2,3,0.4,0.6,-0.08905848914802594,-0.688804214879086,0.5,-0.04452924457401297,0.9922025201302794,0.4554707476182312,0.5445292367662571,0.940746496060022
52458,3,2,1,0.6666666666666666,0.3333333333333333,0.5767146252206053,0.9977944034735362,0.375,0.216267984457727,0.7307762281847725,0.7883573257422878,0.2116427005216824,0.8773948356219683
52579,1,1,0,1.0,0.0,0.9984607314215089,0.9984607314215089,0.16666666666666666,0.1664101219035848,0.0,0.9992303778655338,0.0007696464440248308,0.9992303778655338
52604,3,2,1,0.6666666666666666,0.3333333333333333,0.49485145161027755,0.9923058975310552,0.375,0.18556929435385408,0.8673403737648601,0.7474256954976918,0.25257424388741423,0.9163122591542529
52722,34,17,17,0.5,0.5,0.006078761339511812,0.014528403336974416,0.8717948717948718,0.005299432962651324,0.9781591998718069,0.5030393781010289,0.4969606167615172,0.9797374207674333
52885,2,2,0,1.0,0.0,0.8970586164052652,0.8970586164052652,0.2857142857142857,0.25630246183007577,0.14142009816483495,0.9485293081216949,0.0514706917164297,0.9485293081216949
52950,1,0,1,0.0,1.0,-0.9939312356359817,-0.9939312356359817,0.16666666666666666,-0.16565520593933028,0.0,0.003034397083170274,0.9969656327191521,0.9969656327191521
52952,1,1,0,1.0,0.0,0.9914745393021117,0.9914745393021117,0.16666666666666666,0.16524575655035195,0.0,0.9957372789731654,0.004262739671053682,0.9957372789731654
52973,1,1,0,1.0,0.0,0.9968439817428589,0.9968439817428589,0.16666666666666666,0.1661406636238098,0.0,0.9984219868977865,0.0015780051549275716,0.9984219868977865
53000,6,4,2,0.6666666666666666,0.3333333333333333,0.30336147523494544,0.8893535882633838,0.5454545454545454,0.1654698955826975,0.9965837334224165,0.6516807409458775,0.34831926571093197,0.9778273835877368
53121,1,1,0,1.0,0.0,0.9039092808961868,0.9039092808961868,0.16666666666666666,0.15065154681603113,0.0,0.9519546508789063,0.048045369982719424,0.9519546508789063
53123,2,2,0,1.0,0.0,0.9975165753498831,0.9975165753498831,0.2857142857142857,0.2850047358142523,0.002751677347595241,0.9987582831040158,0.0012417077541327197,0.9987582831040158
53125,2,1,1,0.5,0.5,-0.3856757996768354,-0.3856757996768354,0.2857142857142857,-0.11019308562195297,0.835408704267496,0.30716209071993483,0.6928378903967702,0.7953615704832593
53129,1,1,0,1.0,0.0,0.9951799094092613,0.9951799094092613,0.16666666666666666,0.16586331823487688,0.0,0.9975899341059666,0.002410024696705388,0.9975899341059666
53207,1,0,1,0.0,1.0,-0.9949034084292019,-0.9949034084292019,0.16666666666666666,-0.16581723473820031,0.0,0.002548261600382188,0.9974516700295841,0.9974516700295841
53318,1,0,1,0.0,1.0,-0.9975247027100743,-0.9975247027100743,0.16666666666666666,-0.1662541171183457,0.0,0.001237685777045585,0.99876238848712,0.99876238848712
53322,1,1,0,1.0,0.0,0.9004391103551007,0.9004391103551007,0.16666666666666666,0.15007318505918343,0.0,0.9502195275348165,0.049780417179715805,0.9502195275348165
53460,3,2,1,0.6666666666666666,0.3333333333333333,0.3297132868747623,0.9885257669463562,0.375,0.12364248257803587,1.1508437803430789,0.6648566397710151,0.3351433528962528,0.9979069074753785
53464,2,2,0,1.0,0.0,0.37616633877809946,0.37616633877809946,0.2857142857142857,0.1074760967937427,0.4926658568500269,0.6880831682484254,0.3119168294703259,0.6880831682484254
53519,5,3,2,0.6,0.4,0.27612924949058976,0.8988423399067141,0.5,0.13806462474529488,0.9462461847230702,0.6380646262611755,0.36193537677058574,0.9346133649064319
53953,4,4,0,1.0,0.0,0.9833651194002285,0.9853060672793424,0.4444444444444444,0.4370511641778793,0.01732637828580746,0.9916825676661464,0.008317448265917843,0.9916825676661464
53956,1,1,0,1.0,0.0,0.9984345866637375,0.9984345866637375,0.16666666666666666,0.16640576444395624,0.0,0.9992172590648855,0.0007826724011479443,0.9992172590648855
53972,4,3,1,0.75,0.25,0.4166683597035092,0.8329168506533683,0.4444444444444444,0.18518593764600408,0.9566179057372822,0.70833419243498,0.2916658327314708,0.9580393204321419
53993,1,1,0,1.0,0.0,0.9981735000807431,0.9981735000807431,0.16666666666666666,0.16636225001345717,0.0,0.9990867491691343,0.000913249088391181,0.9990867491691343
53996,2,0,2,0.0,1.0,-0.9979027876512676,-0.9979027876512676,0.2857142857142857,-0.28511508218607645,0.00018727092048528572,0.0010486093145135131,0.9989513969657811,0.9989513969657811
54001,3,2,1,0.6666666666666666,0.3333333333333333,0.3569575033440279,0.9819704940316504,0.375,0.13385906375401047,1.09039042408004,0.678478772519905,0.32152126917587703,0.9791808039733555
54004,2,2,0,1.0,0.0,0.999094940232063,0.999094940232063,0.2857142857142857,0.28545569720916086,0.000735950317429935,0.9995474819022576,0.000452541670194645,0.9995474819022576
54256,2,1,1,0.5,0.5,-0.0018386974208429718,-0.0018386974208429718,0.2857142857142857,-0.0005253421202408491,1.4037790650704756,0.4990806460323742,0.5009193434532172,0.9963108428423182
54259,1,1,0,1.0,0.0,0.995325642824173,0.995325642824173,0.16666666666666666,0.16588760713736217,0.0,0.9976628112792969,0.0023371684551239014,0.9976628112792969
54272,4,2,2,0.5,0.5,-0.24570896382546534,-0.4791778013177587,0.4444444444444444,-0.10920398392242903,0.9486276301803861,0.37714551019836756,0.6228544740238329,0.8758444598839058
54281,1,1,0,1.0,0.0,0.09926749432746035,0.09926749432746035,0.16666666666666666,0.016544582387910057,0.0,0.5496337181028839,0.4503662237754235,0.5496337181028839
54286,4,4,0,1.0,0.0,0.9364040597898283,0.965480418741075,0.4444444444444444,0.41617958212881256,0.08643749872824036,0.9682020348316146,0.031797975041786296,0.9682020348316146
54372,1,1,0,1.0,0.0,0.9139280917754232,0.9139280917754232,0.16666666666666666,0.15232134862923719,0.0,0.956964021946097,0.043035930170673704,0.956964021946097
54503,3,3,0,1.0,0.0,0.9947106343119044,0.9992284722415344,0.375,0.3730164878669642,0.008177893960325358,0.9973553271077366,0.0026446927958319673,0.9973553271077366
54648,2,1,1,0.5,0.5,-0.04697242245787664,-0.04697242245787664,0.2857142857142857,-0.013420692130821896,1.3426825310508292,0.4765138014441445,0.5234862239020212,0.9747099740164621
54736,1,1,0,1.0,0.0,0.8804490333379701,0.8804490333379701,0.16666666666666666,0.14674150555632834,0.0,0.9402245100154433,0.059775476677473204,0.9402245100154433
54785,5,1,4,0.2,0.8,-0.397157978909005,-0.8469190250372223,0.5,-0.1985789894545025,0.8418605985810312,0.30142102027105405,0.6985789991800591,0.8897034689371391
54995,2,0,2,0.0,1.0,-0.5204211766521136,-0.5204211766521136,0.2857142857142857,-0.14869176475774673,0.31700021210871016,0.2397894221875403,0.7602105988396539,0.7602105988396539
54997,5,4,1,0.8,0.2,0.537066546422877,0.9815524980504676,0.5,0.2685332732114385,0.7443368150606917,0.7685332681210488,0.23146672169817184,0.9128982461940927
54999,1,0,1,0.0,1.0,-0.9826546632326566,-0.9826546632326566,0.16666666666666666,-0.16377577720544276,0.0,0.008672643493820022,0.9913273067264766,0.9913273067264766
55052,3,3,0,1.0,0.0,0.9985583107691959,0.9992766178509579,0.375,0.37445936653844847,0.001670590111642535,0.9992791506518698,0.0007208398826739857,0.9992791506518698
55069,1,1,0,1.0,0.0,0.9992976574277556,0.9992976574277556,0.16666666666666666,0.16654960957129258,0.0,0.9996488416517103,0.000351184223954742,0.9996488416517103
55080,1,1,0,1.0,0.0,0.5158058933957794,0.5158058933957794,0.16666666666666666,0.08596764889929656,0.0,0.7579029692700628,0.24209707587428347,0.7579029692700628
55094,2,1,1,0.5,0.5,-0.0222410251534626,-0.0222410251534626,0.2857142857142857,-0.0063545786152750285,1.3624295336094852,0.4888794950530141,0.5111205202064767,0.9816915886817915
55118,2,2,0,1.0,0.0,0.7985262883183424,0.7985262883183424,0.2857142857142857,0.22815036809095496,0.15129520696286936,0.8992631670167321,0.10073687869838983,0.8992631670167321
55232,6,4,2,0.6666666666666666,0.3333333333333333,0.3307203524037509,0.9918101983166119,0.5454545454545454,0.18039291949295502,1.0294521751149748,0.6653601918177355,0.3346398394139845,0.9981214001521886
55245,1,1,0,1.0,0.0,0.9953181689594224,0.9953181689594224,0.16666666666666666,0.16588636149323704,0.0,0.9976590697528326,0.0023409007934101843,0.9976590697528326
55253,1,1,0,1.0,0.0,0.9882498493600597,0.9882498493600597,0.16666666666666666,0.1647083082266766,0.0,0.9941249153291456,0.00587506596908599,0.9941249153291456
55269,2,1,1,0.5,0.5,0.26602628684311225,0.26602628684311225,0.2857142857142857,0.0760075105266035,1.0373909209770689,0.6330131399614998,0.36698685311838747,0.8667730740220652
55272,1,0,1,0.0,1.0,-0.9923366398915,-0.9923366398915,0.16666666666666666,-0.16538943998191666,0.0,0.0038316625615824823,0.9961683024530825,0.9961683024530825
55274,1,0,1,0.0,1.0,-0.9587215128399077,-0.9587215128399077,0.16666666666666666,-0.15978691880665127,0.0,0.020639231091453915,0.9793607439313616,0.9793607439313616
55276,1,1,0,1.0,0.0,0.9997368059679865,0.9997368059679865,0.16666666666666666,0.16662280099466442,0.0,0.9998683929443359,0.0001315869763493538,0.9998683929443359
55280,1,1,0,1.0,0.0,0.9946238557863895,0.9946238557863895,0.16666666666666666,0.1657706426310649,0.0,0.9973119217129897,0.002688065926600162,0.9973119217129897
55282,4,3,1,0.75,0.25,0.3781791328605312,0.6341063678340682,0.4444444444444444,0.16807961460468052,0.8256575197904654,0.6890895676944928,0.31091043483396164,0.8778779363964276
55290,3,3,0,1.0,0.0,0.9884514406207447,0.9930270643069826,0.375,0.3706692902327793,0.013097560283396483,0.9942257281778758,0.0057742875571308375,0.9942257281778758
55363,2,2,0,1.0,0.0,0.9812374258085268,0.9812374258085268,0.2857142857142857,0.28035355023100766,0.02213204681511502,0.9906186900279966,0.009381264219469799,0.9906186900279966
55442,1,1,0,1.0,0.0,0.9970172697643064,0.9970172697643064,0.16666666666666666,0.16616954496071773,0.0,0.9985086692954009,0.0014913995310945332,0.9985086692954009
55721,3,2,1,0.6666666666666666,0.3333333333333333,0.28964374142756993,0.8601583222625777,0.375,0.10861640303533873,1.1110866511877304,0.6448218697525654,0.35517812832499546,0.9750889231077764
55765,4,4,0,1.0,0.0,0.925767744695244,0.9989505588885222,0.4444444444444444,0.41145233097566397,0.1468934233872966,0.96288387117589,0.03711612648064601,0.96288387117589
55768,1,1,0,1.0,0.0,0.9534419097152411,0.9534419097152411,0.16666666666666666,0.1589069849525402,0.0,0.9767209719988256,0.023279062283584496,0.9767209719988256
55805,2,1,1,0.5,0.5,0.3049395511373876,0.3049395511373876,0.2857142857142857,0.08712558603925359,0.9755903781235631,0.6524697659937966,0.347530214856409,0.8449232764408625
55820,9,7,2,0.7777777777777778,0.2222222222222222,0.5515416706291866,0.990002290549012,0.6428571428571429,0.35456250254733424,0.8698960087746295,0.7757708383120601,0.2242291676828736,0.9941404147527891
55830,1,1,0,1.0,0.0,0.9901437155261837,0.9901437155261837,0.16666666666666666,0.16502395258769728,0.0,0.9950718253985789,0.004928109872395097,0.9950718253985789
55908,4,3,1,0.75,0.25,0.5111327816900868,0.9986531795752752,0.4444444444444444,0.22717012519559412,0.9757839006996079,0.7555664024030777,0.2444336207129909,0.9937019879183078
55995,3,0,3,0.0,1.0,-0.7143217451306163,-0.9891482108849975,0.375,-0.2678706544239811,0.48464017189743763,0.14283913423528474,0.857160879365901,0.857160879365901
56145,3,1,2,0.3333333333333333,0.6666666666666666,-0.21578845487103518,-0.6548468380445578,0.375,-0.0809206705766382,1.0596257379372866,0.3921057738967135,0.6078942287677487,0.9388257557221542
56152,2,2,0,1.0,0.0,0.9968213637077866,0.9968213637077866,0.2857142857142857,0.28480610391651046,0.0024399530148024743,0.9984106830890516,0.0015893193812649927,0.9984106830890516
56156,1,1,0,1.0,0.0,0.9992925580423158,0.9992925580423158,0.16666666666666666,0.1665487596737193,0.0,0.9996462985201999,0.0003537404778841379,0.9996462985201999
56171,1,0,1,0.0,1.0,-0.9868944981370111,-0.9868944981370111,0.16666666666666666,-0.1644824163561685,0.0,0.0065527221568383335,0.9934472202938495,0.9934472202938495
56174,4,3,1,0.75,0.25,0.500383068936333,0.9966565346223113,0.4444444444444444,0.22239247508281465,0.9943983392938619,0.7501915297831501,0.24980846084681702,0.9979943613294064
56176,2,2,0,1.0,0.0,0.9991003874231505,0.9991003874231505,0.2857142857142857,0.28545725354947155,0.0007931241074683806,0.9995501722608293,0.00044978483767882615,0.9995501722608293
56367,2,2,0,1.0,0.0,0.5954827804086554,0.5954827804086554,0.2857142857142857,0.17013793725961582,0.5708798599436801,0.7977413992596487,0.2022586188509933,0.7977413992596487
56587,1,1,0,1.0,0.0,0.9985442881652822,0.9985442881652822,0.16666666666666666,0.166424048027547,0.0,0.9992721317950344,0.0007278436297521541,0.9992721317950344
56715,1,1,0,1.0,0.0,0.9997830128727051,0.9997830128727051,0.16666666666666666,0.16663050214545083,0.0,0.9998915012066181,0.00010848833391299614,0.9998915012066181
56757,1,1,0,1.0,0.0,0.9995218406830516,0.9995218406830516,0.16666666666666666,0.16658697344717527,0.0,0.9997608971974207,0.00023905651436911688,0.9997608971974207
56775,3,2,1,0.6666666666666666,0.3333333333333333,0.3235812301838718,0.9677394269692777,0.375,0.12134296131895192,1.1425869380738494,0.6617906255722555,0.33820939538838374,0.993671903087372
56782,5,3,2,0.6,0.4,0.21650185723657542,0.9828880570702633,0.5,0.10825092861828771,1.0652801801038678,0.6082509198619992,0.3917490626254237,0.9881949300625827
56801,4,0,4,0.0,1.0,-0.9971473840364693,-0.9975241525337482,0.4444444444444444,-0.44317661512731965,0.0028701817595116314,0.001426324283957158,0.9985737083204265,0.9985737083204265
56805,1,0,1,0.0,1.0,-0.9300158075439982,-0.9300158075439982,0.16666666666666666,-0.15500263459066635,0.0,0.03499209003531056,0.9650078975793087,0.9650078975793087
56941,1,0,1,0.0,1.0,-0.961832931679739,-0.961832931679739,0.16666666666666666,-0.16030548861328983,0.0,0.01908352408610599,0.9809164557658451,0.9809164557658451
56949,1,1,0,1.0,0.0,0.9996174462746991,0.9996174462746991,0.16666666666666666,0.16660290771244984,0.0,0.9998087675675101,0.00019132129281111386,0.9998087675675101
57274,2,1,1,0.5,0.5,0.0008469369567356555,0.0008469369567356555,0.2857142857142857,0.0002419819876387587,1.4119553916050012,0.5004234426268901,0.49957650567015444,0.999201590216924
57368,2,0,2,0.0,1.0,-0.9333383467706022,-0.9333383467706022,0.2857142857142857,-0.2666680990773149,0.08802660995465449,0.03333084908255366,0.9666691958531559,0.9666691958531559
57504,1,1,0,1.0,0.0,0.9845555133130177,0.9845555133130177,0.16666666666666666,0.1640925855521696,0.0,0.992277729080384,0.007722215767366341,0.992277729080384
57528,3,3,0,1.0,0.0,0.7903573633271556,0.991959517628982,0.375,0.2963840112476833,0.3502667181077113,0.8951786738326938,0.1048213105055381,0.8951786738326938
57640,2,1,1,0.5,0.5,0.4354954809679512,0.4354954809679512,0.2857142857142857,0.12442728027655749,0.7975867078726241,0.7177477309554954,0.2822522499875442,0.781989475332013
57669,3,3,0,1.0,0.0,0.9529992743494798,0.9925019851905488,0.375,0.35737472788105495,0.07239335785326108,0.976499642734238,0.023500368384758063,0.976499642734238
57951,2,2,0,1.0,0.0,0.9510071841291636,0.9510071841291636,0.2857142857142857,0.27171633832261816,0.04623566554375814,0.975503589445577,0.02449640531641338,0.975503589445577
58025,1,1,0,1.0,0.0,0.9943830099972812,0.9943830099972812,0.16666666666666666,0.16573050166621353,0.0,0.9971915158358488,0.00280850583856756,0.9971915158358488
58047,2,2,0,1.0,0.0,0.9961420659362425,0.9961420659362425,0.2857142857142857,0.28461201883892645,0.0008569528500185306,0.9980710137565181,0.0019289478202754596,0.9980710137565181
58103,1,1,0,1.0,0.0,0.9759952849355238,0.9759952849355238,0.16666666666666666,0.1626658808225873,0.0,0.9879976469894935,0.01200236205396981,0.9879976469894935
58105,2,2,0,1.0,0.0,0.9914148591247739,0.9914148591247739,0.2857142857142857,0.28326138832136394,0.002204020690596022,0.995707441847661,0.004292582722887136,0.995707441847661
58154,1,0,1,0.0,1.0,-0.9943445748889569,-0.9943445748889569,0.16666666666666666,-0.16572409581482614,0.0,0.0028277512678166025,0.9971723261567735,0.9971723261567735
58293,1,0,1,0.0,1.0,-0.9929468042549046,-0.9929468042549046,0.16666666666666666,-0.16549113404248408,0.0,0.0035265738936676376,0.9964733781485722,0.9964733781485722
58295,2,0,2,0.0,1.0,-0.9756468384549313,-0.9756468384549313,0.2857142857142857,-0.2787562395585518,0.017283235105969942,0.012176611620428029,0.9878234500753593,0.9878234500753593
58297,1,1,0,1.0,0.0,0.21930266486273864,0.21930266486273864,0.16666666666666666,0.03655044414378977,0.0,0.6096513112386067,0.3903486463758681,0.6096513112386067
58299,3,2,1,0.6666666666666666,0.3333333333333333,0.3333221192428146,0.9996653785722123,0.375,0.12499579471605546,1.1542204156013816,0.6666610263375965,0.3333389070947819,0.99981329800173
58301,1,0,1,0.0,1.0,-0.9983555401206775,-0.9983555401206775,0.16666666666666666,-0.16639259002011292,0.0,0.0008222346852539451,0.9991777748059315,0.9991777748059315
58559,15,12,3,0.8,0.2,0.5999507876857123,0.999463777744826,0.75,0.4499630907642842,0.8232885127317097,0.7999753912225683,0.20002460353685594,0.9981248307760636
58803,1,1,0,1.0,0.0,0.9997048932225346,0.9997048932225346,0.16666666666666666,0.16661748220375577,0.0,0.9998524272358501,0.00014753401331551425,0.9998524272358501
58998,2,2,0,1.0,0.0,0.958350872034544,0.958350872034544,0.2857142857142857,0.27381453486701257,0.058567246126549864,0.9791754269956259,0.02082455496108174,0.9791754269956259
59022,1,1,0,1.0,0.0,0.9948467985825604,0.9948467985825604,0.16666666666666666,0.16580779976376006,0.0,0.9974234444754464,0.002576645892885973,0.9974234444754464
59037,1,0,1,0.0,1.0,-0.9990544624691993,-0.9990544624691993,0.16666666666666666,-0.16650907707819987,0.0,0.00047278276791698053,0.9995272452371162,0.9995272452371162
59258,1,1,0,1.0,0.0,0.9995631335646306,0.9995631335646306,0.16666666666666666,0.16659385559410508,0.0,0.9997815583881579,0.0002184248235272734,0.9997815583881579
59315,10,10,0,1.0,0.0,0.8951743492820846,0.9975366066169815,0.6666666666666666,0.5967828995213897,0.26174291107506487,0.9475871659606325,0.05241281667854789,0.9475871659606325
59369,8,7,1,0.875,0.125,0.7309865587233219,0.9973856474641014,0.6153846153846154,0.449837882291275,0.6832087004429965,0.8654932733744375,0.13450671465111566,0.9845429495292266
59387,2,2,0,1.0,0.0,0.9978967668435644,0.9978967668435644,0.2857142857142857,0.2851133619553041,0.000673148093473825,0.9989483677662794,0.0010516009227150395,0.9989483677662794
59501,3,2,1,0.6666666666666666,0.3333333333333333,0.35682479348248347,0.982392597932082,0.375,0.1338092975559313,1.086374600745164,0.678412389569913,0.3215875960874296,0.9776160881595786
59615,3,2,1,0.6666666666666666,0.3333333333333333,0.10440132320392796,0.30666059446285626,0.375,0.039150496201472984,1.007628833108358,0.5522006699397619,0.44779934673583394,0.8818725692955117
59725,1,0,1,0.0,1.0,-0.9693949595741603,-0.9693949595741603,0.16666666666666666,-0.16156582659569338,0.0,0.015302531615547512,0.9846974911897078,0.9846974911897078
59727,2,2,0,1.0,0.0,0.9609120567823866,0.9609120567823866,0.2857142857142857,0.2745463019378247,0.05089034652292141,0.9804560339428359,0.0195439771604493,0.9804560339428359
59784,5,4,1,0.8,0.2,0.6968011808620941,0.9974739722079701,0.5,0.34840059043104704,0.6716680683435505,0.8484005927056515,0.1515994118435574,0.9493419646233761
60040,6,3,3,0.5,0.5,0.07758346578483784,0.22213635034289564,0.5454545454545454,0.042318254064457,0.9089161328370257,0.5387917308439287,0.4612082650590909,0.8731616774857094
60069,6,6,0,1.0,0.0,0.9975599184806133,0.9975506595236409,0.5454545454545454,0.5441235918985163,0.002089171374726576,0.998779963017543,0.001220044536929609,0.998779963017543
60072,2,1,1,0.5,0.5,0.43322845522362274,0.43322845522362274,0.2857142857142857,0.12377955863532078,0.7602301996478105,0.7166142167018583,0.2833857614782356,0.7687819538069318
60074,4,2,2,0.5,0.5,0.002000316553663395,0.0045367037830129076,0.4444444444444444,0.0008890295794059533,1.150549816936981,0.5010001524998383,0.4989998359461749,0.9981993219241848
60126,3,2,1,0.6666666666666666,0.3333333333333333,0.373205844465414,0.9991872848570347,0.375,0.13995219167453024,1.0846452402735836,0.6866029176745853,0.3133970732091712,0.9796811070357027
60397,5,3,2,0.6,0.4,0.28512225952617615,0.9587881516229383,0.5,0.14256112976308807,0.9725015747314995,0.6425611439406602,0.3574388844144841,0.9489487021830785
60487,1,1,0,1.0,0.0,0.9996469662376288,0.9996469662376288,0.16666666666666666,0.16660782770627147,0.0,0.9998235287873641,0.00017656254973532498,0.9998235287873641
60514,2,1,1,0.5,0.5,-0.002421429494378735,-0.002421429494378735,0.2857142857142857,-0.0006918369983939243,1.404404421523051,0.4987893101023875,0.5012107395967662,0.9965319698432367
60684,5,4,1,0.8,0.2,0.5402492133547742,0.8213265360657167,0.5,0.2701246066773871,0.554263555759743,0.7701246114455891,0.22987539809081503,0.8100500584078592
60753,2,2,0,1.0,0.0,0.9952088747888244,0.9952088747888244,0.2857142857142857,0.28434539279680693,0.006190498320032778,0.9976044579739972,0.0023955831851728343,0.9976044579739972
60756,1,1,0,1.0,0.0,0.9995418816272701,0.9995418816272701,0.16666666666666666,0.16659031360454502,0.0,0.9997709624621333,0.00022908083486313722,0.9997709624621333
60760,1,1,0,1.0,0.0,0.062033262029923375,0.062033262029923375,0.16666666666666666,0.01033887700498723,0.0,0.5310166226568033,0.4689833606268799,0.5310166226568033
60766,1,0,1,0.0,1.0,-0.9966717372913504,-0.9966717372913504,0.16666666666666666,-0.16611195621522507,0.0,0.0016641706903875624,0.998335907981738,0.998335907981738
60937,4,2,2,0.5,0.5,-0.05750652659316527,-0.09238296692461823,0.4444444444444444,-0.025558456263629008,1.0843247843383452,0.4712467403202625,0.5287532669134277,0.9687962004660324
60950,2,2,0,1.0,0.0,0.9989033977775318,0.9989033977775318,0.2857142857142857,0.2854009707935805,0.0009861493102924083,0.9994517043118633,0.0005483065343314628,0.9994517043118633
61024,2,1,1,0.5,0.5,0.06312920498518271,0.06312920498518271,0.2857142857142857,0.0180369157100522,1.1966007555632654,0.5315646120173001,0.4684354070321174,0.9230622638405745
61123,1,0,1,0.0,1.0,-0.9975603432078628,-0.9975603432078628,0.16666666666666666,-0.16626005720131046,0.0,0.0012198538906806338,0.9987801970985435,0.9987801970985435
61132,2,2,0,1.0,0.0,0.6071538695528677,0.6071538695528677,0.2857142857142857,0.17347253415796218,0.5544409411098665,0.8035769556132063,0.19642308606033865,0.8035769556132063
61160,1,0,1,0.0,1.0,-0.9969238371684633,-0.9969238371684633,0.16666666666666666,-0.16615397286141054,0.0,0.0015380944328746576,0.998461931601338,0.998461931601338
61240,3,3,0,1.0,0.0,0.9957594694337377,0.9996778787919195,0.375,0.37340980103765165,0.006816038997177929,0.9978797447065314,0.0021202752727937494,0.9978797447065314
61248,2,2,0,1.0,0.0,0.9994369824573774,0.9994369824573774,0.2857142857142857,0.2855534235592507,5.3921079839435126e-05,0.9997185062387033,0.0002815237813259519,0.9997185062387033
61250,1,1,0,1.0,0.0,0.9994751306817584,0.9994751306817584,0.16666666666666666,0.16657918844695974,0.0,0.999737548828125,0.0002624181463666584,0.999737548828125
61262,1,0,1,0.0,1.0,-0.979316676704629,-0.979316676704629,0.16666666666666666,-0.16321944611743816,0.0,0.010341641972365888,0.9896583186769948,0.9896583186769948
61323,2,2,0,1.0,0.0,0.9861372752164986,0.9861372752164986,0.2857142857142857,0.28175350720471387,0.019263296518948054,0.9930686241905362,0.006931348974037483,0.9930686241905362
61401,1,1,0,1.0,0.0,0.828393346200848,0.828393346200848,0.16666666666666666,0.13806555770014134,0.0,0.9141966595343282,0.08580331333348008,0.9141966595343282
61729,1,1,0,1.0,0.0,0.9997694686628306,0.9997694686628306,0.16666666666666666,0.16662824477713842,0.0,0.9998847374549279,0.00011526879209738511,0.9998847374549279
62081,3,2,1,0.6666666666666666,0.3333333333333333,0.27027949319164174,0.8118139202730643,0.375,0.10135480994686566,1.1036544008116789,0.6351397541101685,0.36486026091852675,0.9683202424341824
62113,1,0,1,0.0,1.0,-0.9993903813583236,-0.9993903813583236,0.16666666666666666,-0.1665650635597206,0.0,0.00030481202467795343,0.9996951933830015,0.9996951933830015
62203,4,3,1,0.75,0.25,0.48403992291465303,0.9676176198972746,0.4444444444444444,0.21512885462873466,0.987329714324277,0.7420199668871634,0.2579800439725105,0.9911619860041041
62293,2,2,0,1.0,0.0,0.7889531773763145,0.7889531773763145,0.2857142857142857,0.22541519353608985,0.26210389538752144,0.8944765846189177,0.10552340724260305,0.8944765846189177
62344,1,0,1,0.0,1.0,-0.23533168223288448,-0.23533168223288448,0.16666666666666666,-0.03922194703881408,0.0,0.3823341708760839,0.6176658531089684,0.6176658531089684
62374,1,1,0,1.0,0.0,0.9910373534186412,0.9910373534186412,0.16666666666666666,0.1651728922364402,0.0,0.9955186746888242,0.004481321270182981,0.9955186746888242
62376,1,1,0,1.0,0.0,0.9683796377093703,0.9683796377093703,0.16666666666666666,0.16139660628489505,0.0,0.9841897752549913,0.015810137545620953,0.9841897752549913
62394,1,0,1,0.0,1.0,-0.9960260333553437,-0.9960260333553437,0.16666666666666666,-0.16600433889255728,0.0,0.0019870015882676646,0.9980130349436114,0.9980130349436114
62437,2,2,0,1.0,0.0,0.9956359331334859,0.9956359331334859,0.2857142857142857,0.28446740946671023,0.0052795711507008,0.9978179640717738,0.0021820309382878772,0.9978179640717738
62511,1,1,0,1.0,0.0,0.8355300615184775,0.8355300615184775,0.16666666666666666,0.13925501025307957,0.0,0.9177650380357404,0.08223497651726286,0.9177650380357404
62733,1,0,1,0.0,1.0,-0.9440903940508443,-0.9440903940508443,0.16666666666666666,-0.15734839900847403,0.0,0.027954815280052923,0.9720452093308972,0.9720452093308972
62849,3,1,2,0.3333333333333333,0.6666666666666666,-0.30812568950893066,-0.9227046392582081,0.375,-0.115547133565849,1.1314043245386725,0.3459371440197665,0.6540628335286972,0.9865828802841016
62912,2,0,2,0.0,1.0,-0.9932326636565163,-0.9932326636565163,0.2857142857142857,-0.28378076104471894,0.0003711208655797234,0.0033836549548563813,0.9966163186113726,0.9966163186113726
62999,1,1,0,1.0,0.0,0.9995890123430978,0.9995890123430978,0.16666666666666666,0.16659816872384964,0.0,0.999794526533647,0.00020551419054920024,0.999794526533647
63062,1,1,0,1.0,0.0,0.9990131764566127,0.9990131764566127,0.16666666666666666,0.16650219607610212,0.0,0.9995065565726057,0.0004933801159929873,0.9995065565726057
63072,5,3,2,0.6,0.4,0.09520799921798884,0.35124492437491484,0.5,0.04760399960899442,0.9730785797711956,0.5476039940702726,0.45239599485228377,0.9196686830294905
63082,2,2,0,1.0,0.0,0.9965993780816393,0.9965993780816393,0.2857142857142857,0.28474267945189696,0.004183520358335644,0.998299706482995,0.0017003284013557426,0.998299706482995
63113,12,5,7,0.4166666666666667,0.5833333333333334,-0.15560245352441415,-0.8028416102891027,0.7058823529411765,-0.10983702601723352,0.9791063560473693,0.4221987786865686,0.5778012322109828,0.9720239187794185
63436,1,0,1,0.0,1.0,-0.9975808050181414,-0.9975808050181414,0.16666666666666666,-0.16626346750302357,0.0,0.0012096266488771182,0.9987904316670185,0.9987904316670185
63853,1,0,1,0.0,1.0,-0.8268877330009116,-0.8268877330009116,0.16666666666666666,-0.13781462216681858,0.0,0.08655616921335173,0.9134439022142633,0.9134439022142633
63859,3,2,1,0.6666666666666666,0.3333333333333333,0.332601471590851,0.9897247302745069,0.375,0.12472555184656914,1.1468278774725214,0.6663007238175362,0.33369925222668523,0.9968436408406981
63876,2,2,0,1.0,0.0,0.9781486394582581,0.9781486394582581,0.2857142857142857,0.2794710398452166,0.02317775543149413,0.9890743028365444,0.010925663378286245,0.9890743028365444
63992,1,0,1,0.0,1.0,-0.998680765538112,-0.998680765538112,0.16666666666666666,-0.166446794256352,0.0,0.0006595903764600339,0.999340355914572,0.999340355914572
64032,1,1,0,1.0,0.0,0.9993758507900768,0.9993758507900768,0.16666666666666666,0.16656264179834612,0.0,0.9996879428040748,0.00031209201399796927,0.9996879428040748
64034,1,1,0,1.0,0.0,0.9974809313012707,0.9974809313012707,0.16666666666666666,0.16624682188354512,0.0,0.9987404731012159,0.001259541799945216,0.9987404731012159
64197,2,2,0,1.0,0.0,0.5801552278233657,0.5801552278233657,0.2857142857142857,0.16575863652096162,0.578067330445928,0.7900776314716076,0.20992240364824188,0.7900776314716076
64285,1,1,0,1.0,0.0,0.2690714730156792,0.2690714730156792,0.16666666666666666,0.04484524550261319,0.0,0.6345357541684751,0.3654642811527959,0.6345357541684751
64497,2,0,2,0.0,1.0,-0.06408700638141915,-0.06408700638141915,0.2857142857142857,-0.01831057325183404,0.035361954613085826,0.4679564993831882,0.5320435057646073,0.5320435057646073
64575,2,2,0,1.0,0.0,0.9982035456495155,0.9982035456495155,0.2857142857142857,0.2852010130427187,0.001489269843946123,0.9991017452166131,0.0008981995670974395,0.9991017452166131
64614,3,3,0,1.0,0.0,0.9869671928010052,0.98406871654445,0.375,0.37011269730037694,0.008224816963970977,0.9934836170478528,0.006516424246847678,0.9934836170478528
64620,3,2,1,0.6666666666666666,0.3333333333333333,0.30088428163880226,0.8780407982903558,0.375,0.11283160561455086,1.1065439863448354,0.6504421621360316,0.34955788049722925,0.9754141683600009
64622,3,2,1,0.6666666666666666,0.3333333333333333,0.3332008410299331,0.996583353729787,0.375,0.1249503153862249,1.1516460099091583,0.6666004225650329,0.3333995815350998,0.9988018453337221
64716,1,1,0,1.0,0.0,0.9761952492145513,0.9761952492145513,0.16666666666666666,0.1626992082024252,0.0,0.9880976025524035,0.011902353337852247,0.9880976025524035
64839,3,3,0,1.0,0.0,0.9925739816046611,0.9922006096246946,0.375,0.3722152431017479,0.006653934439759395,0.9962869813531025,0.003712999748441472,0.9962869813531025
64957,3,2,1,0.6666666666666666,0.3333333333333333,0.332726497343682,0.687347157443571,0.375,0.12477243650388074,0.885199105244004,0.6663632568899654,0.3336367595462835,0.891296933921046
64983,2,1,1,0.5,0.5,0.007186734220069824,0.007186734220069824,0.2857142857142857,0.0020533526343056636,1.4017352538263876,0.5035933575441833,0.49640662332411356,0.9955882421385911
64993,1,1,0,1.0,0.0,0.9972486295184847,0.9972486295184847,0.16666666666666666,0.16620810491974744,0.0,0.9986243167165982,0.001375687198113587,0.9986243167165982
65088,2,2,0,1.0,0.0,0.9995193379150042,0.9995193379150042,0.2857142857142857,0.2855769536900012,0.0003226090794162395,0.9997596657764398,0.00024032786143548727,0.9997596657764398
65130,3,1,2,0.3333333333333333,0.6666666666666666,-0.027698749294162755,-0.09896070698657666,0.375,-0.010387030985311033,0.992925935266707,0.4861506314223869,0.5138493807165496,0.8468288445407728
65216,3,2,1,0.6666666666666666,0.3333333333333333,0.15992238230445469,0.5899196074654658,0.375,0.05997089336417051,1.0116757685123718,0.5799612109946365,0.4200388286901817,0.91186857733028
65261,1,1,0,1.0,0.0,0.9993266025558114,0.9993266025558114,0.16666666666666666,0.1665544337593019,0.0,0.9996633115022079,0.00033670894639647526,0.9996633115022079
65585,1,1,0,1.0,0.0,0.9855686886366024,0.9855686886366024,0.16666666666666666,0.16426144810610038,0.0,0.9927843670512355,0.007215678414633108,0.9927843670512355
65642,5,3,2,0.6,0.4,0.31826408699758535,0.8357796691605266,0.5,0.15913204349879267,0.878162776825235,0.6591320589201306,0.34086797192254525,0.9077829253758051
65682,2,2,0,1.0,0.0,0.9925630505169558,0.9925630505169558,0.2857142857142857,0.2835894430048445,0.008616079142111238,0.996281544466713,0.0037184939497571165,0.996281544466713
65802,1,1,0,1.0,0.0,0.9741719832086259,0.9741719832086259,0.16666666666666666,0.16236199720143762,0.0,0.9870860105866839,0.012914027378057979,0.9870860105866839
65982,1,1,0,1.0,0.0,0.9916193335451544,0.9916193335451544,0.16666666666666666,0.1652698889241924,0.0,0.9958097080495906,0.004190374504436146,0.9958097080495906
66097,3,3,0,1.0,0.0,0.9989041351964608,0.9991980494667533,0.375,0.3745890506986728,0.0010179556901065017,0.9994520524031875,0.0005479172067267018,0.9994520524031875
66171,1,1,0,1.0,0.0,0.9909447947497009,0.9909447947497009,0.16666666666666666,0.1651574657916168,0.0,0.995472405546455,0.004527610796754078,0.995472405546455
66509,4,2,2,0.5,0.5,0.02285320262196447,0.04673076005003052,0.4444444444444444,0.01015697894309532,1.124973749977035,0.5114266056185152,0.48857340299655067,0.9868232088576129
67193,2,0,2,0.0,1.0,-0.9994555690973571,-0.9994555690973571,0.2857142857142857,-0.2855587340278163,1.6937750344741528e-05,0.0002722142341008599,0.999727783331458,0.999727783331458
67197,4,3,1,0.75,0.25,0.49557887319144356,0.9892049297072174,0.4444444444444444,0.2202572769739749,0.9941192183258856,0.7477894324396079,0.2522105592481643,0.9966832770405709
67255,2,1,1,0.5,0.5,-0.010460897061540853,-0.010460897061540853,0.2857142857142857,-0.002988827731868815,1.3754464180642871,0.4947695447776034,0.5052304418391442,0.986293737994376
67267,1,1,0,1.0,0.0,0.9826023030608951,0.9826023030608951,0.16666666666666666,0.16376705051014917,0.0,0.9913011412255188,0.008698838164623688,0.9913011412255188
67695,1,0,1,0.0,1.0,-0.9886118419792341,-0.9886118419792341,0.16666666666666666,-0.16476864032987235,0.0,0.00569405892620916,0.9943059009054432,0.9943059009054432
67734,1,1,0,1.0,0.0,0.9922779429428004,0.9922779429428004,0.16666666666666666,0.16537965715713338,0.0,0.9961389541625977,0.003861011219797311,0.9961389541625977
67923,1,0,1,0.0,1.0,-0.5311145019531249,-0.5311145019531249,0.16666666666666666,-0.08851908365885415,0.0,0.2344427490234375,0.7655572509765625,0.7655572509765625
67997,2,0,2,0.0,1.0,-0.9560959996353787,-0.9560959996353787,0.2857142857142857,-0.2731702856101082,0.03916438497953537,0.02195198729025855,0.9780479869256373,0.9780479869256373
68135,3,3,0,1.0,0.0,0.9965640828346775,0.9961443816914278,0.375,0.37371153106300403,0.0018311539362327095,0.9982820411056581,0.001717958270980705,0.9982820411056581
68157,5,5,0,1.0,0.0,0.9957468213691547,0.9973641826825983,0.5,0.49787341068457736,0.004513343449043915,0.9978733982225092,0.0021265768533545886,0.9978733982225092
68159,3,2,1,0.6666666666666666,0.3333333333333333,0.33705356884365134,0.9996317415684461,0.375,0.12639508831636925,1.1477143728437935,0.6685267963545392,0.33147322751088776,0.9979310743083362
68237,6,6,0,1.0,0.0,0.8365899488982439,0.99509289100729,0.5454545454545454,0.456321790308133,0.3884395441380262,0.9182949788052976,0.08170502990705371,0.9182949788052976
68269,1,0,1,0.0,1.0,-0.997015154255288,-0.997015154255288,0.16666666666666666,-0.16616919237588132,0.0,0.001492390852598917,0.9985075451078869,0.9985075451078869
68319,6,2,4,0.3333333333333333,0.6666666666666666,-0.3369741950479462,-0.9963415719303392,0.5454545454545454,-0.1838041063897888,1.0235225461345516,0.33151290623509283,0.668487101283039,0.9966082054760675
68358,3,2,1,0.6666666666666666,0.3333333333333333,0.3372330969046815,0.9830223061958857,0.375,0.12646241133925556,1.1275823949527481,0.6686165461221588,0.33138344921747726,0.9902075403355952
68554,3,2,1,0.6666666666666666,0.3333333333333333,0.33323053520297036,0.9806503547678574,0.375,0.12496145070111389,1.1377722115254314,0.6666152763959414,0.3333847411929711,0.9934520523142337
68659,1,1,0,1.0,0.0,0.998363379236995,0.998363379236995,0.16666666666666666,0.16639389653949915,0.0,0.9991817085110412,0.0008183292740461778,0.9991817085110412
68791,9,6,3,0.6666666666666666,0.3333333333333333,0.1816407582725601,0.420873300084528,0.6428571428571429,0.11676905888950292,0.928232219361334,0.5908203691620019,0.4091796108894418,0.9231883240627516
68793,1,0,1,0.0,1.0,-0.8915948159354073,-0.8915948159354073,0.16666666666666666,-0.14859913598923455,0.0,0.05420256478445871,0.9457973807198661,0.9457973807198661
68952,2,2,0,1.0,0.0,0.9254944324523808,0.9254944324523808,0.2857142857142857,0.2644269807006802,0.10498070528832507,0.9627471960913956,0.03725276363901466,0.9627471960913956
68954,6,5,1,0.8333333333333334,0.16666666666666666,0.7385892992366734,0.9986067876598897,0.5454545454545454,0.4028668904927309,0.5993155037906807,0.8692946377984855,0.13070533856181202,0.9497862906539917
69122,1,0,1,0.0,1.0,-0.9984733265374208,-0.9984733265374208,0.16666666666666666,-0.16641222108957013,0.0,0.0007633462921502733,0.9992366728295711,0.9992366728295711
69134,2,0,2,0.0,1.0,-0.6535448221059945,-0.6535448221059945,0.2857142857142857,-0.18672709203028415,0.4759162324230052,0.17322761767949812,0.8267724397854928,0.8267724397854928
69275,2,0,2,0.0,1.0,-0.9660659749727184,-0.9660659749727184,0.2857142857142857,-0.2760188499922052,0.0473116439241333,0.01696702559533829,0.9830330005680568,0.9830330005680568
69278,2,2,0,1.0,0.0,0.9985564363098913,0.9985564363098913,0.2857142857142857,0.28530183894568323,0.0011610183861947743,0.9992782531246063,0.0007218168147148624,0.9992782531246063
69306,3,2,1,0.6666666666666666,0.3333333333333333,0.10122306274300663,0.2978757877939755,0.375,0.03795864852862749,1.009678540060029,0.5506115345091401,0.44938847176613345,0.8813832355580075
69406,3,3,0,1.0,0.0,0.9948626884963155,0.997658298978247,0.375,0.37307350818611834,0.006479549333239701,0.9974313362302695,0.002568647733953837,0.9974313362302695
69526,2,1,1,0.5,0.5,-0.16301872464762174,-0.16301872464762174,0.2857142857142857,-0.046576778470749064,1.1816810677332699,0.4184906255544795,0.5815093502021013,0.917787335975268
69604,1,1,0,1.0,0.0,0.9996929720218759,0.9996929720218759,0.16666666666666666,0.1666154953369793,0.0,0.9998464584350586,0.00015348641318269074,0.9998464584350586
69640,1,1,0,1.0,0.0,0.992816133485284,0.992816133485284,0.16666666666666666,0.16546935558088066,0.0,0.9964080455691315,0.0035919120838475782,0.9964080455691315
69644,2,2,0,1.0,0.0,0.9965952996637906,0.9965952996637906,0.2857142857142857,0.28474151418965443,0.0038543372456626766,0.9982976662194584,0.0017023665556677664,0.9982976662194584
69757,3,2,1,0.6666666666666666,0.3333333333333333,0.38212315740101715,0.9616769072082307,0.375,0.14329618402538144,1.036978149762917,0.6910615760312641,0.3089384186302469,0.9627529465232937
69844,5,5,0,1.0,0.0,0.9289904201010287,0.996179627294236,0.5,0.46449521005051436,0.1492854432018325,0.9644952156135531,0.035504795512524445,0.9644952156135531
69951,1,1,0,1.0,0.0,0.9983096774033948,0.9983096774033948,0.16666666666666666,0.16638494623389913,0.0,0.9991548499282525,0.0008451725248576833,0.9991548499282525
70159,4,3,1,0.75,0.25,0.31586074330665376,0.6299537243340474,0.4444444444444444,0.14038255258073498,0.9409008781421974,0.6579303729166337,0.3420696296099799,0.9069388569997768
70183,2,2,0,1.0,0.0,0.9836442578520814,0.9836442578520814,0.2857142857142857,0.2810412165291661,0.022095816702503098,0.9918221188130352,0.008177860960953652,0.9918221188130352
70286,5,5,0,1.0,0.0,0.954645086148002,0.9926445484161377,0.5,0.477322543074001,0.06880728507656662,0.9773225501856991,0.02267746403769718,0.9773225501856991
70305,1,0,1,0.0,1.0,-0.10197334858908585,-0.10197334858908585,0.16666666666666666,-0.016995558098180975,0.0,0.4490133826412372,0.550986731230323,0.550986731230323
70336,3,0,3,0.0,1.0,-0.9984915786574944,-0.998228159672189,0.375,-0.3744343419965604,0.0008031630178902156,0.0007541985099019129,0.9992457771673964,0.9992457771673964
70599,1,1,0,1.0,0.0,0.9979176999263043,0.9979176999263043,0.16666666666666666,0.16631961665438405,0.0,0.9989588323629127,0.0010411324366083686,0.9989588323629127
71033,3,2,1,0.6666666666666666,0.3333333333333333,0.33456774654668714,0.9946558804579184,0.375,0.12546290495500767,1.1470453021512124,0.6672838632923165,0.3327161167456293,0.9972584426986897
71057,1,1,0,1.0,0.0,0.9913987720797875,0.9913987720797875,0.16666666666666666,0.1652331286799646,0.0,0.9956993971042291,0.004300625024441474,0.9956993971042291
71106,1,0,1,0.0,1.0,-0.9992854944527982,-0.9992854944527982,0.16666666666666666,-0.1665475824087997,0.0,0.0003572578144657028,0.999642752267264,0.999642752267264
71108,1,1,0,1.0,0.0,0.9566245039304098,0.9566245039304098,0.16666666666666666,0.15943741732173494,0.0,0.978312259250217,0.021687755319807264,0.978312259250217
71135,2,1,1,0.5,0.5,0.4384102573631234,0.4384102573631234,0.2857142857142857,0.12526007353232096,0.7672527255318388,0.7192051095288227,0.28079485216569927,0.771264783400973
71156,1,1,0,1.0,0.0,0.9558845978516798,0.9558845978516798,0.16666666666666666,0.15931409964194662,0.0,0.9779423053448016,0.022057707493121807,0.9779423053448016
71205,2,1,1,0.5,0.5,0.003720281994731789,0.003720281994731789,0.2857142857142857,0.001062937712780511,1.4082048938439422,0.5018601476052356,0.4981398656105038,0.9978756214764366
71252,7,4,3,0.5714285714285714,0.42857142857142855,0.13799485822967322,0.98608204908669,0.5833333333333334,0.08049700063397605,1.0621929741299905,0.5689974340356981,0.4310025758060249,0.9965117547554488
71254,2,1,1,0.5,0.5,-0.019132229495475328,-0.019132229495475328,0.2857142857142857,-0.005466351284421522,1.3864084723009111,0.49043388702903334,0.5095661165245087,0.990169417905999
71264,1,0,1,0.0,1.0,-0.9732134821368198,-0.9732134821368198,0.16666666666666666,-0.16220224702280328,0.0,0.01339326535954195,0.9866067474963618,0.9866067474963618
71379,3,1,2,0.3333333333333333,0.6666666666666666,-0.4297963398588674,-0.9886632626471312,0.375,-0.16117362744707528,0.9763089911281143,0.28510181291449405,0.7148981527733614,0.9474096731591036
71450,1,1,0,1.0,0.0,0.9804495977905561,0.9804495977905561,0.16666666666666666,0.163408266298426,0.0,0.9902247782773191,0.009775180486763048,0.9902247782773191
71462,2,1,1,0.5,0.5,0.2351500815931845,0.2351500815931845,0.2857142857142857,0.06718573759805271,0.8837849149131801,0.6175750407965923,0.38242495920340774,0.8124651532227427
71500,3,3,0,1.0,0.0,0.9694235483239774,0.9905635041409526,0.375,0.3635338306214915,0.04471737721303852,0.9847117927923796,0.015288244468402296,0.9847117927923796
71518,4,4,0,1.0,0.0,0.8283527018164859,0.9665966369202212,0.4444444444444444,0.3681567563628826,0.29997544501251877,0.91417632860188,0.08582362678539418,0.91417632860188
71530,2,2,0,1.0,0.0,0.897688358072633,0.897688358072633,0.2857142857142857,0.2564823880207523,0.036874257703316766,0.9488441609487821,0.05115580287614904,0.9488441609487821
71535,4,4,0,1.0,0.0,0.9916772563864672,0.9920670730342236,0.4444444444444444,0.4407454472828743,0.007905899443828147,0.9958386286451847,0.004161372258717496,0.9958386286451847
71579,1,1,0,1.0,0.0,0.9443438330033261,0.9443438330033261,0.16666666666666666,0.15739063883388768,0.0,0.9721719161012119,0.027828083097885706,0.9721719161012119
71668,1,0,1,0.0,1.0,-0.9913602125000309,-0.9913602125000309,0.16666666666666666,-0.16522670208333848,0.0,0.004319900596464002,0.995680113096495,0.995680113096495
71745,1,0,1,0.0,1.0,-0.39882150624918966,-0.39882150624918966,0.16666666666666666,-0.0664702510415316,0.0,0.30058925953203997,0.6994107657812296,0.6994107657812296
71838,2,2,0,1.0,0.0,0.9553316940274277,0.9553316940274277,0.2857142857142857,0.27295191257926504,0.006842607404514961,0.9776658609839273,0.02233416695649955,0.9776658609839273
72011,3,3,0,1.0,0.0,0.5884423643999359,0.5234561063805405,0.375,0.22066588664997597,0.3813866288079565,0.7942211700923859,0.20577880569245,0.7942211700923859
72129,1,1,0,1.0,0.0,0.9642169283969062,0.9642169283969062,0.16666666666666666,0.16070282139948436,0.0,0.9821084567478725,0.01789152835096632,0.9821084567478725
72171,1,1,0,1.0,0.0,0.999738878906808,0.999738878906808,0.16666666666666666,0.166623146484468,0.0,0.9998694525824653,0.00013057367565731207,0.9998694525824653
72226,5,5,0,1.0,0.0,0.9991161176852795,0.9996167865088758,0.5,0.49955805884263976,0.0008331043662576231,0.9995580678952285,0.0004419502099490084,0.9995580678952285
72294,3,2,1,0.6666666666666666,0.3333333333333333,0.548216414123,0.9984601452133872,0.375,0.20558115529612503,0.7801354393328267,0.7741081961124806,0.22589178198948065,0.8916436550721949
72378,2,2,0,1.0,0.0,0.9966155748526875,0.9966155748526875,0.2857142857142857,0.28474730710076784,0.002448834255512807,0.9983077633960555,0.0016921885433679657,0.9983077633960555
72380,1,0,1,0.0,1.0,-0.9707775913979396,-0.9707775913979396,0.16666666666666666,-0.16179626523298993,0.0,0.014611235334853496,0.9853888267327932,0.9853888267327932
72393,1,0,1,0.0,1.0,-0.9749406683552373,-0.9749406683552373,0.16666666666666666,-0.16249011139253955,0.0,0.012529666359360153,0.9874703347145974,0.9874703347145974
72395,2,1,1,0.5,0.5,0.0019207655622058284,0.0019207655622058284,0.2857142857142857,0.0005487901606302366,1.3976935683693166,0.5009603850221199,0.4990396194599141,0.9941593023484006
72407,1,0,1,0.0,1.0,-0.9825551107705357,-0.9825551107705357,0.16666666666666666,-0.1637591851284226,0.0,0.008722469031092632,0.9912775798016283,0.9912775798016283
72489,1,1,0,1.0,0.0,0.9958719714482624,0.9958719714482624,0.16666666666666666,0.16597866190804372,0.0,0.9979359944661458,0.0020640230178833006,0.9979359944661458
72605,2,0,2,0.0,1.0,-0.6617193447645776,-0.6617193447645776,0.2857142857142857,-0.18906266993273646,0.47716829670869226,0.1691403234458488,0.8308596682104264,0.8308596682104264
72641,2,2,0,1.0,0.0,0.9965846954206345,0.9965846954206345,0.2857142857142857,0.28473848440589555,0.0044931096472689514,0.9982923693174648,0.0017076738968302462,0.9982923693174648
72701,1,1,0,1.0,0.0,0.9988281813921867,0.9988281813921867,0.16666666666666666,0.16647136356536443,0.0,0.9994141219498275,0.0005859405576408683,0.9994141219498275
72720,2,2,0,1.0,0.0,0.9982109919773996,0.9982109919773996,0.2857142857142857,0.2852031405649713,0.0021915380207501007,0.9991054720894099,0.0008944801120102639,0.9991054720894099
72731,4,3,1,0.75,0.25,0.47806875010538963,0.956055745876863,0.4444444444444444,0.21247500004683983,0.9858158439501457,0.7390343745418588,0.26096562443646926,0.9889043566883837
72733,2,1,1,0.5,0.5,0.013220909021490757,0.013220909021490757,0.2857142857142857,0.0037774025775687875,1.394403823547561,0.5066104716703761,0.4933895626488854,0.9929962168310961
72737,4,3,1,0.75,0.25,0.5572539320860084,0.9800589129395438,0.4444444444444444,0.24766841426044817,0.8579019447120834,0.778626967424219,0.22137303533821062,0.9610038455821249
72998,5,4,1,0.8,0.2,0.6254177378202493,0.9997229919730065,0.5,0.31270886891012467,0.760826503980234,0.812708865587797,0.18729112776754744,0.9589539005053866
73017,3,3,0,1.0,0.0,0.9514729805633619,0.9937331025869074,0.375,0.3568023677112607,0.07714615808157133,0.9757365083055821,0.02426352774222025,0.9757365083055821
73211,1,1,0,1.0,0.0,0.9939155124127865,0.9939155124127865,0.16666666666666666,0.16565258540213107,0.0,0.9969577789306641,0.0030422665178775786,0.9969577789306641
73268,2,1,1,0.5,0.5,0.009000504205855187,0.009000504205855187,0.2857142857142857,0.0025715726302443388,1.400036771599915,0.5045002382422423,0.4954997340363872,0.9949877336937255
73290,3,3,0,1.0,0.0,0.7426046609491715,0.9344297498464584,0.375,0.27847674785593934,0.389767052937986,0.8713023467308418,0.12869768578167015,0.8713023467308418
73321,3,2,1,0.6666666666666666,0.3333333333333333,0.3675373500592696,0.9959006120499292,0.375,0.1378265062722261,1.0912791935672743,0.6837686648925354,0.3162313148332659,0.9812892708261227
73323,1,1,0,1.0,0.0,0.16849329700208693,0.16849329700208693,0.16666666666666666,0.028082216167014486,0.0,0.5842466485010435,0.41575335149895654,0.5842466485010435
73344,2,2,0,1.0,0.0,0.9821600893441486,0.9821600893441486,0.2857142857142857,0.28061716838404244,0.024885887775373774,0.9910800628953106,0.008919973551162004,0.9910800628953106
73854,2,1,1,0.5,0.5,0.15726653993793105,0.15726653993793105,0.2857142857142857,0.04493329712512315,1.1770665763664332,0.578633266542016,0.421366726604085,0.9161558756014196
73881,2,2,0,1.0,0.0,0.9996650983102511,0.9996650983102511,0.2857142857142857,0.2856185995172146,3.767700076247559e-05,0.9998325371012395,0.00016743879098853818,0.9998325371012395
73929,2,2,0,1.0,0.0,0.9510793172835654,0.9510793172835654,0.2857142857142857,0.2717369477953044,0.06812226403066665,0.9755396403963603,0.02446032311279504,0.9755396403963603
74156,1,0,1,0.0,1.0,-0.9866064806638317,-0.9866064806638317,0.16666666666666666,-0.16443441344397194,0.0,0.006696750649887337,0.993303231313719,0.993303231313719
74228,5,2,3,0.4,0.6,-0.053241371403108584,-0.26218680987604487,0.5,-0.026620685701554292,1.0022595908674194,0.4733793018701533,0.5266206732732619,0.9243881494850523
74416,1,0,1,0.0,1.0,-0.26934826190655053,-0.26934826190655053,0.16666666666666666,-0.04489137698442509,0.0,0.3653258573091947,0.6346741192157452,0.6346741192157452
74452,1,1,0,1.0,0.0,0.9861825506259009,0.9861825506259009,0.16666666666666666,0.16436375843765014,0.0,0.9930912782638569,0.006908727637956063,0.9930912782638569
74458,11,9,2,0.8181818181818182,0.18181818181818182,0.6962182846806753,0.9975949005037547,0.6875,0.4786500707179642,0.619685802661398,0.8481091460704778,0.1518908613898025,0.932338495816397
74510,1,1,0,1.0,0.0,0.9978762399405241,0.9978762399405241,0.16666666666666666,0.16631270665675402,0.0,0.9989381517682757,0.0010619118277515685,0.9989381517682757
74530,1,0,1,0.0,1.0,-0.9381184332511003,-0.9381184332511003,0.16666666666666666,-0.1563530722085167,0.0,0.030940781621372,0.9690592148724724,0.9690592148724724
74545,2,2,0,1.0,0.0,0.9849993174037686,0.9849993174037686,0.2857142857142857,0.2814283764010767,0.01918023342865781,0.9924996562559911,0.007500338852222712,0.9924996562559911
74553,1,1,0,1.0,0.0,0.9996854985581228,0.9996854985581228,0.16666666666666666,0.16661424975968714,0.0,0.9998427497016059,0.00015725114348310012,0.9998427497016059
74685,5,5,0,1.0,0.0,0.9730335945416438,0.9913094524632801,0.5,0.4865167972708219,0.03257792231395236,0.9865167891273291,0.013483194585685246,0.9865167891273291
74688,1,0,1,0.0,1.0,-0.9989653466683295,-0.9989653466683295,0.16666666666666666,-0.16649422444472156,0.0,0.0005173379969265726,0.999482684665256,0.999482684665256
74754,6,1,5,0.16666666666666666,0.8333333333333334,-0.5445387771199365,-0.8238643170978228,0.5454545454545454,-0.297021151156329,0.7672926104862487,0.22773061341573686,0.7722693905356733,0.9386875590601229
74789,3,2,1,0.6666666666666666,0.3333333333333333,0.4009964188229361,0.9992363690196172,0.375,0.15037365705860103,1.0366230695126364,0.7004981980681105,0.29950177924517457,0.9658291185767715
74795,3,1,2,0.3333333333333333,0.6666666666666666,-0.3318580410200714,-0.9964603425314028,0.375,-0.12444676538252678,1.1531462109286306,0.3340709743089974,0.6659290153290688,0.9991556247075399
74851,2,1,1,0.5,0.5,0.0009936900917164038,0.0009936900917164038,0.2857142857142857,0.00028391145477611534,1.4112891409396966,0.5004968396272541,0.4995031495355377,0.9989660554680942
74946,3,2,1,0.6666666666666666,0.3333333333333333,0.5903094496350693,0.9968679383831117,0.375,0.221366043613151,0.7051618368597289,0.7951547264240325,0.2048452767889631,0.8698017397703866
74948,1,0,1,0.0,1.0,-0.9803695874427681,-0.9803695874427681,0.16666666666666666,-0.16339493124046134,0.0,0.009815139556998637,0.9901847269997668,0.9901847269997668
75341,2,1,1,0.5,0.5,0.004446952658261782,0.004446952658261782,0.2857142857142857,0.0012705579023605093,1.399396235645442,0.5022234777947151,0.4977765251364533,0.9947612853614941
75805,3,2,1,0.6666666666666666,0.3333333333333333,0.33312281119961534,0.9860080223191867,0.375,0.12492105419985575,1.1407731571533812,0.6665614090776452,0.3334385978780297,0.9945987217458759
76077,1,0,1,0.0,1.0,-0.4166731649999461,-0.4166731649999461,0.16666666666666666,-0.06944552749999101,0.0,0.2916634280378647,0.7083365930378108,0.7083365930378108
76091,1,1,0,1.0,0.0,0.9947869945870768,0.9947869945870768,0.16666666666666666,0.16579783243117946,0.0,0.9973934664584623,0.00260647187138548,0.9973934664584623
76093,6,6,0,1.0,0.0,0.9980467120664972,0.9981818028728885,0.5454545454545454,0.5443891156726348,0.0017701459917300224,0.9990233569468095,0.0009766448803124183,0.9990233569468095
76175,2,2,0,1.0,0.0,0.9820105277939202,0.9820105277939202,0.2857142857142857,0.2805744365125486,0.015931888158822932,0.9910052404420601,0.008994712648139924,0.9910052404420601
76251,4,2,2,0.5,0.5,0.2197970272810042,0.41355257793746386,0.4444444444444444,0.0976875676804463,0.954357599157877,0.6098985080601131,0.390101480779109,0.889858773253519
76293,3,3,0,1.0,0.0,0.9819063659621206,0.9950059846135005,0.375,0.3682148872357952,0.023146961970796822,0.9909531763614,0.0090468103992795,0.9909531763614
77307,3,2,1,0.6666666666666666,0.3333333333333333,0.3486023620087863,0.9574034658079668,0.375,0.13072588575329486,1.0879745579494466,0.674301180205624,0.3256988181968377,0.9767964895192679
77364,3,1,2,0.3333333333333333,0.6666666666666666,-0.3327867814492879,-0.9988231453575006,0.375,-0.12479504304348296,1.1539951323573772,0.33360660936573444,0.6663933908150225,0.9996373889102776
77561,11,3,8,0.2727272727272727,0.7272727272727273,-0.35237782500006926,-0.9399258511407034,0.6875,-0.24225975468754762,0.8809910552534091,0.3238110770174673,0.6761889020175366,0.9365839688382219
77798,5,3,2,0.6,0.4,0.17252229941705696,0.7747342870098904,0.5,0.08626114970852848,1.032662048976816,0.5862611484797954,0.41373884906273845,0.9678119618809996
77800,2,2,0,1.0,0.0,0.9948169099673881,0.9948169099673881,0.2857142857142857,0.28423340284782517,0.007008405547252745,0.9974084297815959,0.002591519814207762,0.9974084297815959
77846,1,1,0,1.0,0.0,0.9946897880948005,0.9946897880948005,0.16666666666666666,0.1657816313491334,0.0,0.9973448947887515,0.0026551066939510515,0.9973448947887515
77866,2,0,2,0.0,1.0,-0.9632258462775194,-0.9632258462775194,0.2857142857142857,-0.2752073846507198,0.04372998175657174,0.01838707148367907,0.9816129177611985,0.9816129177611985
78039,3,2,1,0.6666666666666666,0.3333333333333333,0.06367452866877989,0.28486845228407115,0.375,0.02387794825079246,0.9598474099501868,0.5318372772302743,0.4681627485614945,0.8609908004953176
78041,2,2,0,1.0,0.0,0.9997017638452235,0.9997017638452235,0.2857142857142857,0.28562907538434956,3.1366793897712975e-05,0.999850869178772,0.00014910533354850486,0.999850869178772
78088,4,2,2,0.5,0.5,0.01789292923567032,0.03283464426260729,0.4444444444444444,0.007952412993631253,1.1268677442216632,0.508946471900512,0.4910535426648417,0.9878025546654676
78105,4,3,1,0.75,0.25,0.5247244827764896,0.9971006104618816,0.4444444444444444,0.2332108812339954,0.9464557111066118,0.7623622311767316,0.237637748400242,0.9861009435200343
78174,1,0,1,0.0,1.0,-0.9633241263441384,-0.9633241263441384,0.16666666666666666,-0.1605540210573564,0.0,0.018337929210723778,0.9816620555548622,0.9816620555548622
78209,2,0,2,0.0,1.0,-0.9925570669396346,-0.9925570669396346,0.2857142857142857,-0.28358773341132415,0.004314415651543696,0.0037214653191221503,0.9962785322587568,0.9962785322587568
78218,2,1,1,0.5,0.5,0.1578766865137352,0.1578766865137352,0.2857142857142857,0.04510762471821006,1.1895062452347809,0.5789383148827483,0.42106162836901306,0.9205539377605116
78266,3,0,3,0.0,1.0,-0.9715574961368433,-0.9755425359854919,0.375,-0.3643340610513162,0.02944664652058134,0.01422124599493981,0.9857787421317831,0.9857787421317831
78349,4,4,0,1.0,0.0,0.9806781068117554,0.9953928637570371,0.4444444444444444,0.43585693636078016,0.03242976072111847,0.9903390601222106,0.009660953310455201,0.9903390601222106
78469,3,1,2,0.3333333333333333,0.6666666666666666,-0.3324521088406252,-0.9973006889025371,0.375,-0.12466954081523446,1.1516145412905945,0.3337739419139499,0.6662260507545751,0.9986653245310051
78499,7,6,1,0.8571428571428571,0.14285714285714285,0.7064488487217604,0.9991692241281271,0.5833333333333334,0.41209516175436023,0.7506156897891902,0.8532244260523221,0.14677557733056165,0.9953844016654887
78574,2,2,0,1.0,0.0,0.9933624481396834,0.9933624481396834,0.2857142857142857,0.28381784232562385,0.009037513839854756,0.9966812138066588,0.0033187656669754657,0.9966812138066588
78637,2,2,0,1.0,0.0,0.9403591757113641,0.9403591757113641,0.2857142857142857,0.26867405020324686,0.06459546771816164,0.9701795701856737,0.02982039447430964,0.9701795701856737
78772,1,0,1,0.0,1.0,-0.9706970997925461,-0.9706970997925461,0.16666666666666666,-0.16178284996542436,0.0,0.014651437257898265,0.9853485370504445,0.9853485370504445
78836,1,1,0,1.0,0.0,0.9975508262916487,0.9975508262916487,0.16666666666666666,0.1662584710486081,0.0,0.9987754043267698,0.0012245780351210613,0.9987754043267698
78893,1,1,0,1.0,0.0,0.9993971982745059,0.9993971982745059,0.16666666666666666,0.16656619971241765,0.0,0.9996986389160156,0.00030144064150976413,0.9996986389160156
79057,3,1,2,0.3333333333333333,0.6666666666666666,-0.020510180614142188,-0.06468367701425609,0.375,-0.007691317730303321,0.9985285616600741,0.48974490103711393,0.5102550816512561,0.8433790967121864
79091,2,2,0,1.0,0.0,0.9625599312989419,0.9625599312989419,0.2857142857142857,0.2750171232282691,0.052513653579197524,0.9812799719476666,0.018720040648724682,0.9812799719476666
79132,8,8,0,1.0,0.0,0.9855607254637044,0.9968217020700803,0.6153846153846154,0.6064989079776643,0.019115588658113043,0.9927803621685192,0.007219636704814663,0.9927803621685192
79134,1,1,0,1.0,0.0,0.9997182802233675,0.9997182802233675,0.16666666666666666,0.16661971337056125,0.0,0.9998591162941672,0.00014083607079969212,0.9998591162941672
79139,3,2,1,0.6666666666666666,0.3333333333333333,0.3326829593229221,0.996123603441649,0.375,0.12475610974609577,1.1516751850145008,0.6663414828927702,0.33365852356984815,0.9987267830843866
79185,3,1,2,0.3333333333333333,0.6666666666666666,-0.2314186562833622,-0.6763233516527258,0.375,-0.08678199610626082,1.0625233826429947,0.38429067420021634,0.6157093304835786,0.9427880284128242
79224,3,1,2,0.3333333333333333,0.6666666666666666,-0.3331177087082066,-0.9991323032882065,0.375,-0.12491914076557747,1.1539817667712318,0.33344114713855116,0.6665588558467578,0.9996873993609517
79242,1,1,0,1.0,0.0,0.9961686129467271,0.9961686129467271,0.16666666666666666,0.16602810215778785,0.0,0.998084307779706,0.00191569483297895,0.998084307779706
79293,3,2,1,0.6666666666666666,0.3333333333333333,0.3479148412350253,0.959137780034644,0.375,0.1304680654631345,1.093641704815178,0.6739573998059187,0.3260425585708934,0.9788576809125971
79357,3,1,2,0.3333333333333333,0.6666666666666666,-0.3297702615089749,-0.9910158918184392,0.375,-0.1236638480658656,1.1494437276000444,0.33511487627261544,0.6648851377815903,0.9973818622661775
79695,2,1,1,0.5,0.5,-0.0006708412852606815,-0.0006708412852606815,0.2857142857142857,-0.000191668938645909,1.4099842145139423,0.4996646030542495,0.5003354443395102,0.998504723421278
79702,4,3,1,0.75,0.25,0.5623382121269825,0.9937271782179632,0.4444444444444444,0.2499280942786589,0.8666754615764877,0.7811691191830996,0.218830907056117,0.9655846113275975
79720,3,3,0,1.0,0.0,0.9949106042939921,0.9928893052925498,0.375,0.37309147661024705,0.004217909511571768,0.997455310394893,0.0025447061009008756,0.997455310394893
79879,5,1,4,0.2,0.8,-0.5593573266906986,-0.908686970178534,0.5,-0.2796786633453493,0.870257161285302,0.22032133473325785,0.7796786614239564,0.9787993462755438
80166,1,1,0,1.0,0.0,0.9881167720730711,0.9881167720730711,0.16666666666666666,0.1646861286788452,0.0,0.9940583764052973,0.005941604332226079,0.9940583764052973
80363,4,2,2,0.5,0.5,-0.0036868194496314233,-0.0007423566917169055,0.4444444444444444,-0.0016385864220584102,1.133542551174607,0.49815660935137207,0.5018434288010035,0.990803291168402
80463,4,4,0,1.0,0.0,0.9849655577898243,0.9928005553253576,0.4444444444444444,0.43776247012881075,0.020437914442548326,0.9924827779059796,0.007517220116155309,0.9924827779059796
80489,4,4,0,1.0,0.0,0.9915249867138919,0.9922640172239068,0.4444444444444444,0.4406777718728408,0.009386931125177612,0.9957624916625178,0.004237504948626021,0.9957624916625178
80549,4,4,0,1.0,0.0,0.9869485278060257,0.9924185678570426,0.4444444444444444,0.4386437901360114,0.01702618797614097,0.993474268122394,0.0065257403163682766,0.993474268122394
80551,1,0,1,0.0,1.0,-0.9990756781865852,-0.9990756781865852,0.16666666666666666,-0.16651261303109752,0.0,0.0004621654598399846,0.9995378436464252,0.9995378436464252
80586,1,1,0,1.0,0.0,0.9996415737651936,0.9996415737651936,0.16666666666666666,0.1666069289608656,0.0,0.999820792156717,0.00017921839152341303,0.999820792156717
80590,3,1,2,0.3333333333333333,0.6666666666666666,-0.26511974647525055,-0.7981989032725998,0.375,-0.09941990492821895,1.0993295477083398,0.36744011761780243,0.632559864093053,0.9655981582531706
80615,1,1,0,1.0,0.0,0.8404014656941096,0.8404014656941096,0.16666666666666666,0.14006691094901824,0.0,0.9202007452646891,0.07979927957057953,0.9202007452646891
80831,2,0,2,0.0,1.0,-0.9026057302445463,-0.9026057302445463,0.2857142857142857,-0.2578873514984418,0.11497197297801871,0.04869712393694711,0.9513028541814934,0.9513028541814934
80906,1,1,0,1.0,0.0,0.9927870081021236,0.9927870081021236,0.16666666666666666,0.16546450135035393,0.0,0.9963934971736028,0.0036064890714792106,0.9963934971736028
80917,3,2,1,0.6666666666666666,0.3333333333333333,0.1527631342186235,0.5073557186536012,0.375,0.05728617533198381,1.003544475264423,0.5763815514984607,0.4236184172798372,0.9030277566491806
81229,3,3,0,1.0,0.0,0.9953742219282801,0.9973317101273848,0.375,0.373265333223105,0.0049598127888740426,0.9976870975324993,0.002312875604219151,0.9976870975324993
81417,3,0,3,0.0,1.0,-0.9569980568421049,-0.99575759243706,0.375,-0.35887427131578936,0.06985650893380523,0.02150096238103502,0.9784990192231401,0.9784990192231401
81537,3,0,3,0.0,1.0,-0.9771283591442564,-0.9934928606603747,0.375,-0.36642313467909615,0.03316123679743238,0.011435820916229177,0.9885641800604855,0.9885641800604855
81562,6,2,4,0.3333333333333333,0.6666666666666666,-0.31947561435736016,-0.3261971482764941,0.5454545454545454,-0.17425942601310554,0.6062152614105827,0.3402622094602794,0.6597378238176396,0.7758447257566075
81564,1,1,0,1.0,0.0,0.9994365440215915,0.9994365440215915,0.16666666666666666,0.16657275733693191,0.0,0.9997182846069336,0.0002817405853420496,0.9997182846069336
81591,1,1,0,1.0,0.0,0.9996373271824767,0.9996373271824767,0.16666666666666666,0.16660622119707943,0.0,0.9998186712395655,0.0001813440570888454,0.9998186712395655
81782,2,2,0,1.0,0.0,0.9942111200559247,0.9942111200559247,0.2857142857142857,0.2840603200159785,0.00708996405215576,0.9971055864019815,0.0028944663460568746,0.9971055864019815
81788,2,1,1,0.5,0.5,-0.008825774558940902,-0.008825774558940902,0.2857142857142857,-0.0025216498739831146,1.39673056316643,0.4955870971236658,0.5044128716826067,0.9938188107558803
81819,1,1,0,1.0,0.0,0.9932428058379569,0.9932428058379569,0.16666666666666666,0.16554046763965946,0.0,0.9966214223839771,0.003378616546020197,0.9966214223839771
81834,3,3,0,1.0,0.0,0.9981869394554842,0.9979726427507193,0.375,0.3743201022958066,0.0011263044104619594,0.9990934721908813,0.0009065327353970582,0.9990934721908813
81845,3,3,0,1.0,0.0,0.9877035997491278,0.989452575378712,0.375,0.3703888499059229,0.013024280795261139,0.9938517875191066,0.006148187769978789,0.9938517875191066
81847,4,4,0,1.0,0.0,0.9994638322763847,0.99940988190159,0.4444444444444444,0.44420614767839317,0.000206030033603721,0.9997319093738072,0.0002680770974225357,0.9997319093738072
81932,2,2,0,1.0,0.0,0.9985866453604382,0.9985866453604382,0.2857142857142857,0.2853104701029823,0.0014146903547106982,0.9992933169706368,0.0007066716101986391,0.9992933169706368
82095,3,1,2,0.3333333333333333,0.6666666666666666,-0.3175711669091139,-0.9522195021311443,0.375,-0.11908918759091772,1.1399616906315648,0.3412144400038528,0.6587856069129668,0.9916077936683522
82167,1,1,0,1.0,0.0,0.9960611453912791,0.9960611453912791,0.16666666666666666,0.16601019089854652,0.0,0.9980305792058556,0.0019694338145765287,0.9980305792058556
82169,5,2,3,0.4,0.6,-0.11983560917746731,-0.43651729293544167,0.5,-0.05991780458873366,0.9733870424053335,0.440082202803726,0.5599178119811933,0.9258246455760479
82202,1,1,0,1.0,0.0,0.9996719143198182,0.9996719143198182,0.16666666666666666,0.16661198571996969,0.0,0.9998359680175781,0.00016405369775990646,0.9998359680175781
82459,4,3,1,0.75,0.25,0.4543245386572537,0.903776957077884,0.4444444444444444,0.20192201718100164,0.9664293011542624,0.727162262611877,0.2728377239546233,0.9744496270815111
82461,5,4,1,0.8,0.2,0.533002683438843,0.9857428453716577,0.5,0.2665013417194215,0.8270578846395488,0.7665013431730612,0.23349865973421818,0.949327068687381
82667,1,0,1,0.0,1.0,-0.14848097934517807,-0.14848097934517807,0.16666666666666666,-0.02474682989086301,0.0,0.42575951032741094,0.574240489672589,0.574240489672589
83132,1,1,0,1.0,0.0,0.9997704202057017,0.9997704202057017,0.16666666666666666,0.16662840336761695,0.0,0.9998852411905924,0.00011482098489068449,0.9998852411905924
83134,3,3,0,1.0,0.0,0.8770789513159726,0.9469714482010294,0.375,0.3289046067434897,0.16864096972042927,0.9385394755615165,0.06146052424554411,0.9385394755615165
83349,3,0,3,0.0,1.0,-0.7829328743156566,-0.9981366777677595,0.375,-0.29359982786837124,0.3738088420510935,0.1085335934913526,0.8914664678070093,0.8914664678070093
83369,2,1,1,0.5,0.5,-0.06931952845855427,-0.06931952845855427,0.2857142857142857,-0.019805579559586933,1.3075052050814038,0.4653402427333175,0.5346597711918717,0.9622729054374787
83480,3,1,2,0.3333333333333333,0.6666666666666666,-0.27968869932964346,-0.8344745635986328,0.375,-0.1048832622486163,1.1016001790715215,0.3601556563417576,0.6398443556714011,0.9695135678310575
83613,4,0,4,0.0,1.0,-0.742925314862605,-0.8038556171547242,0.4444444444444444,-0.33018902882782447,0.3064365572195077,0.12853734452029136,0.8714626593828964,0.8714626593828964
84152,1,1,0,1.0,0.0,0.9902499933166807,0.9902499933166807,0.16666666666666666,0.1650416655527801,0.0,0.995124968874502,0.004874975557821205,0.995124968874502
84374,1,1,0,1.0,0.0,0.9941158663366259,0.9941158663366259,0.16666666666666666,0.16568597772277097,0.0,0.997057937674506,0.002942071337880138,0.997057937674506
84392,1,1,0,1.0,0.0,0.9996839318967735,0.9996839318967735,0.16666666666666666,0.16661398864946225,0.0,0.9998419284820557,0.00015799658528218666,0.9998419284820557
84601,1,1,0,1.0,0.0,0.9997391659668402,0.9997391659668402,0.16666666666666666,0.1666231943278067,0.0,0.9998695775082237,0.00013041154138351743,0.9998695775082237
84637,1,1,0,1.0,0.0,0.9995758804383085,0.9995758804383085,0.16666666666666666,0.1665959800730514,0.0,0.9997879477108226,0.00021206727251410484,0.9997879477108226
84944,3,1,2,0.3333333333333333,0.6666666666666666,-0.00034704324352078747,-0.003961597052835886,0.375,-0.0001301412163202953,0.9981532647128257,0.4998264955786547,0.5001735388221755,0.8333764021297058
85020,2,1,1,0.5,0.5,0.061203399736458775,0.061203399736458775,0.2857142857142857,0.017486685638988222,1.3247426880936837,0.5306017135630451,0.4693983138265863,0.9683672827339853
85056,1,0,1,0.0,1.0,-0.9879342973956212,-0.9879342973956212,0.16666666666666666,-0.16465571623260353,0.0,0.006032859265562977,0.9939671566611842,0.9939671566611842
85131,6,5,1,0.8333333333333334,0.16666666666666666,0.6108922295855438,0.996760784213036,0.5454545454545454,0.3332139434102966,0.7960462987956011,0.8054461130608911,0.19455388347534727,0.97059920416166
85179,1,1,0,1.0,0.0,0.3957749728498787,0.3957749728498787,0.16666666666666666,0.06596249547497979,0.0,0.6978874864249394,0.30211251357506064,0.6978874864249394
85342,2,1,1,0.5,0.5,-0.19061572687781375,-0.19061572687781375,0.2857142857142857,-0.05446163625080393,1.142887933364137,0.40469216075928316,0.595307887637097,0.9040719281072203
85367,2,2,0,1.0,0.0,0.9978413897419134,0.9978413897419134,0.2857142857142857,0.28509753992626097,0.0017283199513326302,0.9989207042062658,0.0010793144643524168,0.9989207042062658
85397,2,1,1,0.5,0.5,0.20555921203648103,0.20555921203648103,0.2857142857142857,0.05873120343899458,1.105274586328061,0.6027795883382122,0.3972203763017312,0.8907735598528357
85401,1,0,1,0.0,1.0,-0.9960971039465882,-0.9960971039465882,0.16666666666666666,-0.16601618399109802,0.0,0.0019514183090491729,0.9980485222556374,0.9980485222556374
85412,3,3,0,1.0,0.0,0.9153033079901086,0.988108539926833,0.375,0.3432387404962907,0.13610604906347878,0.9576516668823586,0.04234835889225013,0.9576516668823586
85414,2,1,1,0.5,0.5,0.013736642039812563,0.013736642039812563,0.2857142857142857,0.003924754868517875,1.3923375297185765,0.5068683197958325,0.49313167775601996,0.992265653258192
85510,4,3,1,0.75,0.25,0.5065855815262675,0.9972451043553714,0.4444444444444444,0.2251491473450078,0.9829593017608027,0.7532927925704058,0.24670721104413829,0.9952553174023417
85788,2,2,0,1.0,0.0,0.9878172997336894,0.9878172997336894,0.2857142857142857,0.2822335142096255,0.01664855427146123,0.9939086659984606,0.006091366264771203,0.9939086659984606
85881,1,1,0,1.0,0.0,0.9997191202851969,0.9997191202851969,0.16666666666666666,0.16661985338086616,0.0,0.9998595779006546,0.00014045761545767655,0.9998595779006546
86142,3,2,1,0.6666666666666666,0.3333333333333333,0.3314905829846493,0.9940521334209582,0.375,0.12430896861924348,1.15215832071509,0.6657452996796797,0.33425471669503043,0.9987132227841813
86190,4,3,1,0.75,0.25,0.6141979599761742,0.9958065188096981,0.4444444444444444,0.2729768711005219,0.7657630979450778,0.8070989774395351,0.1929010174633609,0.9407098317172747
86295,1,1,0,1.0,0.0,0.9223117959397058,0.9223117959397058,0.16666666666666666,0.15371863265661762,0.0,0.9611558868157818,0.03884409087607601,0.9611558868157818
86298,1,0,1,0.0,1.0,-0.9155306911196803,-0.9155306911196803,0.16666666666666666,-0.1525884485199467,0.0,0.04223463270399305,0.9577653238236734,0.9577653238236734
86320,2,2,0,1.0,0.0,0.998262795800076,0.998262795800076,0.2857142857142857,0.2852179416571646,0.0020340427504689598,0.9991313679078047,0.000868572107728516,0.9991313679078047
86332,40,34,6,0.85,0.15,0.7043492111919433,0.999579557506719,0.8888888888888888,0.6260881877261718,0.70071487724068,0.8521746013166703,0.14782539012472712,0.9928464490306697
86548,1,1,0,1.0,0.0,0.9993333814711106,0.9993333814711106,0.16666666666666666,0.16655556357851842,0.0,0.9996667257169398,0.0003333442458292333,0.9996667257169398
86644,3,3,0,1.0,0.0,0.9561038309160216,0.9646279521477528,0.375,0.3585389365935081,0.04829969791101912,0.9780519393404544,0.021948108424432882,0.9780519393404544
86781,3,2,1,0.6666666666666666,0.3333333333333333,0.33234753158490954,0.996344520836263,0.375,0.12463032434434107,1.1530194470865376,0.6661737664250305,0.3338262348401209,0.9991881665524778
86833,3,1,2,0.3333333333333333,0.6666666666666666,-0.33237010535778727,-0.9971951657736844,0.375,-0.12463878950917023,1.1534511512563663,0.3338149509050965,0.6661850562628838,0.9993583669826499
86835,2,1,1,0.5,0.5,0.035344076533055546,0.035344076533055546,0.2857142857142857,0.010098307580873012,1.3573634678591506,0.5176720463071148,0.48232796977405923,0.9799004643696339
86880,5,3,2,0.6,0.4,0.20027436596885212,0.989707634503529,0.5,0.10013718298442606,1.0872156267977264,0.600137190336651,0.3998628243677989,0.9964111493098082
86882,4,4,0,1.0,0.0,0.9940070206886195,0.99919603986401,0.4444444444444444,0.44178089808383086,0.010569222566860926,0.9970034939894272,0.002996473300807823,0.9970034939894272
86898,3,1,2,0.3333333333333333,0.6666666666666666,-0.14408877552846064,-0.14850817576294123,0.375,-0.054033290823172736,0.85177786041051,0.4279556051914552,0.5720443807199158,0.8086744428131856
86911,1,1,0,1.0,0.0,0.9711186927661561,0.9711186927661561,0.16666666666666666,0.16185311546102601,0.0,0.9855593631142064,0.014440670348050301,0.9855593631142064
87192,3,3,0,1.0,0.0,0.8622049832635413,0.9848111103747932,0.375,0.323326868723828,0.2217371657310257,0.9311025127144784,0.06889752945093706,0.9311025127144784
87222,7,5,2,0.7142857142857143,0.2857142857142857,0.25408370770450683,0.29065020700519,0.5833333333333334,0.14821549616096233,0.8169703913482964,0.6270418416639693,0.3729581339594625,0.8581440725072265
87232,6,5,1,0.8333333333333334,0.16666666666666666,0.6166911428007127,0.9952757861831618,0.5454545454545454,0.3363769869822069,0.7962185724217451,0.8083455745041923,0.19165443170347962,0.9734265726982628
87234,1,1,0,1.0,0.0,0.9983664032137185,0.9983664032137185,0.16666666666666666,0.16639440053561974,0.0,0.9991831996984649,0.0008167964847464311,0.9991831996984649
87304,2,2,0,1.0,0.0,0.995155972424416,0.995155972424416,0.2857142857142857,0.28433027783554743,0.006530482700462295,0.9975779639350044,0.0024219915105883655,0.9975779639350044
87306,6,5,1,0.8333333333333334,0.16666666666666666,0.4661951160795588,0.8333459307951477,0.5454545454545454,0.2542882451343048,0.7855432510663038,0.7330975643849597,0.26690244830540094,0.8996733359330519
87430,3,1,2,0.3333333333333333,0.6666666666666666,-0.3161862348101584,-0.9272025939992783,0.375,-0.1185698380538094,1.0977577587327914,0.3419068791457979,0.6580931139559563,0.9751349948795882
87483,1,0,1,0.0,1.0,-0.9801381920895925,-0.9801381920895925,0.16666666666666666,-0.16335636534826542,0.0,0.009930941389828193,0.9900691334794207,0.9900691334794207
87485,1,1,0,1.0,0.0,0.638720453387559,0.638720453387559,0.16666666666666666,0.1064534088979265,0.0,0.8193602084310769,0.18063975504351787,0.8193602084310769
87520,3,0,3,0.0,1.0,-0.9906362901069657,-0.9896431564692237,0.375,-0.37148860879011214,0.007466203909595811,0.0046818339788352505,0.995318124085801,0.995318124085801
87529,1,0,1,0.0,1.0,-0.14449817878155669,-0.14449817878155669,0.16666666666666666,-0.024083029796926114,0.0,0.4277509263724335,0.5722491051539902,0.5722491051539902
87869,3,3,0,1.0,0.0,0.9716020696682138,0.9795868182182311,0.375,0.3643507761255802,0.028569855112159058,0.985801041635792,0.01419897196757809,0.985801041635792
87876,5,3,2,0.6,0.4,0.3129548971953616,0.9918392531573773,0.5,0.1564774485976808,0.9525253046157957,0.6564774453020255,0.3435225481066639,0.9415560319170744
88125,3,3,0,1.0,0.0,0.6464573918104863,0.4710063402203546,0.375,0.24242152192893238,0.3055028416942258,0.8232287094056113,0.17677131759512496,0.8232287094056113
88129,7,5,2,0.7142857142857143,0.2857142857142857,0.45288196274799813,0.9929614187114768,0.5833333333333334,0.26418114493633227,0.9281368906541081,0.7264409789349947,0.2735590161869966,0.9846097904135459
88140,9,8,1,0.8888888888888888,0.1111111111111111,0.7440686542985004,0.9996107024480662,0.6428571428571429,0.4783298491918932,0.6576966936353124,0.8720343292642397,0.12796567496573935,0.9820340131876636
88163,3,3,0,1.0,0.0,0.8430660328029908,0.9996894166771588,0.375,0.3161497623011215,0.27134524700159335,0.9215330068033499,0.07846697400035914,0.9215330068033499
88179,1,0,1,0.0,1.0,-0.9699320547720965,-0.9699320547720965,0.16666666666666666,-0.16165534246201607,0.0,0.015033998910118552,0.9849660536822151,0.9849660536822151
88235,2,1,1,0.5,0.5,0.008631457398179498,0.008631457398179498,0.2857142857142857,0.0024661306851941423,1.3896586323982705,0.5043157267231585,0.49568426932497905,0.9913185192756891
88356,2,1,1,0.5,0.5,0.07557611121982821,0.07557611121982821,0.2857142857142857,0.02159317463423663,1.2957531729411815,0.5377880476419992,0.462211936422171,0.9581179196974325
88405,2,1,1,0.5,0.5,-0.00021830681856127576,-0.00021830681856127576,0.2857142857142857,-6.237337673179307e-05,1.4129687115548766,0.49989087028326346,0.5001091771018248,0.9995599024649802
88672,1,1,0,1.0,0.0,0.9983658385865483,0.9983658385865483,0.16666666666666666,0.16639430643109138,0.0,0.9991829012647088,0.0008170626781604908,0.9991829012647088
88744,1,1,0,1.0,0.0,0.9916654825210571,0.9916654825210571,0.16666666666666666,0.16527758042017618,0.0,0.9958327855819311,0.004167303060873961,0.9958327855819311
88785,1,1,0,1.0,0.0,0.997521245165875,0.997521245165875,0.16666666666666666,0.16625354086097915,0.0,0.9987606249357525,0.0012393797698773835,0.9987606249357525
88810,5,4,1,0.8,0.2,0.5425605251327645,0.9828689393696484,0.5,0.27128026256638227,0.6493542503344779,0.7712802594411234,0.22871973430835885,0.8556275892620289
88812,1,0,1,0.0,1.0,-0.9985738078301603,-0.9985738078301603,0.16666666666666666,-0.16642896797169338,0.0,0.0007131038741631942,0.9992869117043235,0.9992869117043235
88932,5,4,1,0.8,0.2,0.6182602370465371,0.9943180298376939,0.5,0.30913011852326855,0.8355988379580465,0.8091301292725255,0.1908698922259884,0.9844149067894297
89030,3,2,1,0.6666666666666666,0.3333333333333333,0.3336926879304876,0.9989591300148855,0.375,0.12513475797393286,1.1527037669744413,0.6668463557556183,0.3331536678251307,0.9992913363346353
89039,2,1,1,0.5,0.5,-0.014726223871890654,-0.014726223871890654,0.2857142857142857,-0.004207492534825901,1.3892974314609574,0.4926368686536048,0.5073630925254955,0.991190798025098
89087,2,1,1,0.5,0.5,0.14371004239887208,0.14371004239887208,0.2857142857142857,0.04106001211396345,1.1139281031958805,0.5718550419976525,0.42814499959878044,0.8938330785602542
89118,2,2,0,1.0,0.0,0.6621818086573446,0.6621818086573446,0.2857142857142857,0.189194802473527,0.471261224024629,0.8310908950473013,0.16890908638995672,0.8310908950473013
89470,4,2,2,0.5,0.5,0.0011626359525066798,0.0021893401148814218,0.4444444444444444,0.0005167270900029688,1.1477742698878428,0.5005813070801326,0.49941867112762584,0.9969944423189522
89492,5,5,0,1.0,0.0,0.8878007590667941,0.9973107531056082,0.5,0.44390037953339706,0.24692562302177823,0.9439003721254297,0.05609961305863546,0.9439003721254297
89745,41,34,7,0.8292682926829268,0.17073170731707318,0.6338341605156569,0.9991999577004008,0.8913043478260869,0.5649391430683028,0.7212718106259742,0.8169170755997291,0.18308291508407235,0.9642020086322867
89753,4,2,2,0.5,0.5,0.10146347381293871,0.16081985772374924,0.4444444444444444,0.04509487725019498,1.0300447190491973,0.5507317200854747,0.4492682462725359,0.9436625408022216
89759,1,1,0,1.0,0.0,0.9997036144913485,0.9997036144913485,0.16666666666666666,0.1666172690818914,0.0,0.9998517990112304,0.00014818451988200346,0.9998517990112304
89774,4,3,1,0.75,0.25,0.4525269276863841,0.9024714527209514,0.4444444444444444,0.20112307897172624,0.9622726171515728,0.7262634616300272,0.27373653394364306,0.9734092743019453
89864,1,1,0,1.0,0.0,0.9995778657695545,0.9995778657695545,0.16666666666666666,0.16659631096159241,0.0,0.9997889654976981,0.00021109972814364092,0.9997889654976981
90057,3,2,1,0.6666666666666666,0.3333333333333333,0.3552346731947223,0.9833235361996819,0.375,0.13321300244802087,1.0964930279992535,0.6776173428288542,0.3223826696341319,0.9812418213549398
90249,2,1,1,0.5,0.5,-0.001457964232623843,-0.001457964232623843,0.2857142857142857,-0.00041656120932109797,1.4105911304949257,0.49927100065033114,0.500728964882955,0.9987192596939232
90345,2,2,0,1.0,0.0,0.9605876162473919,0.9605876162473919,0.2857142857142857,0.27445360464211194,0.036325287640227896,0.9802938151777836,0.019706198930391793,0.9802938151777836
90376,4,3,1,0.75,0.25,0.5158617001845607,0.9818398364979781,0.4444444444444444,0.22927186674869363,0.9439798405038445,0.7579308522281476,0.24206915204358692,0.982922426914677
90405,4,4,0,1.0,0.0,0.9956692198159414,0.998967951661325,0.4444444444444444,0.4425196532515295,0.007153480948057931,0.9978346034174874,0.002165383601545944,0.9978346034174874
90439,1,1,0,1.0,0.0,0.9952318553446498,0.9952318553446498,0.16666666666666666,0.16587197589077496,0.0,0.9976159416924405,0.002384086347790794,0.9976159416924405
90469,3,3,0,1.0,0.0,0.9725345947183187,0.9826255729704192,0.375,0.36470047301936953,0.022379425127392175,0.9862672793753718,0.013732684657053192,0.9862672793753718
90522,2,0,2,0.0,1.0,-0.9834545680321753,-0.9834545680321753,0.2857142857142857,-0.2809870194377644,0.022264960048749772,0.008272730465978383,0.9917272984981537,0.9917272984981537
90531,3,2,1,0.6666666666666666,0.3333333333333333,0.3498850098676818,0.991881078299211,0.375,0.13120687870038067,1.1162894068137692,0.6749425017948512,0.32505749192716943,0.9879730872871114
90717,2,2,0,1.0,0.0,0.9838289771246539,0.9838289771246539,0.2857142857142857,0.2810939934641868,0.021622386570377402,0.991914495878298,0.008085518753644163,0.991914495878298
90719,2,1,1,0.5,0.5,0.003661071673423222,0.003661071673423222,0.2857142857142857,0.0010460204781209204,1.3775499292176767,0.5018305263555378,0.49816945468211465,0.9870374387052601
90746,2,2,0,1.0,0.0,0.9982238676192985,0.9982238676192985,0.2857142857142857,0.2852068193197996,0.0016549777876899612,0.9991119191393873,0.0008880515200888506,0.9991119191393873
90866,1,1,0,1.0,0.0,0.9995655371576031,0.9995655371576031,0.16666666666666666,0.16659425619293383,0.0,0.9997827607083183,0.0002172235507151984,0.9997827607083183
90888,5,3,2,0.6,0.4,0.19879029262330838,0.9957858262583613,0.5,0.09939514631165419,1.0937898226621903,0.5993951576592547,0.4006048650359462,0.999153388152439
91077,3,2,1,0.6666666666666666,0.3333333333333333,0.3320501983982583,0.9894110671980607,0.375,0.12451882439934686,1.1473618134995853,0.666025105596256,0.33397490719799783,0.996957175504745
91104,1,1,0,1.0,0.0,0.9973306057645994,0.9973306057645994,0.16666666666666666,0.16622176762743324,0.0,0.9986653047449449,0.0013346989803454455,0.9986653047449449
91126,4,2,2,0.5,0.5,0.020977897116976507,0.039714590284620266,0.4444444444444444,0.009323509829767335,1.1297697232187462,0.5104889468333376,0.4895110497163611,0.98901940826431
91325,1,1,0,1.0,0.0,0.991885700735493,0.991885700735493,0.16666666666666666,0.16531428345591548,0.0,0.9959428307253068,0.004057129989813753,0.9959428307253068
91485,2,1,1,0.5,0.5,-0.014743417984132479,-0.014743417984132479,0.2857142857142857,-0.004212405138323565,1.3926948388583564,0.49262826553046957,0.507371683514602,0.9923919568626608
91500,7,5,2,0.7142857142857143,0.2857142857142857,0.33243707639894005,0.9441965979351331,0.5833333333333334,0.1939216278993817,0.8750572967767367,0.6662185361457759,0.3337814597468358,0.9105519207897498
91529,10,9,1,0.9,0.1,0.7854238113236397,0.9992186228281399,0.6666666666666666,0.5236158742157597,0.6278644337946208,0.8927119087586887,0.10728809743504888,0.992436749052405
91535,3,3,0,1.0,0.0,0.9949988903982098,0.9992804136599985,0.375,0.3731245838993287,0.007800965249256821,0.9974994440712598,0.002500553673049952,0.9974994440712598
91542,2,1,1,0.5,0.5,0.004953058462340565,0.004953058462340565,0.2857142857142857,0.0014151595606687328,1.405677317400773,0.5024765344610878,0.4975234759987472,0.9969819868770182
91622,2,1,1,0.5,0.5,0.3596831983038984,0.3596831983038984,0.2857142857142857,0.1027666280868281,0.8721470019265457,0.6798416144909691,0.3201584161870707,0.8083505449659085
91630,3,3,0,1.0,0.0,0.7969695423810501,0.9808641915182466,0.375,0.2988635783928938,0.3348426586829893,0.8984847593726073,0.10151521699155718,0.8984847593726073
91658,1,1,0,1.0,0.0,0.9976793437460322,0.9976793437460322,0.16666666666666666,0.16627989062433868,0.0,0.9988396727008584,0.0011603289548261667,0.9988396727008584
91890,1,0,1,0.0,1.0,-0.9888871333894939,-0.9888871333894939,0.16666666666666666,-0.1648145222315823,0.0,0.005556439831309075,0.9944435732208029,0.9944435732208029
91974,3,2,1,0.6666666666666666,0.3333333333333333,0.33084619751277994,0.995133850951584,0.375,0.12406732406729248,1.1521884163403189,0.6654230991721084,0.3345769016593285,0.9986184175805773
91976,4,3,1,0.75,0.25,0.337557170881334,0.674990763559061,0.4444444444444444,0.15002540928059288,0.9415382051389847,0.6687785919686695,0.3312214210873355,0.9185223477922431
91978,1,1,0,1.0,0.0,0.9993066337136995,0.9993066337136995,0.16666666666666666,0.16655110561894992,0.0,0.9996533267712467,0.00034669305754717066,0.9996533267712467
92259,1,1,0,1.0,0.0,0.9997451894014375,0.9997451894014375,0.16666666666666666,0.1666241982335729,0.0,0.9998725652694702,0.0001273758680326864,0.9998725652694702
92420,3,2,1,0.6666666666666666,0.3333333333333333,0.049291174459487164,0.28425311227130073,0.375,0.018484190422307686,0.9523244142619175,0.5246455999015578,0.4753544254420707,0.8574859876612585
92507,3,3,0,1.0,0.0,0.9994005687542692,0.9992330058679714,0.375,0.37477521328285096,0.0002992865086045804,0.9997002933087078,0.0002997245544385119,0.9997002933087078
92509,1,1,0,1.0,0.0,0.9986074028172712,0.9986074028172712,0.16666666666666666,0.16643456713621185,0.0,0.9993037081312859,0.0006963053140146979,0.9993037081312859
92938,6,2,4,0.3333333333333333,0.6666666666666666,-0.3895353012730823,-0.9593120359700225,0.5454545454545454,-0.2124738006944085,0.9150189204288949,0.30523235112841046,0.6947676524014929,0.9581820659877845
93270,1,1,0,1.0,0.0,0.9989303440131523,0.9989303440131523,0.16666666666666666,0.1664883906688587,0.0,0.999465165314851,0.0005348213016986847,0.999465165314851
93272,5,2,3,0.4,0.6,-0.19955447080978875,-0.9864425456748819,0.5,-0.09977723540489437,1.0865529989915441,0.4002227679894941,0.5997772387992828,0.9960468387171237
93326,1,0,1,0.0,1.0,-0.9780394529684996,-0.9780394529684996,0.16666666666666666,-0.16300657549474992,0.0,0.01098024417192508,0.9890196971404247,0.9890196971404247
93363,6,1,5,0.16666666666666666,0.8333333333333334,-0.49748214829945386,-0.9871802264325527,0.5454545454545454,-0.27135389907242935,0.8314227609762687,0.2512589163428472,0.7487410646423011,0.9150825598038534
93443,1,0,1,0.0,1.0,-0.9972740479878017,-0.9972740479878017,0.16666666666666666,-0.16621234133130028,0.0,0.0013629996046728018,0.9986370475924745,0.9986370475924745
93510,2,2,0,1.0,0.0,0.9994385710673288,0.9994385710673288,0.2857142857142857,0.2855538774478082,0.00032399242438673273,0.9997193108743696,0.0002807398070407503,0.9997193108743696
93563,2,2,0,1.0,0.0,0.9021415018112713,0.9021415018112713,0.2857142857142857,0.2577547148032204,0.13066913547824557,0.9510707509605539,0.04892924914928268,0.9510707509605539
93766,4,0,4,0.0,1.0,-0.9931371431277405,-0.9945905118678305,0.4444444444444444,-0.4413942858345513,0.007004536086475536,0.0034314325990695933,0.9965685757268101,0.9965685757268101
93805,2,1,1,0.5,0.5,0.04054110467739819,0.04054110467739819,0.2857142857142857,0.01158317276497091,1.346511298982945,0.5202705643393777,0.4797294596619795,0.9760636472282522
93831,1,0,1,0.0,1.0,-0.9952266318723559,-0.9952266318723559,0.16666666666666666,-0.1658711053120593,0.0,0.0023866789415478706,0.9976133108139038,0.9976133108139038
93838,4,3,1,0.75,0.25,0.49750902595359436,0.9937716376692642,0.4444444444444444,0.22111512264604194,0.9959107469073045,0.7487545164251163,0.2512454904715219,0.9978424539400066
93840,5,2,3,0.4,0.6,-0.14402387988809218,-0.2386295040120106,0.5,-0.07201193994404609,0.8767962287390788,0.42798807043679965,0.5720119503248918,0.8657652761248364
93855,1,1,0,1.0,0.0,0.9960655357378224,0.9960655357378224,0.16666666666666666,0.1660109226229704,0.0,0.9980327288309733,0.001967193093150854,0.9980327288309733
94015,1,0,1,0.0,1.0,-0.9682290988898127,-0.9682290988898127,0.16666666666666666,-0.16137151648163545,0.0,0.015885446056629875,0.9841145449464426,0.9841145449464426
94018,3,1,2,0.3333333333333333,0.6666666666666666,-0.3336108426116014,-0.9866963582595593,0.375,-0.12510406597935053,1.1419575844897556,0.3331945753098614,0.6668054179214629,0.9951349749227978
94070,3,3,0,1.0,0.0,0.9957126800904327,0.9988488872220974,0.375,0.37339225503391227,0.005462166522969165,0.9978563314543898,0.0021436513639571304,0.9978563314543898
94266,1,1,0,1.0,0.0,0.9771641073226929,0.9771641073226929,0.16666666666666666,0.16286068455378214,0.0,0.9885820922851563,0.011417984962463379,0.9885820922851563
94478,5,3,2,0.6,0.4,0.19929381820709485,0.9957960255106195,0.5,0.09964690910354743,1.0926627039629697,0.5996469091173415,0.4003530909102467,0.9987096890482643
94777,4,2,2,0.5,0.5,0.0003408005895395583,-0.001240507870700236,0.4444444444444444,0.0001514669286842481,1.141360282816582,0.5001704068028714,0.4998296062133318,0.99422149898585
94780,3,3,0,1.0,0.0,0.997889566945715,0.998826265901667,0.375,0.3742085876046431,0.0023866549997387083,0.9989447592338268,0.0010551922881117638,0.9989447592338268
94864,7,5,2,0.7142857142857143,0.2857142857142857,0.3251244293235524,0.9217022305769886,0.5833333333333334,0.18965591710540558,0.92657980777629,0.6625622148188636,0.3374377854953113,0.9451376096784657
94896,1,1,0,1.0,0.0,0.9982501670027636,0.9982501670027636,0.16666666666666666,0.16637502783379393,0.0,0.9991251027108168,0.0008749357080531416,0.9991251027108168
94985,1,1,0,1.0,0.0,0.9969878569941655,0.9969878569941655,0.16666666666666666,0.1661646428323609,0.0,0.9984939432589808,0.001506086264815286,0.9984939432589808
95088,3,3,0,1.0,0.0,0.987794938904662,0.9859753549098969,0.375,0.3704231020892482,0.010989700368919391,0.9938974698384603,0.006102530933798305,0.9938974698384603
95105,1,1,0,1.0,0.0,0.9996546127885166,0.9996546127885166,0.16666666666666666,0.16660910213141944,0.0,0.9998272789849175,0.00017266619640092054,0.9998272789849175
95167,4,3,1,0.75,0.25,0.31055490906033634,0.5856987392838693,0.4444444444444444,0.13802440402681615,0.9119796790898756,0.6552774309819233,0.3447225219215869,0.8875108713768166
95207,3,2,1,0.6666666666666666,0.3333333333333333,0.18126415678910565,0.5465371845573779,0.375,0.06797405879591462,1.0468539620541577,0.590632089613111,0.40936793282400535,0.9237279725194919
95441,2,1,1,0.5,0.5,-0.00034627862035191415,-0.00034627862035191415,0.2857142857142857,-9.893674867197546e-05,1.4127770182148258,0.49982685929161574,0.5001731379119676,0.9994921035438986
95449,1,0,1,0.0,1.0,-0.4047966424466232,-0.4047966424466232,0.16666666666666666,-0.0674661070744372,0.0,0.29760166193475784,0.7023983043813811,0.7023983043813811
95510,4,1,3,0.25,0.75,-0.22087490059621395,-0.4474012656932609,0.4444444444444444,-0.0981666224872062,0.8700515778873907,0.38956254418454966,0.6104374447807637,0.8599085521975904
95543,2,1,1,0.5,0.5,0.005352516141587937,0.005352516141587937,0.2857142857142857,0.001529290326167982,1.4062997641041708,0.5026762644199166,0.49732374827832876,0.9972020561386734
95720,1,0,1,0.0,1.0,-0.9955464796773318,-0.9955464796773318,0.16666666666666666,-0.1659244132795553,0.0,0.002226789449823314,0.9977732691271551,0.9977732691271551
95761,3,1,2,0.3333333333333333,0.6666666666666666,-0.22109758652861397,-0.346923449221359,0.375,-0.08291159494823024,0.8218964792654869,0.3894512111220381,0.6105487976506521,0.8293675287141036
95858,1,1,0,1.0,0.0,0.6636603238771288,0.6636603238771288,0.16666666666666666,0.11061005397952146,0.0,0.8318301413556655,0.1681698174785367,0.8318301413556655
95873,1,1,0,1.0,0.0,0.963305835922559,0.963305835922559,0.16666666666666666,0.16055097265375984,0.0,0.9816528956095377,0.018347059686978657,0.9816528956095377
95875,5,4,1,0.8,0.2,0.6017804489156892,0.9871364562570115,0.5,0.3008902244578446,0.869334583267986,0.8008902209175716,0.19910977200188237,0.9915381389034877
96079,13,10,3,0.7692307692307693,0.23076923076923078,0.6075203773588036,0.9977051381553923,0.7222222222222222,0.43876471698135816,0.768339243299014,0.8037601925088277,0.19623981515002406,0.9609323914419008
96110,1,0,1,0.0,1.0,-0.9989059881522105,-0.9989059881522105,0.16666666666666666,-0.16648433135870175,0.0,0.0005470429475490864,0.9994530310997596,0.9994530310997596
96281,3,3,0,1.0,0.0,0.9990166127490469,0.999269011637403,0.375,0.3746312297808926,0.0006531829149928097,0.9995082814264409,0.0004916686773941053,0.9995082814264409
96432,1,1,0,1.0,0.0,0.9881868697501518,0.9881868697501518,0.16666666666666666,0.16469781162502528,0.0,0.9940934464738176,0.0059065767236658046,0.9940934464738176
96488,5,5,0,1.0,0.0,0.9928503116981645,0.9971544753830388,0.5,0.49642515584908226,0.009325572847391224,0.9964251663491146,0.0035748546509501372,0.9964251663491146
96588,6,5,1,0.8333333333333334,0.16666666666666666,0.5779895809336727,0.9994246012331682,0.5454545454545454,0.3152670441456396,0.8012499136294611,0.7889948006876386,0.21100521975396594,0.9555049710395841
96606,1,0,1,0.0,1.0,-0.8515795957112947,-0.8515795957112947,0.16666666666666666,-0.1419299326185491,0.0,0.07421017237035947,0.9257897680816541,0.9257897680816541
96610,7,2,5,0.2857142857142857,0.7142857142857143,-0.36394921855746415,-0.9888358038404714,0.5833333333333334,-0.21230371082518742,0.9393449883224914,0.31802538926396406,0.6819746078214282,0.9646793442124222
96691,4,2,2,0.5,0.5,0.01968775759693256,0.03926040420695598,0.4444444444444444,0.00875011448752558,1.0505031049228142,0.5098438889346752,0.4901561313377427,0.9525145374020481
96728,2,1,1,0.5,0.5,0.012725050525304482,0.012725050525304482,0.2857142857142857,0.003635728721515566,1.3843920326063526,0.5063625337866683,0.49363748326136386,0.9894565055623061
96737,8,3,5,0.375,0.625,-0.04388375526936662,-0.3948458960090287,0.6153846153846154,-0.02700538785807177,0.8898673781822808,0.47805811926137176,0.5219418745307384,0.8948758375276543
96811,3,2,1,0.6666666666666666,0.3333333333333333,0.23509581603060128,0.7008268231189037,0.375,0.08816093101147549,1.0722700992617553,0.6175479197420836,0.38245210371148225,0.9479781757718158
96815,4,2,2,0.5,0.5,-0.07221924098714091,-0.17411997756077022,0.4444444444444444,-0.032097440438729294,0.8955168476837916,0.4638903711407677,0.5361096121279085,0.8681837763593978
96821,3,3,0,1.0,0.0,0.9961477368776394,0.9973681629635394,0.375,0.37355540132911474,0.004357070772026838,0.9980738821688356,0.0019261452911964229,0.9980738821688356
96829,5,3,2,0.6,0.4,0.3859758639525756,0.9744100497693432,0.5,0.1929879319762878,0.8708530897124726,0.6929879476595157,0.30701208370694005,0.9012953332621756
96832,2,0,2,0.0,1.0,-0.9544536971318696,-0.9544536971318696,0.2857142857142857,-0.2727010563233913,0.024194765680476224,0.022773150265346688,0.9772268473972163,0.9772268473972163
96861,4,3,1,0.75,0.25,0.2464027826209302,0.49274703987700574,0.4444444444444444,0.10951234783152453,0.9477266229406452,0.6232013917903847,0.37679860916945446,0.8727393480509951
97172,2,2,0,1.0,0.0,0.9982914614706235,0.9982914614706235,0.2857142857142857,0.28522613184874956,0.001223194237321243,0.9991457376350603,0.0008542761644368646,0.9991457376350603
97188,4,3,1,0.75,0.25,0.5168481313614584,0.9443143995751804,0.4444444444444444,0.22971028060509258,0.8930908924360831,0.7584240677991925,0.24157593643773417,0.9635759316652167
97225,4,3,1,0.75,0.25,0.3610428985488575,0.7208693666759421,0.4444444444444444,0.1604635104661589,0.9425292358653206,0.6805214456748059,0.31947854712594836,0.9297341222144129
97304,6,4,2,0.6666666666666666,0.3333333333333333,0.4944170398389014,0.9967002644671891,0.5454545454545454,0.2696820217303098,0.7896392355158496,0.7472085171733044,0.25279147733440294,0.9182479354852666
97306,4,3,1,0.75,0.25,0.5938090084301382,0.7781724925375124,0.4444444444444444,0.2639151148578392,0.5514343361348689,0.7969044949916357,0.20309548656149745,0.841713986018271
97752,4,0,4,0.0,1.0,-0.7286580946114953,-0.9345612975310502,0.4444444444444444,-0.3238480420495535,0.44894111415951005,0.13567094628404255,0.8643290408955379,0.8643290408955379
97860,1,0,1,0.0,1.0,-0.9920350864529609,-0.9920350864529609,0.16666666666666666,-0.16533918107549347,0.0,0.003982464969158173,0.9960175514221191,0.9960175514221191
97913,5,3,2,0.6,0.4,0.2294590385389521,0.9995061610004654,0.5,0.11472951926947605,1.0557417793836827,0.6147295283776399,0.38527048983868784,0.9850471456494457
97921,4,4,0,1.0,0.0,0.989501246073242,0.9959497917442592,0.4444444444444444,0.43977833158810753,0.014087165906506362,0.9947506058233236,0.005249359750081658,0.9947506058233236
97923,2,1,1,0.5,0.5,0.022832925821200833,0.022832925821200833,0.2857142857142857,0.006523693091771666,1.3814234255474418,0.5114164723067725,0.4885835464855716,0.988406945343445
97936,2,0,2,0.0,1.0,-0.8846047089259474,-0.8846047089259474,0.2857142857142857,-0.2527442025502707,0.1283684063647092,0.0576976366749158,0.9423023456008632,0.9423023456008632
97938,3,2,1,0.6666666666666666,0.3333333333333333,0.5495212702606735,0.999508675780486,0.375,0.20607047634775258,0.7796025383051531,0.7747606551585924,0.2252393848979188,0.8916560519656328
98056,2,2,0,1.0,0.0,0.9877379767399657,0.9877379767399657,0.2857142857142857,0.282210850497133,0.016749546807087012,0.9938689991733805,0.006131022433414654,0.9938689991733805
98154,5,4,1,0.8,0.2,0.6016127820457948,0.9945773772895337,0.5,0.3008063910228974,0.8797474091194177,0.8008063883799756,0.1991936063341808,0.995225576604328
98243,4,3,1,0.75,0.25,0.7162072622908386,0.9884276260992103,0.4444444444444444,0.31831433879592824,0.5520541498857245,0.8581036286437357,0.1418963663528971,0.8860338896577098
98491,2,2,0,1.0,0.0,0.9468472664578296,0.9468472664578296,0.2857142857142857,0.2705277904165227,0.07482909992389412,0.9734236146630963,0.026576348205266727,0.9734236146630963
98809,7,4,3,0.5714285714285714,0.42857142857142855,0.07805268687425894,0.48942983690112707,0.5833333333333334,0.045530734009984385,0.9666326385479789,0.539026340789498,0.4609736539152391,0.9413322235862116
98961,2,0,2,0.0,1.0,-0.9729191804035537,-0.9729191804035537,0.2857142857142857,-0.27797690868672964,0.0020760464815156115,0.013540404442519586,0.9864595848460733,0.9864595848460733
99007,2,2,0,1.0,0.0,0.9918764958362405,0.9918764958362405,0.2857142857142857,0.28339328452464013,0.00991326927571689,0.9959382558017211,0.004061759965480587,0.9959382558017211
99112,3,1,2,0.3333333333333333,0.6666666666666666,-0.02775432465538626,-0.08595445421006942,0.375,-0.010407871745769848,0.9942572141408349,0.48612284105153947,0.5138771657069258,0.845318690714512
99114,8,8,0,1.0,0.0,0.895619179324376,0.9988741303665223,0.6153846153846154,0.551150264199616,0.2903136346487811,0.9478095891682952,0.0521904098439192,0.9478095891682952
99117,1,1,0,1.0,0.0,0.9648387163113326,0.9648387163113326,0.16666666666666666,0.16080645271855543,0.0,0.9824193709935898,0.017580654682257238,0.9824193709935898
99145,5,5,0,1.0,0.0,0.9922971895062883,0.9945586410661538,0.5,0.49614859475314416,0.008035734582711203,0.9961485786128857,0.0038513891065973375,0.9961485786128857
99728,1,1,0,1.0,0.0,0.9650626855658034,0.9650626855658034,0.16666666666666666,0.1608437809276339,0.0,0.9825313662394825,0.01746868067367902,0.9825313662394825
99910,4,3,1,0.75,0.25,0.5581445869529114,0.9131531961816148,0.4444444444444444,0.2480642608679606,0.7720455536500558,0.7790723087896748,0.22092772183676346,0.9274398140019571
99912,4,3,1,0.75,0.25,0.5872237648773997,0.7517732342963074,0.4444444444444444,0.26098833994551096,0.5467722941618339,0.7936118720254138,0.2063881071480142,0.8321915289473562
99917,1,0,1,0.0,1.0,-0.749370374879637,-0.749370374879637,0.16666666666666666,-0.12489506247993949,0.0,0.12531479255302802,0.874685167432665,0.874685167432665
100083,1,1,0,1.0,0.0,0.9556412572984572,0.9556412572984572,0.16666666666666666,0.15927354288307619,0.0,0.9778206565163352,0.02217939921787807,0.9778206565163352
100163,4,4,0,1.0,0.0,0.6483496138872357,0.6401459943237247,0.4444444444444444,0.2881553839498825,0.37201924436551365,0.8241748037076534,0.17582518982041773,0.8241748037076534
100390,2,0,2,0.0,1.0,-0.7300009282159189,-0.7300009282159189,0.2857142857142857,-0.2085716937759768,0.37364577847462055,0.13499953860261604,0.8650004668185349,0.8650004668185349
100498,3,1,2,0.3333333333333333,0.6666666666666666,-0.40755605431481207,-0.9986138094758763,0.375,-0.15283352036805453,1.024589231225787,0.2962219967820194,0.7037780510968314,0.9622905670403442
100556,2,1,1,0.5,0.5,0.09333940723205841,0.09333940723205841,0.2857142857142857,0.026668402066302402,1.2676523450279888,0.5466696962683575,0.45333028903629913,0.9481827773304883
100714,1,1,0,1.0,0.0,0.9997117478174694,0.9997117478174694,0.16666666666666666,0.16661862463624488,0.0,0.9998558506821141,0.0001441028646447442,0.9998558506821141
101025,4,3,1,0.75,0.25,0.4950612061982123,0.9910042446233027,0.4444444444444444,0.220027202754761,0.9964687816863914,0.7475305967096748,0.2524693905114625,0.9974359069752783
101076,4,2,2,0.5,0.5,-0.002682224628897112,-0.006015806558906989,0.4444444444444444,-0.001192099835065383,1.1448625472344158,0.49865887937429826,0.5013411040031953,0.9957291222655384
101088,1,1,0,1.0,0.0,0.16041470983067868,0.16041470983067868,0.16666666666666666,0.02673578497177978,0.0,0.580207373797189,0.4197926639665103,0.580207373797189
101112,4,2,2,0.5,0.5,-0.0015125449448403216,-0.0026124925189741077,0.4444444444444444,-0.0006722421977068096,1.1513082978339257,0.499243734558886,0.5007562795037264,0.9985302317287408
101142,1,1,0,1.0,0.0,0.9997729543782771,0.9997729543782771,0.16666666666666666,0.16662882572971283,0.0,0.999886474609375,0.00011352023109793663,0.999886474609375
101285,2,0,2,0.0,1.0,-0.9978401791605395,-0.9978401791605395,0.2857142857142857,-0.2850971940458684,0.0020831535780077015,0.0010798904462426754,0.9989200696067821,0.9989200696067821
101362,6,3,3,0.5,0.5,0.06700811951349699,0.19253740211126774,0.5454545454545454,0.036549883370998355,1.024713708876361,0.533504066770332,0.4664959472568349,0.963017935089946
101525,2,2,0,1.0,0.0,0.9919436582629768,0.9919436582629768,0.2857142857142857,0.2834124737894219,0.011004369310666185,0.9959718273646796,0.004028169101702723,0.9959718273646796
101739,8,5,3,0.625,0.375,0.22247317342680037,0.9000631701781583,0.6153846153846154,0.13690656826264638,1.0023845177038113,0.6112365980363008,0.3887634246095004,0.9813535729815069
101741,1,1,0,1.0,0.0,0.08032726778759869,0.08032726778759869,0.16666666666666666,0.013387877964599781,0.0,0.5401636324891257,0.459836364701527,0.5401636324891257
101864,7,3,4,0.42857142857142855,0.5714285714285714,-0.14197563676612251,-0.9684775090879865,0.5833333333333334,-0.0828191214469048,1.0475611089757089,0.429012171297817,0.5709878080639396,0.9900417712976244
101895,1,1,0,1.0,0.0,0.9997279812926299,0.9997279812926299,0.16666666666666666,0.1666213302154383,0.0,0.9998640295577376,0.00013604826510769046,0.9998640295577376
101962,3,3,0,1.0,0.0,0.9938765188696351,0.9939409292307022,0.375,0.3727036945761132,0.005601573838283353,0.9969382349636072,0.003061716093972037,0.9969382349636072
102033,1,1,0,1.0,0.0,0.9997527316882042,0.9997527316882042,0.16666666666666666,0.16662545528136735,0.0,0.9998763799667358,0.00012364827853161842,0.9998763799667358
102123,4,2,2,0.5,0.5,0.10362339965035727,0.18998728318001612,0.4444444444444444,0.04605484428904767,1.0129884064363144,0.5518117157132016,0.4481883160628443,0.9337009381764105
102125,13,7,6,0.5384615384615384,0.46153846153846156,-0.008827500843589683,0.41496523040526906,0.7222222222222222,-0.0063754172759258815,0.9620199471045732,0.49558625117896155,0.5044137520225512,0.9506173382503345
102194,2,2,0,1.0,0.0,0.9820320201409551,0.9820320201409551,0.2857142857142857,0.28058057718313,0.021452379299585492,0.9910160213547841,0.00898400121382905,0.9910160213547841
102407,5,4,1,0.8,0.2,0.6647255239673726,0.9902096202969551,0.5,0.3323627619836863,0.7254284844916173,0.8323627690092333,0.16763724504186073,0.9589160926163645
102445,4,1,3,0.25,0.75,-0.3480650110444224,-0.46589378454162034,0.4444444444444444,-0.15469556046418773,0.6649606965999252,0.32596749343323866,0.674032504477661,0.8084842225066281
102481,1,1,0,1.0,0.0,0.9997041262054848,0.9997041262054848,0.16666666666666666,0.1666173543675808,0.0,0.9998520673331568,0.0001479411276720338,0.9998520673331568
102684,3,2,1,0.6666666666666666,0.3333333333333333,0.34348330517278036,0.9724168136434734,0.375,0.12880623943979264,1.1094469448452697,0.6717416582298482,0.32825835305706785,0.9842503252579267
102716,4,2,2,0.5,0.5,0.01614481082299113,0.026879243811357645,0.4444444444444444,0.007175471476884946,1.135859124929157,0.5080723874698008,0.4919275766468097,0.9917827530244685
102800,3,2,1,0.6666666666666666,0.3333333333333333,0.3321558646386899,0.9788937706058308,0.375,0.1245584492395087,1.1382374302217908,0.6660779263621112,0.3339220617234213,0.9934488209661
102880,2,1,1,0.5,0.5,-0.14176153956325815,-0.14176153956325815,0.2857142857142857,-0.04050329701807376,1.2123022629619578,0.4291192440419534,0.5708807836052116,0.9286135893176812
102903,9,7,2,0.7777777777777778,0.2222222222222222,0.5091480995411884,0.9996055519270106,0.6428571428571429,0.3273094925621926,0.8457889438348897,0.7545740573359122,0.2454259577947238,0.9664285187577573
102993,2,2,0,1.0,0.0,0.9683263908081297,0.9683263908081297,0.2857142857142857,0.27666468308803704,0.03882636094890284,0.9841631982456844,0.015836807437554706,0.9841631982456844
103042,6,3,3,0.5,0.5,0.039491108864860645,0.10219481847012085,0.5454545454545454,0.02154060483537853,1.0308169359409856,0.5197455604115191,0.48025445154665847,0.9684006497689204
103075,3,1,2,0.3333333333333333,0.6666666666666666,-0.33145009907103523,-0.9953924198945364,0.375,-0.12429378715163822,1.152508290303994,0.3342749554195392,0.6657250544905745,0.9988419808747567
103141,4,4,0,1.0,0.0,0.9935390413060305,0.9953199160333203,0.4444444444444444,0.44157290724712467,0.0075131978048496376,0.996769535777883,0.003230494471852382,0.996769535777883
103228,10,9,1,0.9,0.1,0.6922136607238625,0.9897713720822605,0.6666666666666666,0.4614757738159083,0.6258813880948755,0.8461068207862923,0.15389316006242976,0.9348264632958267
103249,4,3,1,0.75,0.25,0.4697677409945989,0.9460581552814853,0.4444444444444444,0.20878566266426615,0.9797816624585842,0.734883852361474,0.2651161113668752,0.9846589616743573
103253,4,4,0,1.0,0.0,0.7743284306972413,0.984217616661111,0.4444444444444444,0.3441459691987739,0.43036572315981314,0.8871642200864676,0.11283578938922617,0.8871642200864676
103306,3,1,2,0.3333333333333333,0.6666666666666666,0.18182685479590535,-0.15644340508246007,0.375,0.06818507054846451,0.7109648207327987,0.5909134208119453,0.40908656601603993,0.7420087866556129
103335,3,3,0,1.0,0.0,0.9917711844566334,0.9923052032608792,0.375,0.3719141941712375,0.00825372809214314,0.9958855917685246,0.004114407311891255,0.9958855917685246
103339,2,1,1,0.5,0.5,0.0004390599092514158,0.0004390599092514158,0.2857142857142857,0.00012544568835754736,1.4128837897738438,0.5002194963946832,0.49978043648543186,0.9995298208288743
103341,6,4,2,0.6666666666666666,0.3333333333333333,0.31796098596995875,0.945897499220713,0.5454545454545454,0.17343326507452295,1.0076586872814797,0.6589804858422648,0.341019499872306,0.9864716354248223
103372,3,2,1,0.6666666666666666,0.3333333333333333,0.2835332233025663,0.8270405943144561,0.375,0.10632495873846237,1.0943416773313388,0.6417666006032069,0.3582333773006407,0.9671547821439082
103384,7,4,3,0.5714285714285714,0.42857142857142855,0.24451568160573386,0.8688964759602266,0.5833333333333334,0.14263414760334475,0.9412483375685406,0.6222578405123748,0.3777421589066409,0.9290851764364652
103539,1,0,1,0.0,1.0,-0.9922575390809656,-0.9922575390809656,0.16666666666666666,-0.16537625651349425,0.0,0.003871220097588267,0.9961287591785538,0.9961287591785538
103655,2,1,1,0.5,0.5,0.05111636691509219,0.05111636691509219,0.2857142857142857,0.014604676261454912,1.3406184863371393,0.5255582054934828,0.4744418385783905,0.9739802333724547
103688,6,6,0,1.0,0.0,0.9946372301959109,0.9966783469432853,0.5454545454545454,0.5425293982886786,0.005095628235282398,0.997318634688912,0.002681404493001128,0.997318634688912
103772,21,14,7,0.6666666666666666,0.3333333333333333,0.3315582421014137,0.9963108305545415,0.8076923076923077,0.2677970416972957,0.9253109632522089,0.6657791220735076,0.334220879972094,0.9784236478807148
103810,3,1,2,0.3333333333333333,0.6666666666666666,-0.33359175375318584,-0.9984624092467129,0.375,-0.1250969076574447,1.1523839403064369,0.3332041322344951,0.666795885987681,0.9991513850642185
103883,3,2,1,0.6666666666666666,0.3333333333333333,0.3327039482916305,0.9951439861456552,0.375,0.12476398060936145,1.1483385831190214,0.666351987730335,0.33364803943870447,0.9974463470175289
103980,1,0,1,0.0,1.0,-0.9426048373182614,-0.9426048373182614,0.16666666666666666,-0.15710080621971023,0.0,0.028697592516740162,0.9713024298350016,0.9713024298350016
103984,3,3,0,1.0,0.0,0.9901741216809506,0.9976321894453876,0.375,0.3713152956303565,0.014792547861867008,0.995087065478898,0.004912943797947443,0.995087065478898
104074,2,0,2,0.0,1.0,-0.9723454665367793,-0.9723454665367793,0.2857142857142857,-0.2778129904390798,0.010526840634587534,0.013827267325773872,0.9861727338625532,0.9861727338625532
104211,1,1,0,1.0,0.0,0.9984826858554569,0.9984826858554569,0.16666666666666666,0.16641378097590948,0.0,0.9992413475399926,0.0007586616845357986,0.9992413475399926
104218,1,1,0,1.0,0.0,0.9994814963079989,0.9994814963079989,0.16666666666666666,0.16658024938466648,0.0,0.9997407531738282,0.00025925686582922936,0.9997407531738282
104241,5,1,4,0.2,0.8,-0.569057859695247,-0.9853472585743223,0.5,-0.2845289298476235,0.8788269024850259,0.21547106391606455,0.7845289236113115,0.9844644040106016
104243,6,3,3,0.5,0.5,0.12404633615834049,0.34234488108306527,0.5454545454545454,0.06766163790454935,0.9744387860892599,0.5620231528720165,0.437976816713676,0.9286662215381055
104272,3,3,0,1.0,0.0,0.9867074465355671,0.9879702244681874,0.375,0.37001529245083764,0.010812459975786897,0.9933537334448402,0.006646286909273237,0.9933537334448402
104337,2,2,0,1.0,0.0,0.989856365092439,0.989856365092439,0.2857142857142857,0.2828161043121254,0.010263835370821798,0.9949281929815145,0.005071827889075525,0.9949281929815145
104374,5,4,1,0.8,0.2,0.5998944767834888,0.9996371761635813,0.5,0.2999472383917444,0.8939675565323593,0.7999472232795288,0.20005274649604,0.9998038827834484
104457,7,6,1,0.8571428571428571,0.14285714285714285,0.7015939603983815,0.9706813282780834,0.5833333333333334,0.4092631435657226,0.5055796278394542,0.8507969767760155,0.14920301637763395,0.9035885546158315
104841,6,5,1,0.8333333333333334,0.16666666666666666,0.6362992840600163,0.994009124894423,0.5454545454545454,0.34707233676000887,0.8039744403902903,0.8181496437887882,0.18185035972877192,0.9846680369531793
104879,11,11,0,1.0,0.0,0.9290833216518671,0.9969842206029331,0.6875,0.6387447836356587,0.1882460863544344,0.9645416609227406,0.03545833927087339,0.9645416609227406
104908,1,0,1,0.0,1.0,-0.9945330752266778,-0.9945330752266778,0.16666666666666666,-0.16575551253777962,0.0,0.0027334822548760306,0.9972665574815538,0.9972665574815538
104913,2,2,0,1.0,0.0,0.9996350517490924,0.9996350517490924,0.2857142857142857,0.28561001478545495,0.00018499447148110452,0.9998174849010649,0.00018243315197261317,0.9998174849010649
104944,1,1,0,1.0,0.0,0.9996073520524759,0.9996073520524759,0.16666666666666666,0.1666012253420793,0.0,0.9998037035220138,0.00019635146953792215,0.9998037035220138
105197,1,0,1,0.0,1.0,-0.8036794049248199,-0.8036794049248199,0.16666666666666666,-0.13394656748746997,0.0,0.09816029753759008,0.90183970246241,0.90183970246241
105213,1,1,0,1.0,0.0,0.999721786976621,0.999721786976621,0.16666666666666666,0.16662029782943683,0.0,0.9998608803262516,0.00013909334963073535,0.9998608803262516
105355,3,1,2,0.3333333333333333,0.6666666666666666,-0.21088119518724238,-0.5890357869466145,0.375,-0.0790804481952159,1.0157245557137147,0.39455940921788146,0.6054406044051238,0.9186663026021488
105468,3,2,1,0.6666666666666666,0.3333333333333333,0.3334539174432158,0.9984158156439662,0.375,0.1250452190412059,1.1525229413607296,0.6667269587410781,0.3332730412978622,0.9991819064514701
105504,6,6,0,1.0,0.0,0.9954316250491542,0.9975827323000718,0.5454545454545454,0.5429627045722659,0.0051979654302264245,0.9977158000700097,0.00228417502085545,0.9977158000700097
105593,1,1,0,1.0,0.0,0.9996638289639648,0.9996638289639648,0.16666666666666666,0.1666106381606608,0.0,0.9998319384077905,0.00016810944382573517,0.9998319384077905
105653,5,4,1,0.8,0.2,0.5867528340774282,0.9839078386624653,0.5,0.2933764170387141,0.8864717943747372,0.7933764135875085,0.20662357951008037,0.9931463239809464
105731,3,3,0,1.0,0.0,0.8503207966118657,0.883890451257067,0.375,0.3188702987294496,0.16870346044914564,0.9251603797392872,0.0748395831274216,0.9251603797392872
105835,1,1,0,1.0,0.0,0.9932694632159776,0.9932694632159776,0.16666666666666666,0.16554491053599626,0.0,0.9966347434303977,0.0033652802144200347,0.9966347434303977
105844,5,5,0,1.0,0.0,0.9924695002094293,0.994341040708626,0.5,0.49623475010471463,0.007526316126286748,0.9962347675117058,0.0037652673022766465,0.9962347675117058
105954,1,0,1,0.0,1.0,-0.963227085950898,-0.963227085950898,0.16666666666666666,-0.160537847658483,0.0,0.01838644539437643,0.9816135313452744,0.9816135313452744
106002,3,1,2,0.3333333333333333,0.6666666666666666,-0.40811694902962836,-0.9931658025997788,0.375,-0.15304385588611064,1.0186519622152246,0.29594154039037696,0.7040584894200053,0.9600970517987726
106062,1,1,0,1.0,0.0,0.9994143414942007,0.9994143414942007,0.16666666666666666,0.16656905691570012,0.0,0.9997071912211757,0.00029284972697496414,0.9997071912211757
106072,40,19,21,0.475,0.525,-0.06253303197089463,-0.6907992482185364,0.8888888888888888,-0.055584917307461894,0.9662016290171631,0.46873347994534853,0.5312665119162432,0.9744841988563323
106100,2,2,0,1.0,0.0,0.9753852294382712,0.9753852294382712,0.2857142857142857,0.2786814941252203,0.0019143418158081623,0.9876926058901925,0.012307376451921204,0.9876926058901925
106330,1,0,1,0.0,1.0,-0.9859681374260357,-0.9859681374260357,0.16666666666666666,-0.1643280229043393,0.0,0.00701595310653959,0.9929840905325753,0.9929840905325753
106438,1,1,0,1.0,0.0,0.46314793310794733,0.46314793310794733,0.16666666666666666,0.07719132218465788,0.0,0.7315739665539737,0.26842603344602634,0.7315739665539737
106441,1,0,1,0.0,1.0,-0.9988897978884619,-0.9988897978884619,0.16666666666666666,-0.1664816329814103,0.0,0.0005551276716796107,0.9994449255601415,0.9994449255601415
106487,7,6,1,0.8571428571428571,0.14285714285714285,0.6661150203524613,0.9874669068625995,0.5833333333333334,0.38856709520560245,0.7414688081548992,0.8330575083215704,0.16694248796910904,0.9755243458423691
106489,7,5,2,0.7142857142857143,0.2857142857142857,0.4355428643278413,0.9891701579933436,0.5833333333333334,0.2540666708579074,0.9528752356893263,0.7177714437524073,0.28222857942456603,0.9917366438132881
106491,2,2,0,1.0,0.0,0.980161732843926,0.980161732843926,0.2857142857142857,0.28004620938397884,0.027313298931616704,0.9900808561832533,0.009919123339327195,0.9900808561832533
106696,7,5,2,0.7142857142857143,0.2857142857142857,0.45526656460606674,0.9968737010470408,0.5833333333333334,0.2655721626868723,0.798477326192111,0.7276332764182095,0.27236671181214284,0.9131591816581294
106766,2,2,0,1.0,0.0,0.8987518650119193,0.8987518650119193,0.2857142857142857,0.25678624714626264,0.019706330449095106,0.9493759271283908,0.050624062116471656,0.9493759271283908
106782,8,6,2,0.75,0.25,0.5209879282012859,0.9959688359731651,0.6153846153846154,0.32060795581617596,0.7490017284198311,0.7604939544892072,0.23950602628792123,0.9041930682860715
106916,4,2,2,0.5,0.5,0.04086570313090643,0.0807005918449345,0.4444444444444444,0.0181625347248473,1.1085808061930151,0.5204328419314488,0.47956713880054236,0.9791945502884882
106918,4,3,1,0.75,0.25,0.49985643067264696,0.999562360840567,0.4444444444444444,0.22215841363228753,0.9995281605567921,0.7499282016609354,0.25007177098828853,0.9997871518310999
106920,8,5,3,0.625,0.375,0.14211168182068934,0.5559709331478152,0.6153846153846154,0.08745334265888575,0.9842591327952401,0.5710558486628684,0.42894416684217906,0.9427603809602849
107069,1,0,1,0.0,1.0,-0.6980345344534291,-0.6980345344534291,0.16666666666666666,-0.11633908907557151,0.0,0.1509827209901726,0.8490172554436017,0.8490172554436017
107141,2,2,0,1.0,0.0,0.9995343265802794,0.9995343265802794,0.2857142857142857,0.2855812361657941,0.0003085855519847876,0.9997671858856888,0.00023285930540937384,0.9997671858856888
107348,1,0,1,0.0,1.0,-0.9954679081945316,-0.9954679081945316,0.16666666666666666,-0.16591131803242193,0.0,0.0022660787014857583,0.9977339868960173,0.9977339868960173
107406,4,3,1,0.75,0.25,0.5459428947435836,0.9978291188939388,0.4444444444444444,0.2426412865527038,0.9048162543314353,0.772971464032673,0.22702856928908938,0.9757917145824647
107771,1,0,1,0.0,1.0,-0.12207375253949854,-0.12207375253949854,0.16666666666666666,-0.020345625423249754,0.0,0.43896314076014925,0.5610368932996478,0.5610368932996478
108188,2,0,2,0.0,1.0,-0.941881130832791,-0.941881130832791,0.2857142857142857,-0.26910889452365455,0.07724396714824125,0.02905941429263409,0.9709405451254252,0.9709405451254252
108190,6,0,6,0.0,1.0,-0.9656445313266065,-0.9963988071711172,0.5454545454545454,-0.5267151989054217,0.077280586787236,0.01717772611041608,0.9828222574370226,0.9828222574370226
108729,2,1,1,0.5,0.5,-0.018496867458583588,-0.018496867458583588,0.2857142857142857,-0.005284819273881025,1.387233883361833,0.49075157716733964,0.5092484446259232,0.9904612539050816
108928,1,1,0,1.0,0.0,0.9977024249116281,0.9977024249116281,0.16666666666666666,0.16628373748527134,0.0,0.9988512311662946,0.0011488062546665507,0.9988512311662946
108932,2,2,0,1.0,0.0,0.9996748782962834,0.9996748782962834,0.2857142857142857,0.2856213937989381,5.690016330571442e-05,0.9998374389087872,0.00016256061250374072,0.9998374389087872
108945,2,0,2,0.0,1.0,-0.9215338491187307,-0.9215338491187307,0.2857142857142857,-0.2632953854624945,0.11023637260951488,0.039233089541952176,0.960766938660683,0.960766938660683
109187,1,0,1,0.0,1.0,-0.9762452609330705,-0.9762452609330705,0.16666666666666666,-0.16270754348884509,0.0,0.011877401361187685,0.9881226622942582,0.9881226622942582
109374,2,1,1,0.5,0.5,0.3931509013095316,0.3931509013095316,0.2857142857142857,0.11232882894558045,0.857831559943427,0.6965754359036206,0.30342453459408897,0.8032892418247706
109487,21,17,4,0.8095238095238095,0.19047619047619047,0.6242169961773444,0.9928499548804735,0.8076923076923077,0.5041752661432397,0.7317631924371484,0.8121084921356444,0.1878914959583001,0.9700324041782802
109578,2,1,1,0.5,0.5,0.1451230051397756,0.1451230051397756,0.2857142857142857,0.0414637157542216,1.1925001399399722,0.5725614888325664,0.4274384836927908,0.9216124540214092
109633,2,2,0,1.0,0.0,0.7121665652619665,0.7121665652619665,0.2857142857142857,0.203476161503419,0.40617923600747696,0.8560833108585426,0.14391674559657597,0.8560833108585426
109673,5,2,3,0.4,0.6,-0.19296801406758965,-0.9657983320305147,0.5,-0.09648400703379482,1.0875487213448634,0.4035159789658387,0.5964839930334283,0.9958019819634696
109846,1,1,0,1.0,0.0,0.9995988297143154,0.9995988297143154,0.16666666666666666,0.16659980495238588,0.0,0.9997994559151786,0.00020062620086329323,0.9997994559151786
109848,7,4,3,0.5714285714285714,0.42857142857142855,0.14476642308430465,0.9870258907958298,0.5833333333333334,0.08444708013251105,1.0620135832618651,0.5723832091601679,0.42761678607586323,0.9969078698097461
109850,2,2,0,1.0,0.0,0.9288655953308524,0.9288655953308524,0.2857142857142857,0.26539017009452925,0.10015164710311371,0.9644327981527461,0.03556720282189375,0.9644327981527461
110102,13,12,1,0.9230769230769231,0.07692307692307693,0.8441963777916273,0.9992082556574673,0.7222222222222222,0.6096973839606197,0.541449267207019,0.9220981852607719,0.0779018074691446,0.995754736349489
110127,5,1,4,0.2,0.8,-0.4508605085351771,-0.5904711369710722,0.5,-0.22543025426758856,0.7284180492611787,0.27456974492998426,0.7254302534651613,0.8822921392968388
110501,3,2,1,0.6666666666666666,0.3333333333333333,0.33635812232662216,0.9994281508092188,0.375,0.12613429587248332,1.148644205615692,0.6681790595613997,0.3318209372347775,0.9981730446536079
110553,6,2,4,0.3333333333333333,0.6666666666666666,-0.3121250924953641,-0.9345184779704961,0.5454545454545454,-0.17025005045201674,1.013871986075834,0.3439374569965348,0.6560625494918989,0.9879885483994352
110586,1,0,1,0.0,1.0,-0.9515934139490128,-0.9515934139490128,0.16666666666666666,-0.15859890232483545,0.0,0.024203285574913025,0.9757966995239258,0.9757966995239258
110730,1,0,1,0.0,1.0,-0.9988669371034237,-0.9988669371034237,0.16666666666666666,-0.1664778228505706,0.0,0.0005665397707452166,0.9994334768741688,0.9994334768741688
110771,1,0,1,0.0,1.0,-0.6313980467179242,-0.6313980467179242,0.16666666666666666,-0.10523300778632069,0.0,0.18430096962872675,0.815699016346651,0.815699016346651
110882,2,2,0,1.0,0.0,0.9285571400221233,0.9285571400221233,0.2857142857142857,0.2653020400063209,0.09534930673335161,0.9642785962589371,0.03572145623681375,0.9642785962589371
111113,2,0,2,0.0,1.0,-0.8716533977666805,-0.8716533977666805,0.2857142857142857,-0.24904382793333726,0.18016041233748317,0.06417331176376853,0.9358267095304491,0.9358267095304491
111360,6,4,2,0.6666666666666666,0.3333333333333333,0.3477849855185542,0.8802164869753675,0.5454545454545454,0.18970090119193864,0.9141822915885394,0.6738924851701799,0.3261074996516255,0.9471166014035924
111362,7,6,1,0.8571428571428571,0.14285714285714285,0.6094257782897036,0.9704565702977914,0.5833333333333334,0.35549837066899376,0.6482627902338972,0.8047128907120987,0.19528711242239513,0.8917666612594833
111364,7,2,5,0.2857142857142857,0.7142857142857143,-0.526331953514069,-0.9168188290554974,0.5833333333333334,-0.30702697288320696,0.5895434018103866,0.23683403522236376,0.7631659887364327,0.8507677063202289
111384,2,2,0,1.0,0.0,0.9993268607137171,0.9993268607137171,0.2857142857142857,0.2855219602039192,0.000630574686082514,0.9996633961087182,0.0003365353950011056,0.9996633961087182
111617,2,1,1,0.5,0.5,0.03632003425023783,0.03632003425023783,0.2857142857142857,0.010377152642925094,1.3624875902777642,0.5181600132170309,0.481839978966793,0.9817121032758747
111659,9,8,1,0.8888888888888888,0.1111111111111111,0.7739888810955601,0.9965739993807063,0.6428571428571429,0.49756428070428865,0.6613017832342714,0.8869944480769903,0.11300556698143027,0.9969273473865196
111743,2,2,0,1.0,0.0,0.997422045784975,0.997422045784975,0.2857142857142857,0.28497772736713567,0.0008281518373597252,0.9987110372851877,0.0012889915002126467,0.9987110372851877
111759,12,11,1,0.9166666666666666,0.08333333333333333,0.8305189146046527,0.9950474274316521,0.7058823529411765,0.5862486456032843,0.565122967102419,0.9152594423175823,0.08474052771292963,0.9955746059170854
111781,5,5,0,1.0,0.0,0.9880548676351205,0.9948515650771913,0.5,0.49402743381756026,0.014151104936880043,0.9940274345454666,0.0059725669103460974,0.9940274345454666
111921,4,3,1,0.75,0.25,0.5034143618061921,0.9963304807129016,0.4444444444444444,0.2237397163583076,0.9880609416475568,0.7517071892410189,0.2482928274348267,0.996374683732939
112138,2,2,0,1.0,0.0,0.9764774190779094,0.9764774190779094,0.2857142857142857,0.2789935483079741,0.003497818502130994,0.9882386933697731,0.011761274291863653,0.9882386933697731
112171,5,5,0,1.0,0.0,0.987183498452745,0.9881485468186673,0.5,0.4935917492263725,0.010910278109719467,0.993591745760534,0.006408247307789025,0.993591745760534
112175,3,3,0,1.0,0.0,0.8943363584868239,0.9924400609847895,0.375,0.335376134432559,0.17626813802969007,0.9471681847748431,0.05283182628801928,0.9471681847748431
112183,5,3,2,0.6,0.4,0.1997376094854488,0.9823576001053682,0.5,0.0998688047427244,1.0829170150533207,0.5998687992850179,0.40013118979956913,0.9944601536196762
112290,3,3,0,1.0,0.0,0.8987958860305892,0.9676521889184586,0.375,0.337048457261471,0.14771969066757817,0.9493979329106139,0.050602046880024704,0.9493979329106139
112370,3,1,2,0.3333333333333333,0.6666666666666666,-0.34612999079802725,-0.982257893640701,0.375,-0.1297987465492602,1.1147540008649084,0.32693498958242584,0.673064980380453,0.9867477209197472
112421,1,0,1,0.0,1.0,-0.22176528500347603,-0.22176528500347603,0.16666666666666666,-0.03696088083391267,0.0,0.38911734208828064,0.6108826270917567,0.6108826270917567
112552,10,7,3,0.7,0.3,0.4126647084195084,0.9949601232170544,0.6666666666666666,0.2751098056130056,0.9387875251167569,0.7063323554484462,0.2936676470289379,0.9904202115781542
112556,6,6,0,1.0,0.0,0.9661586547949007,0.99298108228088,0.5454545454545454,0.5269956298881276,0.06306302662497648,0.9830793336787931,0.01692067888389225,0.9830793336787931
112623,3,3,0,1.0,0.0,0.9982736178418952,0.9994250741333534,0.375,0.3743526066907107,0.002267147683890819,0.9991368073141503,0.0008631894722553467,0.9991368073141503
112804,1,1,0,1.0,0.0,0.999665283512522,0.999665283512522,0.16666666666666666,0.16661088058542034,0.0,0.9998325956040535,0.00016731209153138498,0.9998325956040535
112818,3,1,2,0.3333333333333333,0.6666666666666666,-0.3739121930447092,-0.994790582296749,0.375,-0.14021707239176595,1.079577904292272,0.3130439003852705,0.6869560934299797,0.9778473854784152
112852,14,14,0,1.0,0.0,0.9259859229926678,0.9995807195946904,0.7368421052631579,0.6823054169419657,0.19224403124151165,0.9629929519795594,0.03700702898689155,0.9629929519795594
112911,4,3,1,0.75,0.25,0.4720766208637214,0.9418306877971617,0.4444444444444444,0.20981183149498728,0.9791186215902513,0.736038307254223,0.2639616863905016,0.9846567489687689
113275,1,1,0,1.0,0.0,0.9961868865149361,0.9961868865149361,0.16666666666666666,0.16603114775248934,0.0,0.9980934095678863,0.0019065230529500831,0.9980934095678863
113345,2,1,1,0.5,0.5,0.0014914850584971662,0.0014914850584971662,0.2857142857142857,0.00042613858814204744,1.409349215651467,0.500745716996682,0.4992542319381848,0.9982801681909805
113348,3,1,2,0.3333333333333333,0.6666666666666666,-0.353016857725414,-0.9987424796472216,0.375,-0.13238132164703026,1.1189620669058904,0.3234915848236128,0.6765084425490268,0.9895248407487002
113378,2,1,1,0.5,0.5,-0.37353663453318076,-0.37353663453318076,0.2857142857142857,-0.10672475272376593,0.8851224750270155,0.31323167417718567,0.6867683087103664,0.8129380435798876
113573,2,1,1,0.5,0.5,-0.022328228755229773,-0.022328228755229773,0.2857142857142857,-0.0063794939300656495,1.3818109270535717,0.4888358789342609,0.5111641076894907,0.9885439317305009
113741,5,5,0,1.0,0.0,0.9139394311135594,0.9974389235888208,0.5,0.4569697155567797,0.18605056760793626,0.9569697271027298,0.04303029598917032,0.9569697271027298
113780,4,4,0,1.0,0.0,0.998321969079861,0.9986570306250164,0.4444444444444444,0.44369865292438265,0.0014574451505808355,0.999160974927837,0.0008390058479760192,0.999160974927837
113829,1,1,0,1.0,0.0,0.9960828327152826,0.9960828327152826,0.16666666666666666,0.1660138054525471,0.0,0.9980413567529965,0.001958524037713874,0.9980413567529965
113862,2,2,0,1.0,0.0,0.9929591614107072,0.9929591614107072,0.2857142857142857,0.2837026175459163,0.007151671996174001,0.9964795756651943,0.0035204142544872307,0.9964795756651943
114028,1,1,0,1.0,0.0,0.9963547797511808,0.9963547797511808,0.16666666666666666,0.16605912995853012,0.0,0.9981773980229879,0.0018226182718071148,0.9981773980229879
114060,2,2,0,1.0,0.0,0.9949654468842615,0.9949654468842615,0.2857142857142857,0.28427584196693184,0.0017314220256639983,0.9974827012256684,0.0025172543414068967,0.9974827012256684
114180,8,5,3,0.625,0.375,0.24875890368798775,0.9890641027998852,0.6153846153846154,0.15308240226953093,1.0297051575695373,0.6243794549116116,0.37562055122362387,0.997396970780355
114552,2,1,1,0.5,0.5,0.029357041729515643,0.029357041729515643,0.2857142857142857,0.00838772620843304,1.3688753670888723,0.5146785234253705,0.4853214816958548,0.9839705298944956
114662,2,2,0,1.0,0.0,0.9897108679894322,0.9897108679894322,0.2857142857142857,0.2827745337112663,0.013924043794572918,0.9948554008908471,0.005144532901414991,0.9948554008908471
114713,4,1,3,0.25,0.75,-0.49362090609074166,-0.985868078629238,0.4444444444444444,-0.21938706937366295,0.9934099358938432,0.25318956573326795,0.7468104718240096,0.9959257289685358
114795,5,3,2,0.6,0.4,0.17584219237169835,0.8814684264680259,0.5,0.08792109618584917,1.0588981633724937,0.5879210771819985,0.4120788848103002,0.9812058698534549
114847,2,0,2,0.0,1.0,-0.9985179735651777,-0.9985179735651777,0.2857142857142857,-0.28529084959005074,0.0015400433254476095,0.0007409933730817434,0.9992589669382594,0.9992589669382594
114935,8,8,0,1.0,0.0,0.971111812974558,0.9958856762944756,0.6153846153846154,0.597607269522805,0.06277276647242583,0.9855559090651841,0.014444096090626073,0.9855559090651841
115122,3,3,0,1.0,0.0,0.9989056334980598,0.9989637304413116,0.375,0.3745896125617724,0.0006426611496676054,0.9994528125064498,0.0005471790083899601,0.9994528125064498
115149,17,13,4,0.7647058823529411,0.23529411764705882,0.5471733479075448,0.9967715169315214,0.7727272727272727,0.42281576883764826,0.7243399979023611,0.773586678026428,0.22641333011888312,0.9209542317457157
115170,1,1,0,1.0,0.0,0.9980749595496389,0.9980749595496389,0.16666666666666666,0.16634582659160646,0.0,0.9990375403201941,0.0009625807705551687,0.9990375403201941
115210,6,5,1,0.8333333333333334,0.16666666666666666,0.6411968385744949,0.9607305253844809,0.5454545454545454,0.3497437301315427,0.8037984514798692,0.8205984064125458,0.17940156783805095,0.9870672043091999
115231,2,2,0,1.0,0.0,0.9936401785562766,0.9936401785562766,0.2857142857142857,0.2838971938732219,0.007435498233282134,0.9968200953959891,0.003179916839712482,0.9968200953959891
115569,6,6,0,1.0,0.0,0.8600468726921054,0.9774366951959763,0.5454545454545454,0.4691164760138757,0.30259809725044157,0.9300234266142714,0.06997655392216594,0.9300234266142714
115617,16,15,1,0.9375,0.0625,0.8694655188972431,0.9996144788820807,0.7619047619047619,0.6624499191598042,0.3464086886930931,0.934732764999078,0.06526724610183494,0.948608774445002
115664,1,1,0,1.0,0.0,0.9988253228500862,0.9988253228500862,0.16666666666666666,0.166470887141681,0.0,0.9994126743357965,0.0005873514857102817,0.9994126743357965
115667,1,0,1,0.0,1.0,-0.9324279682976859,-0.9324279682976859,0.16666666666666666,-0.15540466138294765,0.0,0.03378603653031952,0.9662140048280055,0.9662140048280055
115680,1,1,0,1.0,0.0,0.9990656463674797,0.9990656463674797,0.16666666666666666,0.16651094106124661,0.0,0.9995328523699936,0.0004672060025138756,0.9995328523699936
115713,5,3,2,0.6,0.4,0.3130035499551781,0.9671323725155422,0.5,0.15650177497758905,0.9475734308577584,0.6565017916016809,0.34349824164650283,0.9366695614411025
116797,4,4,0,1.0,0.0,0.9947056409046767,0.9947820653630646,0.4444444444444444,0.4420913959576341,0.00450146993552961,0.9973528341630629,0.002647193258386131,0.9973528341630629
116799,2,2,0,1.0,0.0,0.9971713235411737,0.9971713235411737,0.2857142857142857,0.2849060924403353,0.0009770137795429496,0.9985856648097893,0.0014143412686154961,0.9985856648097893
116823,3,1,2,0.3333333333333333,0.6666666666666666,-0.3286401486951668,-0.9869370539983114,0.375,-0.12324005576068754,1.1503993991146606,0.3356799272177098,0.6643200759128766,0.9975565151409344
116887,2,0,2,0.0,1.0,-0.7650796605829701,-0.7650796605829701,0.2857142857142857,-0.21859418873799144,0.3161628356291182,0.11746015111323735,0.8825398116962073,0.8825398116962073
116897,1,0,1,0.0,1.0,-0.9807329324575571,-0.9807329324575571,0.16666666666666666,-0.16345548874292617,0.0,0.009633528880583934,0.990366461338141,0.990366461338141
116977,1,1,0,1.0,0.0,0.8838403495875271,0.8838403495875271,0.16666666666666666,0.14730672493125452,0.0,0.9419201937588778,0.058079844171350654,0.9419201937588778
117176,4,4,0,1.0,0.0,0.9935869483895224,0.9988017387993471,0.4444444444444444,0.44159419928423216,0.011032570668891564,0.9967934780487158,0.0032065296591934165,0.9967934780487158
117444,3,3,0,1.0,0.0,0.9966867348382659,0.9965381725895696,0.375,0.3737575255643497,0.0027633441845806702,0.9983433549927448,0.0016566201544789226,0.9983433549927448
117529,14,8,6,0.5714285714285714,0.42857142857142855,0.11468859417601096,0.7456204340064794,0.7368421052631579,0.08450738518232385,0.9925249472940176,0.5573442902401596,0.4426556960641487,0.97740046414559
117533,1,0,1,0.0,1.0,-0.9970662166034022,-0.9970662166034022,0.16666666666666666,-0.1661777027672337,0.0,0.001466888734089431,0.9985331053374916,0.9985331053374916
117590,1,0,1,0.0,1.0,-0.9185120878340323,-0.9185120878340323,0.16666666666666666,-0.1530853479723387,0.0,0.04074395155604882,0.9592560393900811,0.9592560393900811
117851,2,2,0,1.0,0.0,0.9984230194093313,0.9984230194093313,0.2857142857142857,0.2852637198312375,0.0018384108020169105,0.9992115098426784,0.0007884904333470364,0.9992115098426784
117881,2,2,0,1.0,0.0,0.992697523311378,0.992697523311378,0.2857142857142857,0.28362786380325083,0.009444268421401373,0.9963487706408893,0.0036512473295114024,0.9963487706408893
117887,3,3,0,1.0,0.0,0.9906291969157648,0.9982386832987821,0.375,0.3714859488434118,0.014427051991476987,0.995314601814037,0.004685404898272128,0.995314601814037
117895,6,1,5,0.16666666666666666,0.8333333333333334,-0.5831014588596978,-0.9843250583086465,0.5454545454545454,-0.31805534119619877,0.7853316688145011,0.2084492710611118,0.7915507299208095,0.9532910057335472
118696,6,2,4,0.3333333333333333,0.6666666666666666,-0.17390293634385098,-0.5540169449818924,0.5454545454545454,-0.09485614709664598,0.9107847483614118,0.41304852740449366,0.5869514637483446,0.9128305192749747
118700,1,1,0,1.0,0.0,0.975969674540501,0.975969674540501,0.16666666666666666,0.1626616124234168,0.0,0.9879848106234681,0.012015136082967122,0.9879848106234681
118702,1,1,0,1.0,0.0,0.9929995592988905,0.9929995592988905,0.16666666666666666,0.16549992654981507,0.0,0.9964997963827165,0.0035002370838259087,0.9964997963827165
118898,1,1,0,1.0,0.0,0.9993421266414991,0.9993421266414991,0.16666666666666666,0.1665570211069165,0.0,0.9996710883246528,0.00032896168315361556,0.9996710883246528
118900,2,2,0,1.0,0.0,0.9958877694999949,0.9958877694999949,0.2857142857142857,0.28453936271428426,0.0029058311318401553,0.9979438728696677,0.002056103369672854,0.9979438728696677
118985,2,2,0,1.0,0.0,0.9930481876544479,0.9930481876544479,0.2857142857142857,0.28372805361555653,0.009300225789818171,0.9965241067718262,0.0034759191173783024,0.9965241067718262
118997,1,0,1,0.0,1.0,-0.9564408479314861,-0.9564408479314861,0.16666666666666666,-0.159406807988581,0.0,0.021779542619531803,0.978220390551018,0.978220390551018
119145,8,6,2,0.75,0.25,0.6211378732239654,0.997359469808003,0.6153846153846154,0.38223869121474796,0.7423824065881875,0.8105689355997046,0.1894310623757391,0.9372996464132776
119155,4,2,2,0.5,0.5,-0.010320913828762823,-0.024291884415497234,0.4444444444444444,-0.004587072812783477,1.1211482232418317,0.4948395333303548,0.5051604471591176,0.9852527796207743
120466,1,1,0,1.0,0.0,0.998013096061391,0.998013096061391,0.16666666666666666,0.16633551601023183,0.0,0.9990065668670225,0.000993470805631557,0.9990065668670225
120635,5,0,5,0.0,1.0,-0.96322292753205,-0.9946568151042886,0.5,-0.481611463766025,0.056671666286221695,0.018388521562757946,0.9816114490948079,0.9816114490948079
120799,3,1,2,0.3333333333333333,0.6666666666666666,-0.33288147540427665,-0.9946160282002015,0.375,-0.12483055327660375,1.1475363931136906,0.33355928399503365,0.6664407593993102,0.9971671250531463
121231,4,3,1,0.75,0.25,0.5768929615331542,0.9950853050925069,0.4444444444444444,0.25639687179251297,0.8380993056271674,0.788446470893051,0.21155350935989684,0.9585101389240098
122882,13,11,2,0.8461538461538461,0.15384615384615385,0.653219737619054,0.9933829243977864,0.7222222222222222,0.47176981050265016,0.6484325601765674,0.8266098669138251,0.173390129294771,0.9310940419773476
122886,9,7,2,0.7777777777777778,0.2222222222222222,0.4117988105390342,0.9481642723083495,0.6428571428571429,0.26472780677509344,0.8374711786836587,0.7058994140867634,0.29410060354772916,0.9279923508448604
122890,7,3,4,0.42857142857142855,0.5714285714285714,-0.09669075191104635,-0.3356604341600762,0.5833333333333334,-0.05640293861477704,0.9148605355268953,0.4516546332701251,0.5483453851811714,0.9076756631245554
122892,39,28,11,0.717948717948718,0.28205128205128205,0.44503291328512784,0.99337114544397,0.8863636363636364,0.3944609913209088,0.8791042875550698,0.7225164517446354,0.27748353845950763,0.983440276873738
122896,5,1,4,0.2,0.8,-0.5969800836101861,-0.9932450402814608,0.5,-0.29849004180509303,0.886949554884698,0.20150995302492833,0.7984900366351144,0.996413394941403
122898,29,14,15,0.4827586206896552,0.5172413793103449,-0.025147407813125557,-0.12779852951386844,0.8529411764705882,-0.021449259605312975,0.9607104636619818,0.48742628613826355,0.5125736939513892,0.9607528432938326
122900,12,11,1,0.9166666666666666,0.08333333333333333,0.8329326274807135,0.9985471845489774,0.7058823529411765,0.5879524429275625,0.5383421615183143,0.9164663048718199,0.08353367739110636,0.989414736599682
122902,5,1,4,0.2,0.8,-0.6021863706951074,-0.9842117543561179,0.5,-0.3010931853475537,0.8352224730151312,0.19890680876119707,0.8010931794563045,0.9793142135340693
122904,13,11,2,0.8461538461538461,0.15384615384615385,0.702159501506505,0.995813295587726,0.7222222222222222,0.5071151955324757,0.7003059889231734,0.8510797532337684,0.14892025172726353,0.9850760707573429
122906,21,16,5,0.7619047619047619,0.23809523809523808,0.49296442279995467,0.9925905246483653,0.8076923076923077,0.39816357226150184,0.8490379270867531,0.7464822040603347,0.2535177812603801,0.9803472827583
122910,19,8,11,0.42105263157894735,0.5789473684210527,-0.06527360398802265,-0.5050192612868089,0.7916666666666666,-0.05167493649051793,0.9603650045804347,0.4673632090413387,0.5326368130293614,0.9533171910141929
122912,33,30,3,0.9090909090909091,0.09090909090909091,0.7934937722024622,0.9994837121846967,0.868421052631579,0.6890866969126646,0.5835289844832441,0.8967468822328534,0.10325311003039117,0.9868650114753071
122914,59,40,19,0.6779661016949152,0.3220338983050847,0.3173561239298427,0.9917936635514101,0.921875,0.2925626767478237,0.9069083774364153,0.6586780620376795,0.34132193810783684,0.9711904359965282
122916,38,19,19,0.5,0.5,0.007535891364067197,-0.07381005654625569,0.8837209302325582,0.006659624926384965,0.9539547805267623,0.5037679472025216,0.4962320558384545,0.9584685383662734
122918,24,19,5,0.7916666666666666,0.20833333333333334,0.5375553032755221,0.9975669999622251,0.8275862068965517,0.4448733544349149,0.8257519506396083,0.7687776507012659,0.23122234742574385,0.9762129502726394
122920,25,21,4,0.84,0.16,0.7075282052305423,0.9988991711402962,0.8333333333333334,0.5896068376921186,0.6684074041882622,0.8537640997208542,0.1462358944903121,0.9773336605302946
122922,29,24,5,0.8275862068965517,0.1724137931034483,0.6890596600593597,0.9990570239722728,0.8529411764705882,0.5877273571094539,0.6909087129591339,0.8445298333007302,0.15547017324137033,0.9766333692633467
122924,9,3,6,0.3333333333333333,0.6666666666666666,-0.31349157366185054,-0.9668812796473503,0.6428571428571429,-0.2015302973540468,0.9850970242554006,0.3432542120352522,0.6567457856971026,0.989772042156366
125916,4,2,2,0.5,0.5,-0.02040796133243694,-0.026590083011640342,0.4444444444444444,-0.00907020503663864,1.1295126429026514,0.4897960095579775,0.5102039708904145,0.9890731869514588
126548,2,2,0,1.0,0.0,0.9948381292069962,0.9948381292069962,0.2857142857142857,0.28423946548771317,0.0001320013152166176,0.997419065770095,0.002580936563098686,0.997419065770095
127096,3,0,3,0.0,1.0,-0.9547167643485525,-0.9843227797910615,0.375,-0.3580187866307072,0.05826912219674181,0.022641626084978866,0.9773583904335313,0.9773583904335313
127108,2,2,0,1.0,0.0,0.9978176835789769,0.9978176835789769,0.2857142857142857,0.2850907667368505,0.002411080969545252,0.9989088379900513,0.0010911544110744362,0.9989088379900513
127202,1,1,0,1.0,0.0,0.9996474010779732,0.9996474010779732,0.16666666666666666,0.1666079001796622,0.0,0.9998237240699029,0.000176322991929708,0.9998237240699029
128360,9,6,3,0.6666666666666666,0.3333333333333333,0.23358168429690324,0.7026839485318642,0.6428571428571429,0.15015965419086638,0.9358892834168566,0.6167908425150075,0.3832091582181043,0.9455306073135825
128512,1,1,0,1.0,0.0,0.9992623232236063,0.9992623232236063,0.16666666666666666,0.1665437205372677,0.0,0.9996311752884476,0.0003688520648413234,0.9996311752884476
128838,3,2,1,0.6666666666666666,0.3333333333333333,0.08655161762895051,0.26202019395213644,0.375,0.03245685661085644,1.0027316382111418,0.543275829451696,0.4567242118227455,0.874053470341694
129354,3,3,0,1.0,0.0,0.9918407532316625,0.9994851320871871,0.375,0.37194028246187344,0.013399327108513659,0.9959203565715726,0.004079603339910121,0.9959203565715726
130073,7,6,1,0.8571428571428571,0.14285714285714285,0.6473729750232654,0.9991748996588014,0.5833333333333334,0.37763423543023816,0.6302790328729081,0.8236864890517169,0.17631351402845152,0.9095074562029897
130490,6,3,3,0.5,0.5,-0.007467884234980497,-0.013185335268112885,0.5454545454545454,-0.0040733914008984524,1.0845892015273608,0.4962660713715947,0.5037339556065751,0.9950293180283182
130520,2,2,0,1.0,0.0,0.5621161296449858,0.5621161296449858,0.2857142857142857,0.16060460846999594,0.2815425757931284,0.7810580483798323,0.21894191873484645,0.7810580483798323
130576,3,2,1,0.6666666666666666,0.3333333333333333,0.09986974815364173,0.2415327381443333,0.375,0.03745115555761565,0.9783906875489836,0.5499348750364804,0.4500651268828387,0.863811572222218
130634,3,1,2,0.3333333333333333,0.6666666666666666,-0.34779296783224867,-0.9935165580370685,0.375,-0.13042236293709325,1.1212595239452476,0.32610351571203994,0.6738964835442887,0.989538027311159
131013,2,2,0,1.0,0.0,0.9977417189753801,0.9977417189753801,0.2857142857142857,0.2850690625643943,0.0027310984418623214,0.9988708515797764,0.0011291326043962825,0.9988708515797764
132046,3,3,0,1.0,0.0,0.8166598537660118,0.9986704491923765,0.375,0.30624744516225444,0.31614345001972494,0.9083299177509622,0.09167006398495049,0.9083299177509622
132480,2,1,1,0.5,0.5,-0.48426246403824486,-0.48426246403824486,0.2857142857142857,-0.1383607040109271,0.7286661833198326,0.25786877286278503,0.7421312369010299,0.7576224046052942
132796,5,2,3,0.4,0.6,-0.14683466067603393,-0.5696925533911026,0.5,-0.07341733033801696,0.9869844123155551,0.42658266370672626,0.5734173243827602,0.9395358373566303
133195,2,0,2,0.0,1.0,-0.9761306502891769,-0.9761306502891769,0.2857142857142857,-0.2788944715111934,0.03246422931185452,0.011934690767710643,0.9880653410568875,0.9880653410568875
133419,6,1,5,0.16666666666666666,0.8333333333333334,-0.6730436742945359,-0.9581873849830194,0.5454545454545454,-0.3671147314333832,0.7165664381309401,0.16347817037744625,0.8365218446719821,0.9677170161769836
133645,3,2,1,0.6666666666666666,0.3333333333333333,0.3407087977570497,0.9817776293666275,0.375,0.12776579915889363,1.1257449362873344,0.6703544079028801,0.3296456101458305,0.9900708161165112
133771,5,5,0,1.0,0.0,0.9300754915361825,0.9950889661908149,0.5,0.46503774576809126,0.1490945507226819,0.9650377551669258,0.03496226363074329,0.9650377551669258
134130,9,7,2,0.7777777777777778,0.2222222222222222,0.5467953575718218,0.9487411998142705,0.6428571428571429,0.3515113012961712,0.7334949596621497,0.7733976865633349,0.22660232899151295,0.9334122357091896
134170,1,0,1,0.0,1.0,-0.3908277420770554,-0.3908277420770554,0.16666666666666666,-0.06513795701284256,0.0,0.30458611987885975,0.6954138619559151,0.6954138619559151
134214,1,1,0,1.0,0.0,0.9980919962236771,0.9980919962236771,0.16666666666666666,0.1663486660372795,0.0,0.9990460101125304,0.0009540138888533098,0.9990460101125304
134368,4,3,1,0.75,0.25,0.49719031738362807,0.9930988306056271,0.4444444444444444,0.22097347439272358,0.9959451341039864,0.7485951532222908,0.25140483583866274,0.9977750391823835
134393,2,1,1,0.5,0.5,-0.4247451915667939,-0.4247451915667939,0.2857142857142857,-0.12135576901908397,0.6190005050700678,0.2876274013950814,0.7123725929618753,0.7188497245249498
134853,11,11,0,1.0,0.0,0.9515724200370678,0.999470770246719,0.6875,0.6542060387754841,0.15615463473349173,0.9757862137180275,0.024213793680959682,0.9757862137180275
135133,5,1,4,0.2,0.8,-0.7231502814249585,-0.9953243645686137,0.5,-0.36157514071247926,0.5984276380298319,0.1384248615658723,0.8615751429908307,0.9310054106520174
135137,3,2,1,0.6666666666666666,0.3333333333333333,0.4055832135490687,0.848676887512207,0.375,0.15209370508090075,0.8831368942818552,0.702791603095316,0.2972083895462473,0.9065837963525328
135141,5,1,4,0.2,0.8,-0.5471187191153535,-0.9802384331112817,0.5,-0.27355935955767674,0.8658984451688306,0.22644062981778879,0.7735593489331423,0.9716060620594753
135143,6,4,2,0.6666666666666666,0.3333333333333333,0.3071567189474788,0.912986098758636,0.5454545454545454,0.1675400285168066,1.004782651419031,0.653578349121448,0.3464216301739691,0.9828082796070402
135426,8,3,5,0.375,0.625,-0.2393152523668317,-0.9361182048350782,0.6153846153846154,-0.1472709245334349,1.0128504183395126,0.38034237497975126,0.619657627346583,0.9883534385238754
135436,4,2,2,0.5,0.5,0.0707552306825181,0.13818106723249196,0.4444444444444444,0.031446769192230266,1.076357824318877,0.5353775893073228,0.4646223586248047,0.9636092487546022
135518,1,0,1,0.0,1.0,-0.8898651997248332,-0.8898651997248332,0.16666666666666666,-0.14831086662080553,0.0,0.05506738468452736,0.9449325844093606,0.9449325844093606
135532,6,2,4,0.3333333333333333,0.6666666666666666,-0.4299171112579952,-0.9543720502480805,0.5454545454545454,-0.234500242504361,0.8521897067615402,0.28504144165597783,0.714958552913973,0.9323801814106173
135536,10,2,8,0.2,0.8,-0.520242028262494,-0.995537092033626,0.6666666666666666,-0.34682801884166264,0.8343669832514158,0.2398789809856024,0.7601210092480964,0.9585143523393136
135567,4,1,3,0.25,0.75,-0.2835169254136362,-0.5581299278280376,0.4444444444444444,-0.12600752240606053,0.8759407359077455,0.35824153349336596,0.6417584589070022,0.8844923835368426
135569,8,6,2,0.75,0.25,0.43162967708504835,0.9727310226959177,0.6153846153846154,0.26561826282156825,0.8882964176793267,0.7158148360012355,0.2841851589161871,0.9606847985037096
135861,2,0,2,0.0,1.0,-0.9887891419264894,-0.9887891419264894,0.2857142857142857,-0.28251118340756837,0.013732981539841371,0.005605429359852883,0.9943945712863422,0.9943945712863422
135887,5,3,2,0.6,0.4,0.194161728185034,0.956087529065205,0.5,0.097080864092517,1.0830633831592162,0.5970808738626984,0.4029191456776643,0.9939262319442719
136016,3,3,0,1.0,0.0,0.7839560063527479,0.9984132415835513,0.375,0.29398350238228044,0.3721653852396636,0.8919779961995721,0.1080219898468243,0.8919779961995721
136018,3,0,3,0.0,1.0,-0.8636998823083392,-0.9402584192600656,0.375,-0.32388745586562717,0.18357295997558826,0.06815006269908362,0.9318499450074227,0.9318499450074227
136020,10,4,6,0.4,0.6,-0.24979713485107585,-0.9763582666016084,0.6666666666666666,-0.16653142323405057,0.965329049147404,0.37510143596270273,0.6248985708137786,0.9689758904095236
136562,1,1,0,1.0,0.0,0.9909438317821873,0.9909438317821873,0.16666666666666666,0.1651573052970312,0.0,0.995471913327453,0.004528081545265772,0.995471913327453
136598,3,2,1,0.6666666666666666,0.3333333333333333,0.32752647053444595,0.9759940152265588,0.375,0.12282242645041723,1.1410246150141137,0.6637632338681391,0.33623676333369307,0.9937505100166609
136602,3,2,1,0.6666666666666666,0.3333333333333333,0.37046929760614833,0.36777054491660577,0.375,0.13892598660230562,0.534276456898827,0.6852346502210641,0.3147653526149157,0.7393855405266775
136864,13,8,5,0.6153846153846154,0.38461538461538464,0.15071598605611936,0.7357734968495924,0.7222222222222222,0.10885043437386398,0.9443095844999343,0.5753579963643176,0.42464201030819826,0.9464744829012164
137337,2,1,1,0.5,0.5,0.3989893743602503,0.3989893743602503,0.2857142857142857,0.11399696410292864,0.8024361074903829,0.6994946856788695,0.30050531131861924,0.7837040050364379
137857,6,6,0,1.0,0.0,0.9438219429307056,0.9866208748173627,0.5454545454545454,0.514811968871294,0.10592585414845895,0.9719109552589466,0.028089012328240834,0.9719109552589466
138036,8,8,0,1.0,0.0,0.7440175167366085,0.9799611360036562,0.6153846153846154,0.4578569333763745,0.38251019062335334,0.8720087598017146,0.127991243065106,0.8720087598017146
138210,5,4,1,0.8,0.2,0.5976252793819999,0.9949640150993101,0.5,0.29881263969099997,0.8922016097565555,0.7988126345005433,0.2011873551185434,0.9984907432589398
139385,10,6,4,0.6,0.4,0.2743058986536144,0.9896546533121187,0.6666666666666666,0.18287059910240958,0.9344020590619748,0.6371529628009662,0.3628470641473519,0.9603373065145953
139642,3,2,1,0.6666666666666666,0.3333333333333333,0.3263369299791968,0.9470843765470717,0.375,0.1223763487421988,1.119703486500517,0.6631684801534895,0.3368315501742927,0.9852514011455772
139644,10,9,1,0.9,0.1,0.8188396362139769,0.9992077147254386,0.6666666666666666,0.5458930908093179,0.5512205373524015,0.9094198069535926,0.09058017073961552,0.9843607703017643
139855,4,3,1,0.75,0.25,0.707184121795271,0.9742320799424948,0.4444444444444444,0.3143040541312315,0.5509029002540051,0.8535920437037398,0.14640792190846874,0.8832464019315625
140110,3,3,0,1.0,0.0,0.9983830441320923,0.9982259305867485,0.375,0.37439364154953464,0.0012805837639940695,0.9991915182473706,0.0008084741152783122,0.9991915182473706
140174,4,4,0,1.0,0.0,0.7988571927446141,0.9870226780371427,0.4444444444444444,0.35504764121982846,0.3847536124534228,0.899428594063886,0.10057140131927193,0.899428594063886
140247,4,4,0,1.0,0.0,0.7076785882610783,0.9009193517783098,0.4444444444444444,0.31452381700492366,0.4549805095086418,0.8538392724127828,0.14616068415170447,0.8538392724127828
140267,5,5,0,1.0,0.0,0.9925631468232542,0.9957055907136217,0.5,0.4962815734116271,0.00868570179439846,0.9962815811345515,0.0037184343112973673,0.9962815811345515
140523,3,2,1,0.6666666666666666,0.3333333333333333,0.1021702160405773,0.2878144391551005,0.375,0.03831383101521649,0.9996306486788229,0.5510851011757083,0.448914885135131,0.8768414834535837
140711,3,2,1,0.6666666666666666,0.3333333333333333,0.3116982666570604,0.9381813858494614,0.375,0.11688684999639765,1.1349950622874216,0.6558491377813227,0.3441508711242623,0.9886708173933235
140715,3,3,0,1.0,0.0,0.9935084746537325,0.9991642019400994,0.375,0.37256567799514967,0.010175634282099572,0.9967542486875972,0.003245774033864776,0.9967542486875972
140928,3,1,2,0.3333333333333333,0.6666666666666666,-0.13847722765530643,-0.4193592071533203,0.375,-0.05192896037073991,1.026347314331482,0.4307613743856922,0.5692386020409986,0.902261424756125
140956,13,8,5,0.6153846153846154,0.38461538461538464,0.23373074414759387,0.9783057424757216,0.7222222222222222,0.1688055374399289,0.9961828323798639,0.6168653707313078,0.38313462658371394,0.9925323800222203
141688,2,1,1,0.5,0.5,0.14507461754673157,0.14507461754673157,0.2857142857142857,0.041449890727637585,0.27381102582254646,0.5725373284367538,0.4274627108900222,0.5968068362247717
141749,3,3,0,1.0,0.0,0.8304741817878715,0.9703468615594117,0.375,0.3114278181704518,0.25044549850118414,0.9152370784250218,0.08476289663715038,0.9152370784250218
141866,2,2,0,1.0,0.0,0.9936873950001467,0.9936873950001467,0.2857142857142857,0.28391068428575617,0.0004884388606405065,0.9968436976474544,0.0031563026473076655,0.9968436976474544
141890,1,1,0,1.0,0.0,0.9815887611285257,0.9815887611285257,0.16666666666666666,0.16359812685475428,0.0,0.9907943629011323,0.009205601772606696,0.9907943629011323
142222,2,1,1,0.5,0.5,0.22711421447913616,0.22711421447913616,0.2857142857142857,0.06488977556546748,1.0863839338586851,0.6135571139105661,0.38644289943142995,0.884094729972795
142448,5,4,1,0.8,0.2,0.5994924927254361,0.9933711464373057,0.5,0.29974624636271807,0.8814302626262199,0.7997462455071658,0.20025375278172972,0.995195839794151
142488,5,3,2,0.6,0.4,0.2810985891399942,0.9290394454166807,0.5,0.1405492945699971,0.9640476634751035,0.6405492997104265,0.35945071057043243,0.944867172946199
142509,3,3,0,1.0,0.0,0.9948636912367211,0.9939278643181984,0.375,0.3730738842137704,0.004424283668955451,0.9974318341431264,0.0025681429064053356,0.9974318341431264
142997,2,2,0,1.0,0.0,0.9967357695016239,0.9967357695016239,0.2857142857142857,0.28478164842903536,0.0027341242026565275,0.9983678815066395,0.0016321120050155498,0.9983678815066395
143245,2,2,0,1.0,0.0,0.983681402224998,0.983681402224998,0.2857142857142857,0.2810518292071423,0.009315388398317461,0.9918406955602797,0.00815929333528157,0.9918406955602797
143345,10,7,3,0.7,0.3,0.410478525245842,0.9714638387661029,0.6666666666666666,0.27365235016389466,0.9267635473130071,0.7052392528635707,0.2947607276177286,0.9843359483543545
143347,13,10,3,0.7692307692307693,0.23076923076923078,0.506231971643976,0.9923748518857691,0.7222222222222222,0.36561197952064933,0.8597880543368231,0.7531159767770613,0.2468840051330853,0.9826285029499437
143355,12,10,2,0.8333333333333334,0.16666666666666666,0.4907209323151349,0.9963795340689672,0.7058823529411765,0.34639124634009527,0.7704622200209925,0.7453604694472565,0.25463953713212173,0.9100562425545706
143365,3,0,3,0.0,1.0,-0.8984676532848833,-0.9909395906660292,0.375,-0.33692536998183126,0.1660122909654569,0.050766189025183095,0.9492338423100665,0.9492338423100665
143367,1,0,1,0.0,1.0,-0.988202256845035,-0.988202256845035,0.16666666666666666,-0.16470037614083916,0.0,0.005898857854076268,0.9941011146991113,0.9941011146991113
143385,7,7,0,1.0,0.0,0.9364972034649737,0.9985417043592067,0.5833333333333334,0.546290035354568,0.16141429372256524,0.9682485937343726,0.03175139026939882,0.9682485937343726
143657,5,5,0,1.0,0.0,0.8315776292229833,0.980013816948705,0.5,0.41578881461149164,0.3414666014086181,0.9157888039874533,0.08421117476447015,0.9157888039874533
143859,3,0,3,0.0,1.0,-0.7933891124870428,-0.9091327350079049,0.375,-0.29752091718264106,0.27602900632260624,0.10330543695999363,0.8966945494470364,0.8966945494470364
144482,1,0,1,0.0,1.0,-0.13125485181808472,-0.13125485181808472,0.16666666666666666,-0.02187580863634745,0.0,0.43437260389328003,0.5656274557113647,0.5656274557113647
144620,7,3,4,0.42857142857142855,0.5714285714285714,-0.13739242401589194,-0.953609161457773,0.5833333333333334,-0.08014558067593697,1.0537268578733219,0.4313037945676349,0.5686962185835268,0.9925426441447388
144976,5,4,1,0.8,0.2,0.5898618587478438,0.9847912719010045,0.5,0.2949309293739219,0.8869511088684313,0.7949309126725017,0.20506905392465802,0.9942742492271988
145418,1,1,0,1.0,0.0,0.9988357914287759,0.9988357914287759,0.16666666666666666,0.16647263190479597,0.0,0.9994179269541865,0.0005821355254105899,0.9994179269541865
146656,8,7,1,0.875,0.125,0.744147723747566,0.9984464252313456,0.6153846153846154,0.45793706076773294,0.6740722682382434,0.872073868755491,0.12792614500792496,0.9871976842716123
148172,9,2,7,0.2222222222222222,0.7777777777777778,-0.5388228722163348,-0.9976983805497488,0.6428571428571429,-0.34638613213907243,0.8700321043283206,0.23058856898632663,0.7694114412026614,0.9901640082781091
148626,3,3,0,1.0,0.0,0.9978900084765536,0.9992857547627912,0.375,0.3742087531787076,0.002537270780735287,0.9989449940426445,0.0010549855660907188,0.9989449940426445
148888,3,1,2,0.3333333333333333,0.6666666666666666,-0.3486131420149383,-0.9887984873174311,0.375,-0.13072992825560187,1.1159938576491746,0.32569343840507575,0.674306580420014,0.9876454949809071
149334,5,5,0,1.0,0.0,0.9825844347871717,0.9786592943096593,0.5,0.49129221739358586,0.01557306446951494,0.9912922148648852,0.008707780077713435,0.9912922148648852
149352,2,2,0,1.0,0.0,0.9935898122421079,0.9935898122421079,0.2857142857142857,0.2838828034977451,0.008559130428285069,0.9967949482224743,0.0032051359803664573,0.9967949482224743
149406,6,6,0,1.0,0.0,0.9903251583611197,0.9986874595305727,0.5454545454545454,0.5401773591060652,0.02082217527550974,0.9951625865891508,0.004837428228031211,0.9951625865891508
151455,2,2,0,1.0,0.0,0.9867628093229153,0.9867628093229153,0.2857142857142857,0.2819322312351186,0.010132222985398478,0.993381425824879,0.00661861650196368,0.993381425824879
151739,2,0,2,0.0,1.0,-0.9916333660459871,-0.9916333660459871,0.2857142857142857,-0.283323818870282,0.0055462529189057716,0.004183289083105911,0.9958166551290929,0.9958166551290929
152017,1,1,0,1.0,0.0,0.9822493736560528,0.9822493736560528,0.16666666666666666,0.16370822894267545,0.0,0.9911247057792468,0.008875332123193986,0.9911247057792468
152063,6,2,4,0.3333333333333333,0.6666666666666666,-0.3485862330978497,-0.6492525852087182,0.5454545454545454,-0.19013794532609982,0.8210913019840903,0.32570690581864076,0.6742931389164903,0.8749903355510117
152077,5,4,1,0.8,0.2,0.6269603874717555,0.9951186592873302,0.5,0.31348019373587777,0.6155922387935518,0.8134801983386926,0.18651981086693695,0.8977534768181752
152079,5,0,5,0.0,1.0,-0.8962498597402135,-0.990242154671336,0.5,-0.44812492987010677,0.21401263327837466,0.05187507286348577,0.9481249326036991,0.9481249326036991
152081,13,13,0,1.0,0.0,0.9941616455193747,0.9994758008116925,0.7222222222222222,0.7180056328751039,0.01837167965954721,0.9970808299620931,0.002919184442718503,0.9970808299620931
152970,3,3,0,1.0,0.0,0.9921132920265245,0.9910649542852958,0.375,0.3720424845099467,0.0068667041212740546,0.9960566274974209,0.003943335470896311,0.9960566274974209
155064,7,5,2,0.7142857142857143,0.2857142857142857,0.3176040030001525,0.9632771100316728,0.5833333333333334,0.18526900175008898,0.9305422920483029,0.6588020051821054,0.3411980021819529,0.9394236305258074
155288,3,2,1,0.6666666666666666,0.3333333333333333,0.35898963083142804,0.9703195372894204,0.375,0.13462111156178552,1.0840755581297263,0.6794948219043496,0.3205051910729216,0.9770551345860775
156387,2,2,0,1.0,0.0,0.9941794654786567,0.9941794654786567,0.2857142857142857,0.2840512758510447,0.005096536523860279,0.9970897240560281,0.0029102585773715063,0.9970897240560281
156605,5,5,0,1.0,0.0,0.9883166266209091,0.9915383396011825,0.5,0.49415831331045457,0.0066754423527462785,0.9941583152054904,0.005841688584581372,0.9941583152054904
156609,1,0,1,0.0,1.0,-0.9986038432916006,-0.9986038432916006,0.16666666666666666,-0.16643397388193343,0.0,0.0006980772813161214,0.9993019205729167,0.9993019205729167
156726,5,4,1,0.8,0.2,0.6393899465330756,0.9957525373902172,0.5,0.3196949732665378,0.796450261189736,0.8196950014661528,0.18030505493307725,0.9767599874636212
157200,2,2,0,1.0,0.0,0.9971574889204693,0.9971574889204693,0.2857142857142857,0.28490213969156264,0.003617924822076839,0.9985787432507325,0.001421254330263288,0.9985787432507325
157296,3,2,1,0.6666666666666666,0.3333333333333333,0.33102436688447834,0.9946008318259623,0.375,0.12413413758167938,1.1523936115906737,0.6655122051619153,0.334487838277437,0.9987267415977849
157340,2,1,1,0.5,0.5,0.18742588409457345,0.18742588409457345,0.2857142857142857,0.05355025259844955,1.1425799186321854,0.593712933183665,0.4062870490890915,0.9039629953925743
157699,5,2,3,0.4,0.6,-0.08189444198576228,-0.6980480689128846,0.5,-0.04094722099288114,0.9883064142027282,0.45905278949252815,0.5409472314782904,0.9390042930318415
158238,5,5,0,1.0,0.0,0.9636083443171545,0.9865349975286746,0.5,0.48180417215857724,0.045040476719396184,0.981804176704639,0.018195832387484595,0.981804176704639
158528,7,5,2,0.7142857142857143,0.2857142857142857,0.4947738143829173,0.9889169035101296,0.5833333333333334,0.2886180583900351,0.8491108629507512,0.747386910324718,0.25261309594180076,0.9548545194099746
158783,3,3,0,1.0,0.0,0.6730999077106957,0.9991543672766005,0.375,0.2524124653915109,0.5652406029861082,0.8365499601507588,0.1634500524400631,0.8365499601507588
158813,5,3,2,0.6,0.4,0.08200788452610504,0.0358605682849884,0.5,0.04100394226305252,0.9090490354826498,0.541003938922252,0.45899605439614694,0.8631324405413761
158830,3,1,2,0.3333333333333333,0.6666666666666666,-0.34090874590627784,-0.9942847717012095,0.375,-0.1278407797148542,1.1348355495894655,0.3295456130968328,0.6704543590031106,0.9936159548736887
158872,5,1,4,0.2,0.8,-0.5524818704060699,-0.9944706642153589,0.5,-0.27624093520303494,0.8703122418605722,0.22375905917382868,0.7762409295798985,0.975057783862936
158966,3,3,0,1.0,0.0,0.9963514224894824,0.9991036667022853,0.375,0.3736317834335559,0.004913161377065989,0.9981757227634609,0.0018243002739784322,0.9981757227634609
159061,5,3,2,0.6,0.4,0.15260609793165147,0.8300850246097896,0.5,0.07630304896582574,1.0395567160031192,0.576303030968355,0.4236969330367035,0.9700149612533666
159093,5,1,4,0.2,0.8,-0.5774537234320516,-0.9733070499367183,0.5,-0.2887268617160258,0.8816673774185368,0.21127313951084972,0.7887268629429013,0.9885031221682989
159415,2,1,1,0.5,0.5,0.004005977090780988,0.004005977090780988,0.2857142857142857,0.0011445648830802821,1.4057968102701424,0.5020029790283222,0.4979970019375412,0.9970242192391496
159755,3,3,0,1.0,0.0,0.9964677810640349,0.9981906381658853,0.375,0.3736754178990131,0.004081226249577096,0.9982338817219013,0.0017661006578663391,0.9982338817219013
159858,7,5,2,0.7142857142857143,0.2857142857142857,0.34846080338999336,0.9391739823436009,0.5833333333333334,0.20326880197749614,0.9039943376538988,0.674230401601946,0.32576959821195267,0.9408897910261482
160080,14,6,8,0.42857142857142855,0.5714285714285714,-0.11740384024784903,-0.5637323594901222,0.7368421052631579,-0.08650809281420455,0.9414438629396575,0.44129808728100245,0.5587019275288515,0.9437944805020073
160271,2,2,0,1.0,0.0,0.9969734164965245,0.9969734164965245,0.2857142857142857,0.28484954757043557,0.0035307579546789668,0.9984867079539648,0.0015132914574402317,0.9984867079539648
160438,3,1,2,0.3333333333333333,0.6666666666666666,-0.31516935339772056,-0.9553197349704573,0.375,-0.11818850752414521,1.1290577805793152,0.34241532008900516,0.6575846734867258,0.9870795242854574
160563,3,1,2,0.3333333333333333,0.6666666666666666,-0.33539209135504944,-0.9890944815466924,0.375,-0.12577203425814354,1.1333009948725283,0.3323039574213558,0.6676960487764051,0.9921063782880636
160565,3,3,0,1.0,0.0,0.8230297139630279,0.9992051685873706,0.375,0.3086361427361355,0.30562066841118,0.9115148467453701,0.08848513278234199,0.9115148467453701
160571,4,4,0,1.0,0.0,0.9960841063681736,0.9997002202347203,0.4444444444444444,0.4427040472747438,0.007253632066785812,0.9980420518926373,0.001957945524463791,0.9980420518926373
160718,1,1,0,1.0,0.0,0.9961233889417989,0.9961233889417989,0.16666666666666666,0.16602056482363314,0.0,0.9980616796584356,0.0019382907166367485,0.9980616796584356
160954,1,0,1,0.0,1.0,-0.9371398849487305,-0.9371398849487305,0.16666666666666666,-0.1561899808247884,0.0,0.03143006134033203,0.9685699462890625,0.9685699462890625
160980,5,4,1,0.8,0.2,0.3990921985013428,0.6690396398453187,0.5,0.1995460992506714,0.8273410184389514,0.6995461012198587,0.3004539027185159,0.8982204138418727
161131,1,1,0,1.0,0.0,0.995562160119219,0.995562160119219,0.16666666666666666,0.1659270266865365,0.0,0.9977810788883392,0.002218918769120129,0.9977810788883392
161580,3,3,0,1.0,0.0,0.9891725745962986,0.9991896464596696,0.375,0.370939715473612,0.017819758892671074,0.9945862782153672,0.005413703619068569,0.9945862782153672
161582,3,3,0,1.0,0.0,0.9795232421914478,0.998035441381189,0.375,0.36732121582179295,0.03354235682830627,0.9897616072039143,0.010238365012466343,0.9897616072039143
161634,5,4,1,0.8,0.2,0.5648739700915723,0.9632275788180799,0.5,0.2824369850457861,0.8758990019948724,0.7824369838737408,0.21756301378216855,0.9823058520799692
161922,3,3,0,1.0,0.0,0.9989940704718706,0.9989429544657469,0.375,0.37462277642695146,0.00037049527702660487,0.9994970321655273,0.000502961693656823,0.9994970321655273
162082,5,4,1,0.8,0.2,0.7040413644949026,0.9773581903031532,0.5,0.3520206822474513,0.49047016385977216,0.8520206879276154,0.14797932343271275,0.8801213161214164
162322,4,2,2,0.5,0.5,0.1431114042871785,0.22170445993348092,0.4444444444444444,0.06360506857207933,0.9924408032397279,0.5715557138099561,0.42844430952277757,0.9259440802769868
162350,9,7,2,0.7777777777777778,0.2222222222222222,0.4381190240113292,0.9785660161663801,0.6428571428571429,0.28164794400728305,0.8024325297383652,0.7190595140244693,0.28094049001314014,0.9192532281662419
162414,3,3,0,1.0,0.0,0.9968420924279943,0.997099775720287,0.375,0.37381578466049786,0.0022746659427658102,0.9984210624411768,0.001578970013182577,0.9984210624411768
162578,4,4,0,1.0,0.0,0.9980983953264929,0.9980799510689551,0.4444444444444444,0.44359928681177463,0.0015671677597068232,0.999049183297197,0.0009507879707041172,0.999049183297197
162598,3,1,2,0.3333333333333333,0.6666666666666666,-0.23393303166649673,-0.5478716901494689,0.375,-0.08772488687493628,0.9440467179830535,0.3830334881212995,0.6169665197877963,0.8926618955804918
162600,8,5,3,0.625,0.375,0.2012419511615573,0.8023521921116779,0.6153846153846154,0.12384120071480449,0.9922720004127119,0.600620973006869,0.39937902184531165,0.9729031324772022
162602,5,1,4,0.2,0.8,-0.5750343800661547,-0.9515058846466113,0.5,-0.28751719003307735,0.8696194367022244,0.21248281355749898,0.7875171936236537,0.9835433089715229
162606,3,3,0,1.0,0.0,0.9928201133237144,0.9937236291417004,0.375,0.3723075424963929,0.0030165580309025977,0.9964100606491963,0.0035899473254818897,0.9964100606491963
163134,8,7,1,0.875,0.125,0.8170411593943775,0.9996774312417858,0.6153846153846154,0.5027945596273092,0.5125619290352573,0.9085205694262075,0.09147941003183,0.9649523993555593
163645,8,5,3,0.625,0.375,0.4571080974389403,0.9621509729800533,0.6153846153846154,0.2812972907316556,0.7745981005450284,0.7285540618363634,0.27144596439742313,0.8847264254726602
164179,12,8,4,0.6666666666666666,0.3333333333333333,0.3474755156421127,0.9944964484257256,0.7058823529411765,0.2452768345709031,0.9595938756703695,0.6737377530531917,0.326262237411079,0.9905276311897063
164909,11,11,0,1.0,0.0,0.9926083241241129,0.9976361831962662,0.6875,0.6824182228353276,0.011586452617611246,0.9963041675462264,0.0036958434221135276,0.9963041675462264
164981,2,2,0,1.0,0.0,0.9867099531790854,0.9867099531790854,0.2857142857142857,0.2819171294797387,0.004064655067322072,0.9933550041219407,0.006645050942855289,0.9933550041219407
165101,2,1,1,0.5,0.5,-0.013412811928749158,-0.013412811928749158,0.2857142857142857,-0.0038322319796426163,1.3838392142968554,0.4932936088007515,0.5067064207295007,0.9892610610157113
165141,3,2,1,0.6666666666666666,0.3333333333333333,0.5998702971458055,0.9982353668281998,0.375,0.2249513614296771,0.6912289494213136,0.7999351229625095,0.20006482581670393,0.8660323612203524
165347,5,4,1,0.8,0.2,0.542076701445567,0.8893843622349981,0.5,0.2710383507227835,0.8634353057614866,0.7710383353333528,0.2289616338877858,0.9703033621055119
165549,4,3,1,0.75,0.25,0.4587477467677502,0.9166025900485832,0.4444444444444444,0.2038878874523334,0.9741484740766958,0.7293738705921713,0.27062612382442114,0.978858345106445
165551,4,3,1,0.75,0.25,0.5686044719370248,0.8344732386697395,0.4444444444444444,0.2527130986386777,0.656700442077048,0.7843022396359456,0.21569776769892085,0.8821467313220854
165603,7,4,3,0.5714285714285714,0.42857142857142855,0.09318929487300916,0.46956554027872344,0.5833333333333334,0.054360422009255345,0.9843727040034791,0.5465946555466747,0.45340536067366566,0.9489088028816608
166291,5,5,0,1.0,0.0,0.8683877643435901,0.9995206577287427,0.5,0.43419388217179505,0.29329236261013764,0.9341938713315854,0.06580610698799529,0.9341938713315854
166461,4,3,1,0.75,0.25,0.6210609753156077,0.9987054654865614,0.4444444444444444,0.27602710014027004,0.7558924699048368,0.8105305109549148,0.18946953563930713,0.9387247877705863
166528,12,9,3,0.75,0.25,0.5800427482457761,0.9928190960951073,0.7058823529411765,0.4094419399381949,0.7074670318292876,0.7900213703126772,0.20997862206690118,0.9241521110990484
166534,8,6,2,0.75,0.25,0.3781045959132324,0.8591652657916455,0.6153846153846154,0.23267975133121996,0.8739650294186389,0.6890522999832901,0.3109477040700577,0.9336940692208184
166568,1,1,0,1.0,0.0,0.9817345015930408,0.9817345015930408,0.16666666666666666,0.16362241693217344,0.0,0.9908672294231377,0.009132727830096929,0.9908672294231377
166635,5,4,1,0.8,0.2,0.6004406034231264,0.9968158538852419,0.5,0.3002203017115632,0.8888237799644485,0.8002203023187728,0.19977969889564634,0.9981270866825076
166643,4,3,1,0.75,0.25,0.4365338867550791,0.8732544672414926,0.4444444444444444,0.19401506078003514,0.9645604615939805,0.7182669485989378,0.2817330618438587,0.9681087634497316
166705,1,1,0,1.0,0.0,0.9647212287488456,0.9647212287488456,0.16666666666666666,0.1607868714581409,0.0,0.9823606448432508,0.0176394160944052,0.9823606448432508
166918,6,2,4,0.3333333333333333,0.6666666666666666,-0.2065643278786906,-0.6016663239116952,0.5454545454545454,-0.11267145157019487,0.9654814494096771,0.3967178432233274,0.6032821711020181,0.9304482118795474
166946,3,2,1,0.6666666666666666,0.3333333333333333,0.3887701867158205,0.9802216142416,0.375,0.14578882001843269,1.0246859942107316,0.6943850743457817,0.30561488762996125,0.9591968308693697
167018,1,0,1,0.0,1.0,-0.21953329255309284,-0.21953329255309284,0.16666666666666666,-0.03658888209218214,0.0,0.39023336579528034,0.6097666583483732,0.6097666583483732
167036,3,3,0,1.0,0.0,0.9910437680970112,0.9973013780047837,0.375,0.3716414130363792,0.01121796956594949,0.9955218931282617,0.004478125031250482,0.9955218931282617
167370,8,4,4,0.5,0.5,-0.06114643641980142,-0.24667115145749155,0.6153846153846154,-0.03762857625833934,1.0122181565579185,0.4694267718925215,0.5305732083123229,0.9670501735685146
167640,6,3,3,0.5,0.5,0.002142926278078198,0.006209248050555116,0.5454545454545454,0.0011688688789517443,0.9675226485512767,0.5010714576854801,0.4989285314074019,0.93144855690642
167746,3,3,0,1.0,0.0,0.9861321600546292,0.9947447938318471,0.375,0.369799560020486,0.019214472780575288,0.9930660591567365,0.006933899102107152,0.9930660591567365
167832,4,4,0,1.0,0.0,0.9925725877698244,0.9950532903138838,0.4444444444444444,0.4411433723421441,0.008515879618393927,0.9962862861261274,0.00371369835630296,0.9962862861261274
168122,5,4,1,0.8,0.2,0.7640470350489446,0.9910501058285053,0.5,0.3820235175244723,0.5093883231965362,0.8820235070275079,0.11797647197856342,0.9114378125043701
168248,11,8,3,0.7272727272727273,0.2727272727272727,0.5333945072180367,0.9942914247512817,0.6875,0.36670872371240026,0.8160876101582476,0.7666972427118147,0.23330273549377809,0.9516202852710837
168250,13,10,3,0.7692307692307693,0.23076923076923078,0.5303814111773465,0.9980878071940463,0.7222222222222222,0.38305324140586133,0.7771100795202799,0.7651907068867249,0.23480929570937834,0.952098273289973
168252,14,10,4,0.7142857142857143,0.2857142857142857,0.44878725003919523,0.9990161655771512,0.7368421052631579,0.33068534213414386,0.9033525561445973,0.7243936273470715,0.2756063773078763,0.9890980020793901
168254,8,8,0,1.0,0.0,0.7190834575558467,0.9042686970125908,0.6153846153846154,0.4425128969574441,0.4048281012886719,0.8595417379311194,0.14045828037527278,0.8595417379311194
168266,3,2,1,0.6666666666666666,0.3333333333333333,0.33264152764610794,0.9760903473738786,0.375,0.12474057286729048,1.1331130106347005,0.6663207721250389,0.3336792444789311,0.9915561275236234
168326,5,4,1,0.8,0.2,0.5893691199788218,0.9937388385627784,0.5,0.2946845599894109,0.8869133267906454,0.794684556042361,0.20531543606353928,0.994038592187003
168330,1,1,0,1.0,0.0,0.994713278611501,0.994713278611501,0.16666666666666666,0.16578554643525018,0.0,0.9973566228693181,0.0026433442578171237,0.9973566228693181
168344,5,4,1,0.8,0.2,0.35811061695906166,0.6756056688506814,0.5,0.17905530847953083,0.8319291511635393,0.6790553055686075,0.32094468860954584,0.8776791393922299
168366,8,6,2,0.75,0.25,0.4653013824521923,0.998956336109166,0.6153846153846154,0.2863393122782722,0.8626925883084486,0.732650696019683,0.2673493135674907,0.9598503336162417
168418,3,2,1,0.6666666666666666,0.3333333333333333,0.05825472075931656,0.17648109806490425,0.375,0.021845520284743708,1.0036835351680433,0.5291273707595384,0.47087265000022177,0.8622293803043083
168492,3,3,0,1.0,0.0,0.9986989232142784,0.99873569195421,0.375,0.3745120962053544,0.0008850474668172061,0.9993494489058512,0.0006505256915727833,0.9993494489058512
168610,3,2,1,0.6666666666666666,0.3333333333333333,0.3224208438725115,0.975344120888483,0.375,0.12090781645219181,1.1440837423580974,0.6612104170231313,0.33878957315061986,0.9940851260665045
168612,7,3,4,0.42857142857142855,0.5714285714285714,-0.22148649862425765,-0.7230521648544354,0.5833333333333334,-0.12920045753081696,0.9246234774558831,0.38925676603831594,0.6107432646625737,0.9164073624674286
169864,7,4,3,0.5714285714285714,0.42857142857142855,0.15335019142596654,0.9797110635147998,0.5833333333333334,0.08945427833181382,1.0487142431672694,0.5766750863705911,0.4233248949446245,0.9912326108730701
169984,17,5,12,0.29411764705882354,0.7058823529411765,-0.2672023296053718,-0.41487133380064034,0.7727272727272727,-0.20647452742233277,0.8245011941578574,0.36639883664117123,0.6336011662465431,0.8919838811974392
170697,5,4,1,0.8,0.2,0.6984320169967876,0.9884918842050765,0.5,0.3492160084983938,0.4949483640154041,0.8492160020561533,0.15078398505936574,0.8783459705267944
170813,5,1,4,0.2,0.8,-0.49215658016024905,-0.9901808279705798,0.5,-0.24607829008012452,0.862773113439804,0.2539217230129827,0.7460783031732319,0.9460077840316359
170827,10,1,9,0.1,0.9,-0.7993964578979812,-0.9939217439887962,0.6666666666666666,-0.5329309719319875,0.6156640746269159,0.10030178640681855,0.8996982443047997,0.9949735012683435
170875,6,3,3,0.5,0.5,-0.16744986471727452,-0.3126682714517288,0.5454545454545454,-0.0913362898457861,0.849837438241645,0.4162750558400397,0.5837249205573143,0.8607725412374801
170945,4,2,2,0.5,0.5,-0.03441778950975724,-0.07022299174277818,0.4444444444444444,-0.015296795337669884,1.0089747945651244,0.4827911040189694,0.5172088935287267,0.9312686399960961
170957,6,4,2,0.6666666666666666,0.3333333333333333,0.30979130418121187,0.9173442347232746,0.5454545454545454,0.16897707500793374,1.0014425840631014,0.6548956438350172,0.3451043396538054,0.9820940303335502
171763,13,10,3,0.7692307692307693,0.23076923076923078,0.5831786084801511,0.9972295816071698,0.7222222222222222,0.421184550568998,0.7879894618776094,0.7915892934792595,0.20841068499910856,0.9745543195798851
171765,1,1,0,1.0,0.0,0.9875589760659124,0.9875589760659124,0.16666666666666666,0.16459316267765206,0.0,0.9937794637337005,0.006220487667788133,0.9937794637337005
172547,5,2,3,0.4,0.6,-0.23503749453413114,-0.9347281606891487,0.5,-0.11751874726706557,1.0124106850029007,0.3824812412671142,0.6175187358012454,0.9655077515906626
173145,5,3,2,0.6,0.4,0.20016809985298747,0.9982444445837985,0.5,0.10008404992649374,1.0939948846362653,0.6000840244931588,0.3999159246401714,0.9993812524341281
173197,2,1,1,0.5,0.5,0.0015203639559640547,0.0015203639559640547,0.2857142857142857,0.0004343897017040156,1.4112082793981577,0.5007601798613472,0.49923981590538324,0.9989374698978839
173291,9,5,4,0.5555555555555556,0.4444444444444444,0.10263752079056536,0.9130126270679159,0.6428571428571429,0.06598126336536345,1.029887742526495,0.5513187587582844,0.44868123796771897,0.988037579699343
173369,3,2,1,0.6666666666666666,0.3333333333333333,0.32611621900345705,0.9782399808727025,0.375,0.1222935821262964,1.1479545474317678,0.6630581241092974,0.3369419051058404,0.9961817217361822
173925,4,2,2,0.5,0.5,0.0027458996447970174,0.0019370463369208224,0.4444444444444444,0.0012203998421320076,1.1459134557861301,0.5013729516033121,0.4986270519585151,0.9961938356962265
173941,6,5,1,0.8333333333333334,0.16666666666666666,0.653345068842566,0.9864025956608393,0.5454545454545454,0.35637003755049057,0.8088135798504192,0.8266725119474184,0.17332744310485226,0.9928604078838082
174055,14,6,8,0.42857142857142855,0.5714285714285714,-0.1678372124839804,-0.8399699886237706,0.7368421052631579,-0.12366952498819607,0.9547512715886753,0.4160813943175033,0.5839186068014837,0.9596751174871818
174585,5,1,4,0.2,0.8,-0.5919822059059975,-0.9975379890889573,0.5,-0.29599110295299874,0.8385747542816036,0.204008880095428,0.7959910860014255,0.9769369159933665
174727,4,4,0,1.0,0.0,0.9855184152988382,0.9946065834278982,0.4444444444444444,0.43800818457726143,0.021522597645063913,0.9927591943434353,0.00724077904459715,0.9927591943434353
174909,2,2,0,1.0,0.0,0.8618891561739617,0.8618891561739617,0.2857142857142857,0.2462540446211319,0.18944613545081773,0.9309445741392852,0.06905541796532344,0.9309445741392852
175197,8,4,4,0.5,0.5,-0.01392514833322496,-0.06649687258629977,0.6153846153846154,-0.00856932205121536,1.038099537468708,0.49303742805031064,0.5069625763835356,0.9848184006558879
175303,11,10,1,0.9090909090909091,0.09090909090909091,0.8110627260780546,0.9970476557533223,0.6875,0.5576056241786626,0.6004555168537418,0.9055313621938457,0.09446863611579102,0.9963504348559525
175569,7,7,0,1.0,0.0,0.9930315767814346,0.994567442380014,0.5833333333333334,0.5792684197891702,0.006681233262484901,0.9965157840839132,0.0034842073024785336,0.9965157840839132
175585,3,3,0,1.0,0.0,0.956916596089347,0.999586218339391,0.375,0.35884372353350513,0.07393503297807923,0.9784583235665297,0.02154172747718271,0.9784583235665297
175661,5,5,0,1.0,0.0,0.8969997939358982,0.994615068261543,0.5,0.4484998969679491,0.21814468246550534,0.9484998724577871,0.05150007852188859,0.9484998724577871
176101,4,2,2,0.5,0.5,0.11555295166920243,0.2369606580024619,0.4444444444444444,0.05135686740853441,0.8930946676940745,0.557776455212428,0.4422235035432256,0.8548054816275205
176371,13,8,5,0.6153846153846154,0.38461538461538464,0.23107957863656228,0.9960920632137025,0.7222222222222222,0.16689080679307275,1.0093105731896286,0.6155397841350401,0.3844602054984778,0.9984310881022208
176419,7,2,5,0.2857142857142857,0.7142857142857143,-0.4008454510493581,-0.9928006600875121,0.5833333333333334,-0.23382651311212557,0.9566970628114652,0.2995772717763347,0.7004227228256928,0.9850141982682568
176423,1,0,1,0.0,1.0,-0.9758412199696217,-0.9758412199696217,0.16666666666666666,-0.16264020332827028,0.0,0.012079405972338099,0.9879206259419598,0.9879206259419598
176567,3,2,1,0.6666666666666666,0.3333333333333333,0.46695278010587865,0.9875516717632612,0.375,0.1751072925397045,0.9115492254212697,0.7334763624570481,0.2665235823511694,0.9286740989029921
176751,2,2,0,1.0,0.0,0.9976784772492773,0.9976784772492773,0.2857142857142857,0.2850509934997935,0.0001518799718792964,0.9988392656082438,0.0011607883589665345,0.9988392656082438
176801,7,2,5,0.2857142857142857,0.7142857142857143,-0.24990078697410928,-0.3694581960442811,0.5833333333333334,-0.14577545906823042,0.6427775238977831,0.3750496002647606,0.6249503872388698,0.7785887573295734
176929,6,6,0,1.0,0.0,0.9912880640900176,0.9988907758347312,0.5454545454545454,0.5407025804127368,0.015865633591249678,0.9956440244230081,0.00435596033299067,0.9956440244230081
176933,2,1,1,0.5,0.5,0.015147198532401873,0.015147198532401873,0.2857142857142857,0.004327771009257678,1.3913863351165012,0.5075735865014774,0.4924263879690756,0.9919293436408647
177593,3,3,0,1.0,0.0,0.9977411602720427,0.9981551757831684,0.375,0.374152935102016,0.0021270343937571574,0.9988705697591955,0.001129409487152855,0.9988705697591955
177615,9,6,3,0.6666666666666666,0.3333333333333333,0.34226383073153716,0.9929304872567838,0.6428571428571429,0.22002674832741675,0.9532986511450325,0.6711319155116059,0.32886808478006874,0.9796704118518699
177651,4,3,1,0.75,0.25,0.4980670695374737,0.9916584414505702,0.4444444444444444,0.22136314201665497,0.9922929245654534,0.7490335310368412,0.2509664614993676,0.9966171044911938
177689,7,4,3,0.5714285714285714,0.42857142857142855,0.14719333038626864,0.7654920865392462,0.5833333333333334,0.0858627760586567,0.961629185352916,0.5735966592549,0.42640332886863147,0.9468094762881821
177763,5,2,3,0.4,0.6,-0.3592775696150399,-0.9303280089743882,0.5,-0.17963878480751996,0.8962580423692371,0.3203612130612804,0.6796387826763203,0.9045448983638231
177765,5,5,0,1.0,0.0,0.9967493458070301,0.9960904198209035,0.5,0.49837467290351506,0.0030908058941793923,0.998374678253294,0.001625332446263797,0.998374678253294
178061,6,6,0,1.0,0.0,0.985362669157127,0.9985412333786355,0.5454545454545454,0.5374705468129783,0.0328009849741182,0.992681318990165,0.00731864983303793,0.992681318990165
178667,1,1,0,1.0,0.0,0.9991199391132051,0.9991199391132051,0.16666666666666666,0.16651998985220084,0.0,0.9995599541782347,0.00044001506502963297,0.9995599541782347
178827,4,4,0,1.0,0.0,0.9992329477495538,0.9994873827000266,0.4444444444444444,0.44410353233313504,0.0007081649382071374,0.9996164842321487,0.0003835364825948893,0.9996164842321487
179085,8,5,3,0.625,0.375,0.2751239247805422,0.9802427171801735,0.6153846153846154,0.16930703063417982,0.9885958908803516,0.6375619567855131,0.36243803200497093,0.9820523912215884
179119,3,2,1,0.6666666666666666,0.3333333333333333,0.3355317481354283,0.9855092403789361,0.375,0.1258244055507856,1.1380806828049572,0.6677658666273601,0.3322341184919319,0.9939609308065879
179401,8,7,1,0.875,0.125,0.7515369677474144,0.9981146349820729,0.6153846153846154,0.46248428784456275,0.673516617880483,0.8757684796703484,0.12423151192293401,0.990071518340815
179817,7,6,1,0.8571428571428571,0.14285714285714285,0.6819111835124703,0.9959813841136106,0.5833333333333334,0.39778152371560765,0.7411030876324655,0.8409555979058448,0.15904441439337452,0.9823909448033913
179819,18,5,13,0.2777777777777778,0.7222222222222222,-0.5252781189913518,-0.9948688816818907,0.782608695652174,-0.41108722355844923,0.7478144374320655,0.2373609374712608,0.7626390564626127,0.9286522875123145
179881,1,0,1,0.0,1.0,-0.9989151031606727,-0.9989151031606727,0.16666666666666666,-0.16648585052677878,0.0,0.0005424327596470162,0.9994575359203197,0.9994575359203197
180031,8,6,2,0.75,0.25,0.5781004729444478,0.9951674877830137,0.6153846153846154,0.3557541371965833,0.7779240393373232,0.7890502288921135,0.2109497559476657,0.9585176222046138
180045,4,4,0,1.0,0.0,0.8199998729932313,0.9967231954087312,0.4444444444444444,0.3644443879969917,0.35543011738740454,0.9099999390158933,0.09000006602266196,0.9099999390158933
180095,1,1,0,1.0,0.0,0.9206364562919548,0.9206364562919548,0.16666666666666666,0.15343940938199246,0.0,0.9603182131105715,0.039681756818616715,0.9603182131105715
180297,1,1,0,1.0,0.0,0.9987276898833309,0.9987276898833309,0.16666666666666666,0.16645461498055514,0.0,0.9993638759706078,0.0006361860872768774,0.9993638759706078
180497,4,1,3,0.25,0.75,-0.16552654141022563,-0.30958270410291194,0.4444444444444444,-0.07356735173787805,0.675644520101264,0.41723673378512083,0.5827632751953465,0.77401201313486
180985,6,5,1,0.8333333333333334,0.16666666666666666,0.6642322625613915,0.998396115998949,0.5454545454545454,0.36230850685166804,0.8149709682297389,0.8321161248715212,0.16788386231012972,0.9986657674381858
181315,4,3,1,0.75,0.25,0.4971039864940251,0.9867164486674682,0.4444444444444444,0.2209351051084556,0.9875425786046466,0.7485519858322915,0.25144799933826645,0.9945874067874267
182715,6,4,2,0.6666666666666666,0.3333333333333333,0.44333969811620894,0.9975986843844792,0.5454545454545454,0.24182165351793214,0.8834462967833479,0.7216698584464578,0.278330160330249,0.9437663956219507
182823,6,4,2,0.6666666666666666,0.3333333333333333,0.40401167249465897,0.8040085775412402,0.5454545454545454,0.22037000317890487,0.8205083268613469,0.70200584134495,0.29799416885029106,0.8971999250466994
183011,3,1,2,0.3333333333333333,0.6666666666666666,-0.45028152698664736,-0.9988824710072506,0.375,-0.16885557261999276,0.950812811974865,0.2748592314714396,0.725140758458087,0.9410149131470353
183421,4,0,4,0.0,1.0,-0.9140860847184131,-0.9943809029302396,0.4444444444444444,-0.4062604820970725,0.16328576495425315,0.04295695540236867,0.9570430401207819,0.9570430401207819
183611,4,4,0,1.0,0.0,0.9969993792326562,0.9996050499682518,0.4444444444444444,0.4431108352145139,0.00528605364797575,0.9984996830532187,0.0015003038205624517,0.9984996830532187
183635,3,1,2,0.3333333333333333,0.6666666666666666,-0.3283239245225968,-0.9906891812153947,0.375,-0.12312147169597379,1.1500935918383473,0.3358380320451186,0.6641619565677154,0.9973914277242183
183837,6,5,1,0.8333333333333334,0.16666666666666666,0.48792018684841604,0.8909947857068525,0.5454545454545454,0.26613828373549964,0.7917190055417668,0.7439600960873928,0.2560399092389768,0.9056882010750947
183843,11,6,5,0.5454545454545454,0.45454545454545453,0.05898334666161898,0.36433667639232226,0.6875,0.04055105082986305,0.9440926053086852,0.5294916812651764,0.4705083346035574,0.9413542173507579
183869,8,6,2,0.75,0.25,0.3942460953283832,0.9797877467540184,0.6153846153846154,0.2426129817405435,0.8973127589417002,0.6971230506432174,0.30287695531483433,0.9443806328688152
183897,2,1,1,0.5,0.5,-0.002345600029803885,-0.002345600029803885,0.2857142857142857,-0.0006701714370868242,1.407152587865524,0.4988272237792866,0.5011728238090905,0.9975035923161442
184253,3,1,2,0.3333333333333333,0.6666666666666666,-0.386341470130047,-0.9828950753578773,0.375,-0.14487805129876763,1.0475896550349397,0.3068292659040303,0.6931707360340772,0.9675951769326699
184399,3,3,0,1.0,0.0,0.9697770100486488,0.9749590603768687,0.375,0.3636663787682433,0.03281225663586798,0.9848884961059442,0.01511148605729541,0.9848884961059442
184471,6,3,3,0.5,0.5,0.0011475658982722143,0.002934745692625529,0.5454545454545454,0.0006259450354212078,1.0930603508562688,0.5005737839934387,0.4994262180951665,0.9989104230732918
184721,2,1,1,0.5,0.5,-0.3526582443053842,-0.3526582443053842,0.2857142857142857,-0.10075949837296691,0.7141208734754508,0.323670876769296,0.6763291210746802,0.752479855032664
184997,2,2,0,1.0,0.0,0.9687214163472335,0.9687214163472335,0.2857142857142857,0.276777547527781,0.042409262624172134,0.9843606846855286,0.015639268338295122,0.9843606846855286
185029,11,8,3,0.7272727272727273,0.2727272727272727,0.48712933713599943,0.9890918899589861,0.6875,0.3349014192809996,0.8461087671742763,0.7435646756273928,0.2564353384913934,0.9639180978447093
185585,5,2,3,0.4,0.6,-0.14022140778747946,-0.7088734745467681,0.5,-0.07011070389373973,1.0469917926669252,0.42988928318128494,0.5701106909687643,0.9699131978692452
186587,3,1,2,0.3333333333333333,0.6666666666666666,-0.11065804424567256,-0.37367082903493987,0.375,-0.04149676659212721,1.0049914886527442,0.4446709747830526,0.5553290190287252,0.8885581879678189
187031,11,3,8,0.2727272727272727,0.7272727272727273,-0.47937758132101516,-0.9947318285703659,0.6875,-0.3295720871581979,0.8799680358337106,0.26031121657994954,0.7396887979009648,0.9814783174794587
187501,2,1,1,0.5,0.5,-0.36284719630344253,-0.36284719630344253,0.2857142857142857,-0.10367062751526929,0.898678770365942,0.31857640506026486,0.6814236013637074,0.8177309295290589
187541,4,4,0,1.0,0.0,0.9924968226236608,0.9928588255727244,0.4444444444444444,0.4411096989438492,0.007750988975025358,0.9962483908441374,0.003751568220476553,0.9962483908441374
187593,9,7,2,0.7777777777777778,0.2222222222222222,0.5536545685415903,0.9887598344986451,0.6428571428571429,0.355920794062451,0.8518014168709002,0.7768273018332744,0.22317273329168408,0.9873812022305679
187595,9,6,3,0.6666666666666666,0.3333333333333333,0.22536612338027068,0.9947493395043744,0.6428571428571429,0.14487822217303117,0.9660540290321739,0.6126830579192751,0.3873169345390044,0.9433615804421643
188189,4,2,2,0.5,0.5,0.29873052201896344,0.44266972844373687,0.4444444444444444,0.13276912089731707,0.8335169697639604,0.6493652538423772,0.35063473182341376,0.8451887028482842
188301,11,7,4,0.6363636363636364,0.36363636363636365,0.2731480589771041,0.9752078287361204,0.6875,0.18778929054675905,0.9899646572344105,0.6365740340969072,0.36342597511980307,0.9912662839874558
188623,2,2,0,1.0,0.0,0.4931836288452061,0.4931836288452061,0.2857142857142857,0.14090960824148746,0.5843390921825129,0.7465918111923512,0.253408182347145,0.7465918111923512
188749,2,2,0,1.0,0.0,0.9307668634643901,0.9307668634643901,0.2857142857142857,0.2659333895612543,0.09570203090100829,0.9653834322053054,0.034616568740915336,0.9653834322053054
188773,1,1,0,1.0,0.0,0.9976108234065275,0.9976108234065275,0.16666666666666666,0.16626847056775457,0.0,0.9988053639729818,0.0011945405664543312,0.9988053639729818
188797,2,2,0,1.0,0.0,0.9994482073674129,0.9994482073674129,0.2857142857142857,0.2855566306764037,0.00022658132761524716,0.9997241059415293,0.0002758985741163626,0.9997241059415293
189041,3,2,1,0.6666666666666666,0.3333333333333333,0.6240091446333133,0.9952745470394383,0.375,0.23400342923749246,0.646387316757253,0.8120045451112862,0.18799540047797272,0.8527949880254829
189203,6,6,0,1.0,0.0,0.9995297825852099,0.9996229464786772,0.5454545454545454,0.5451980632282962,0.0002751383636724519,0.9997648893176598,0.00023510673244997034,0.9997648893176598
189333,8,4,4,0.5,0.5,-0.0026353024857889012,-0.013247297604170427,0.6153846153846154,-0.001621724606639324,1.043312391294141,0.498682354676961,0.5013176571627499,0.9877936868975534
189363,4,2,2,0.5,0.5,-0.0034009167855811595,-0.00729513887124944,0.4444444444444444,-0.0015115185713694042,1.1490163374494562,0.49829952985097287,0.501700446636554,0.9975309692553547
189713,5,4,1,0.8,0.2,0.5454606362853646,0.9795800560324855,0.5,0.2727303181426823,0.8367397592908474,0.7727303207794425,0.22726968449407786,0.959073064010434
190555,7,6,1,0.8571428571428571,0.14285714285714285,0.8003130147496582,0.998937024398053,0.5833333333333334,0.4668492586039673,0.5245317875366118,0.9001565087896607,0.09984349404000244,0.9557577810703525
190939,5,5,0,1.0,0.0,0.9084662115913152,0.9994186298098675,0.5,0.4542331057956576,0.19094779129225278,0.9542330942383609,0.04576688264704573,0.9542330942383609
191367,11,1,10,0.09090909090909091,0.9090909090909091,-0.7605883608621249,-0.983680226019959,0.6875,-0.5229044980927109,0.5909152720603582,0.11970580912095903,0.880294169983084,0.9710225856551464
192245,7,4,3,0.5714285714285714,0.42857142857142855,0.2797263974549476,0.9903191381505787,0.5833333333333334,0.16317373184871944,0.911030577576116,0.6398631908946601,0.36013679343971255,0.9291543690414376
192283,3,3,0,1.0,0.0,0.9938365233037053,0.9994174981183266,0.375,0.3726886962388895,0.009669724328096837,0.9969182484787833,0.003081725175077857,0.9969182484787833
192307,5,2,3,0.4,0.6,-0.31171440245274695,-0.9847760645475255,0.5,-0.15585720122637348,0.9548465112172393,0.34414279667786396,0.655857199130611,0.9402928712353142
192379,5,3,2,0.6,0.4,0.3369688285108058,0.9962854529501962,0.5,0.1684844142554029,0.9308802245318605,0.6684844241325039,0.33151559562169797,0.930209845405955
192385,3,2,1,0.6666666666666666,0.3333333333333333,0.10946855496459577,0.36553400526486035,0.375,0.041050708111723413,0.9884254422502058,0.5547342798876997,0.44526572492310396,0.8819982568108334
192389,11,7,4,0.6363636363636364,0.36363636363636365,0.32460357670694084,0.9938229709863663,0.6875,0.22316495898602184,0.9448781755195919,0.6623017869905042,0.33769821028356345,0.9718189237360426
192803,7,4,3,0.5714285714285714,0.42857142857142855,0.15917555857823906,0.9984750278323078,0.5833333333333334,0.09285240917063946,1.0483523254508458,0.5795877722602449,0.42041221368200593,0.991439810169102
193065,1,1,0,1.0,0.0,0.9988536231927743,0.9988536231927743,0.16666666666666666,0.16647560386546237,0.0,0.9994268633121819,0.0005732401194076192,0.9994268633121819
193147,2,0,2,0.0,1.0,-0.7633752177377766,-0.7633752177377766,0.2857142857142857,-0.21810720506793616,0.318700485816693,0.11831240619302366,0.8816876239308002,0.8816876239308002
193449,1,0,1,0.0,1.0,-0.9926802916687076,-0.9926802916687076,0.16666666666666666,-0.16544671527811794,0.0,0.0036598428958604314,0.996340134564568,0.996340134564568
193599,2,1,1,0.5,0.5,0.39180888679948184,0.39180888679948184,0.2857142857142857,0.11194539622842338,0.8443011857700652,0.695904415503587,0.30409552870410506,0.7985055190147741
193942,1,1,0,1.0,0.0,0.996585948748535,0.996585948748535,0.16666666666666666,0.16609765812475583,0.0,0.9982929872662833,0.0017070385177483719,0.9982929872662833
193950,2,1,1,0.5,0.5,0.3038275512758372,0.3038275512758372,0.2857142857142857,0.08680787179309635,0.9839606837066226,0.651913786792623,0.34808623551678586,0.8478826470896568
193958,5,3,2,0.6,0.4,0.2702087494772828,0.8758864527163298,0.5,0.1351043747386414,0.9467357366802522,0.6351043679326012,0.3648956184553184,0.9341353962173555
194004,10,5,5,0.5,0.5,-0.005049647903911126,0.10428410043887731,0.6666666666666666,-0.0033664319359407503,0.9585159276153828,0.49747518506298316,0.5025248329668943,0.9473372335397414
194016,5,2,3,0.4,0.6,-0.2079387406758783,-0.9892224647380687,0.5,-0.10396937033793915,1.0770061961721624,0.39603064502935514,0.6039693857052335,0.9926386860567312
194396,4,3,1,0.75,0.25,0.38555305909911036,0.7697613047497862,0.4444444444444444,0.17135691515516016,0.944705606080117,0.6927765487961269,0.30722348969701657,0.9415584608945481
194448,7,6,1,0.8571428571428571,0.14285714285714285,0.7131845200932982,0.9980463223348202,0.5833333333333334,0.4160243033877573,0.7500261783316948,0.8565922543166453,0.14340773422334716,0.9976911167165057
194951,4,4,0,1.0,0.0,0.7782888867579193,0.986860195152544,0.4444444444444444,0.3459061718924086,0.42242241262843544,0.8891444327753966,0.11085554601747731,0.8891444327753966
195159,53,51,2,0.9622641509433962,0.03773584905660377,0.8858979866666643,0.9993734970832101,0.9137931034482759,0.8095274705747105,0.41149514237662516,0.9429489940989496,0.05705100743228519,0.9806006198395338
195163,4,1,3,0.25,0.75,-0.3017450255382256,-0.6001917967371242,0.4444444444444444,-0.13410890023921135,0.9234347515738471,0.3491274973184225,0.6508725228566481,0.8988770846914654
195497,5,3,2,0.6,0.4,0.40443185535400356,0.9878109188306899,0.5,0.20221592767700178,0.8540637079269869,0.7022159430126389,0.2977840876586353,0.8931954922483041
195777,4,3,1,0.75,0.25,0.4610324813068586,0.9213062911461561,0.4444444444444444,0.20490332502527048,0.9733558112406823,0.730516228996407,0.2694837476895484,0.9799946935127166
195921,7,4,3,0.5714285714285714,0.42857142857142855,0.2196631411019605,0.9816279955358314,0.5833333333333334,0.12813683230947698,0.9700471636082475,0.6098315698342159,0.3901684287322555,0.9570643234602887
196417,17,16,1,0.9411764705882353,0.058823529411764705,0.8886532100141039,0.999225427878314,0.7727272727272727,0.6866865713745348,0.44988096036522024,0.9443266067397615,0.055673396725657714,0.9947435761002763
196889,6,6,0,1.0,0.0,0.8983007397143089,0.9985454357757519,0.5454545454545454,0.4899822216623503,0.17925600185446236,0.9491503505589279,0.05084961084461897,0.9491503505589279
196891,1,1,0,1.0,0.0,0.9459202338238152,0.9459202338238152,0.16666666666666666,0.1576533723039692,0.0,0.9729601023148517,0.02703986849103655,0.9729601023148517
196997,1,1,0,1.0,0.0,0.9962267338791315,0.9962267338791315,0.16666666666666666,0.16603778897985524,0.0,0.9981134078081917,0.0018866739290602068,0.9981134078081917
197175,10,10,0,1.0,0.0,0.8046998999009777,0.8902010378876626,0.6666666666666666,0.536466599933985,0.2402252879474689,0.9023499601286826,0.09765006022770498,0.9023499601286826
197651,3,1,2,0.3333333333333333,0.6666666666666666,-0.2423408468581815,-0.677008760019749,0.375,-0.09087781757181806,1.0428452354968079,0.37882956351719677,0.6211704103753783,0.9370130644190784
197691,1,1,0,1.0,0.0,0.9875304826289326,0.9875304826289326,0.16666666666666666,0.16458841377148875,0.0,0.9937652678447236,0.006234785215790972,0.9937652678447236
197711,9,8,1,0.8888888888888888,0.1111111111111111,0.6553971234916559,0.984220372375689,0.6428571428571429,0.42132672224463596,0.692902906524765,0.8276985612707741,0.17230143777911813,0.936640826206359
197879,1,1,0,1.0,0.0,0.9964933994297798,0.9964933994297798,0.16666666666666666,0.16608223323829663,0.0,0.9982467064490685,0.0017533070192887234,0.9982467064490685
197883,4,4,0,1.0,0.0,0.9944936163021029,0.9955389528347536,0.4444444444444444,0.4419971628009346,0.00502194332430191,0.9972468072559019,0.0027531909537990003,0.9972468072559019
200306,11,8,3,0.7272727272727273,0.2727272727272727,0.48911355716257227,0.9954631639023621,0.6875,0.3362655705492684,0.8705007354239838,0.7445567706881016,0.2554432135255294,0.9790820269241785
200332,4,2,2,0.5,0.5,0.03377250049929317,0.047815833243046335,0.4444444444444444,0.015010000221908076,1.049162720423782,0.5168862538213922,0.483113753322099,0.9529074249148825
200540,6,4,2,0.6666666666666666,0.3333333333333333,0.3518254045651785,0.9696781273178678,0.5454545454545454,0.19190476612646098,0.9763830497100419,0.6759126933550621,0.3240872887898836,0.9783109277177183
200818,15,10,5,0.6666666666666666,0.3333333333333333,0.33141772914805423,0.9983785171915098,0.75,0.24856329686104067,0.869086790107433,0.6657088646729058,0.3342911355248515,0.9300923819703312
200820,10,4,6,0.4,0.6,-0.12349216427956566,-0.4633099288137294,0.6666666666666666,-0.08232810951971044,0.9389547142785206,0.4382539156941365,0.5617460799737022,0.9281166280837987
200822,14,3,11,0.21428571428571427,0.7857142857142857,-0.47005517155910825,-0.9866476889075666,0.7368421052631579,-0.3463564422014482,0.8277547630046859,0.26497242222914263,0.735027593788251,0.9474232409687489
200838,6,5,1,0.8333333333333334,0.16666666666666666,0.7191936860975551,0.9912905362028358,0.5454545454545454,0.39228746514412094,0.5996056076927577,0.8595968367623509,0.14040315066479578,0.9425068438084659
201340,8,8,0,1.0,0.0,0.8831805846025167,0.9949047837030729,0.6153846153846154,0.5434957443707795,0.31658946947216093,0.9415902927120391,0.058409708109522396,0.9415902927120391
201368,4,1,3,0.25,0.75,-0.4949360130929372,-0.991302381579662,0.4444444444444444,-0.21997156137463875,0.9960002634346935,0.25253199836228857,0.7474680114552258,0.9972329955775235
201586,8,2,6,0.25,0.75,-0.5155750585733421,-0.9922309186377309,0.6153846153846154,-0.31727695912205667,0.8710873514937724,0.2422124776777703,0.7577875362511124,0.9808953415475821
201588,6,5,1,0.8333333333333334,0.16666666666666666,0.6611283508546345,0.993144543225465,0.5454545454545454,0.36061546410252787,0.8131182614121967,0.8305641807856926,0.1694358299310581,0.9969935076231254
201646,13,5,8,0.38461538461538464,0.6153846153846154,-0.3231782118714228,-0.5707235570334218,0.7222222222222222,-0.23340648635158315,0.7418685312456887,0.33841089203529745,0.6615891039067203,0.8620102027459399
201773,16,11,5,0.6875,0.3125,0.4032504765314615,0.9899515852098503,0.7619047619047619,0.30723845830968494,0.8531476835525725,0.7016252374523645,0.2983747609209029,0.9467763501839878
201811,4,2,2,0.5,0.5,0.0006476863773128005,0.0014727137253975342,0.4444444444444444,0.00028786061213902244,1.1528410985619288,0.5003238592758219,0.4996761728985091,0.9991945082566327
202103,2,1,1,0.5,0.5,0.07784505398609698,0.07784505398609698,0.2857142857142857,0.022241443996027708,1.3029798075454928,0.5389225065198718,0.4610774525337749,0.9606729083591037
202429,15,10,5,0.6666666666666666,0.3333333333333333,0.3441569273457173,0.9918094935444738,0.75,0.258117695509288,0.8792930313362597,0.672078464664193,0.32792153731847573,0.937242217192916
202439,16,15,1,0.9375,0.0625,0.8624959602998934,0.9984816412245863,0.7619047619047619,0.6571397792761092,0.4969577904655387,0.9312479752802753,0.06875201498038183,0.99352499117154
202749,5,5,0,1.0,0.0,0.9991686339442916,0.9992078430033082,0.5,0.4995843169721458,0.000504873620543781,0.9995843049065416,0.00041567096224993624,0.9995843049065416
203222,5,1,4,0.2,0.8,-0.6347731421521629,-0.9975828396923402,0.5,-0.3173865710760814,0.8070021443812561,0.18261343258535806,0.817386574737521,0.9791471196573456
203322,4,4,0,1.0,0.0,0.9993668628687337,0.9993647125006343,0.4444444444444444,0.4441630501638816,0.0002174398045509461,0.9996834327573344,0.00031656988860076355,0.9996834327573344
203375,9,8,1,0.8888888888888888,0.1111111111111111,0.7056251417514351,0.9993374406990378,0.6428571428571429,0.453616162554494,0.6610826625652491,0.8528125724169049,0.1471874306654699,0.9588084332986236
203519,7,3,4,0.42857142857142855,0.5714285714285714,0.0054622078652866324,-0.05489537815475176,0.5833333333333334,0.0031862879214172024,0.9826582026357985,0.5027311055201464,0.4972688976548598,0.9247749733806058
204352,13,11,2,0.8461538461538461,0.15384615384615385,0.5650093262202879,0.8370524373293844,0.7222222222222222,0.4080622911590968,0.6012419154073557,0.7825046682588587,0.21749534203857093,0.8594889952025914
204542,13,8,5,0.6153846153846154,0.38461538461538464,0.2594506513962735,0.9656545862238458,0.7222222222222222,0.18738102600841974,0.9645592059107669,0.6297253225267686,0.37027467113049506,0.9781604541280754
204698,19,14,5,0.7368421052631579,0.2631578947368421,0.33064475357608236,0.5679369290669759,0.7916666666666666,0.2617604299143985,0.7891271589351788,0.6653223703350019,0.3346776167589195,0.8989529588492646
204704,16,13,3,0.8125,0.1875,0.6508699422867454,0.9952989716437961,0.7619047619047619,0.4959009084089489,0.6847327418929272,0.8254349723366572,0.1745650300499118,0.952884308096457
205072,4,3,1,0.75,0.25,0.41057883034218734,0.8224280300721851,0.4444444444444444,0.18247948015208326,0.9537672607820901,0.7052894337391191,0.29471060339693184,0.955061839772089
205156,13,11,2,0.8461538461538461,0.15384615384615385,0.6612341520768876,0.9985650454419115,0.7222222222222222,0.4775579987221966,0.7417074624553001,0.8306170734616954,0.16938292138480787,0.9831130211432438
205383,1,0,1,0.0,1.0,-0.9985314332754226,-0.9985314332754226,0.16666666666666666,-0.16642190554590375,0.0,0.000734289050907702,0.9992657223263303,0.9992657223263303
205441,7,6,1,0.8571428571428571,0.14285714285714285,0.7043346399911963,0.9926419434828868,0.5833333333333334,0.41086187332819785,0.7365706877347485,0.8521673253106946,0.14783268531949845,0.9900253357593929
206246,9,5,4,0.5555555555555556,0.4444444444444444,0.04496210661129474,0.38021387629765907,0.6428571428571429,0.02890421139297519,0.9952446595015519,0.5224810440002179,0.4775189373889231,0.9598646948016918
206419,2,2,0,1.0,0.0,0.9936820341556234,0.9936820341556234,0.2857142857142857,0.2839091526158924,0.006604241615619432,0.9968409942349993,0.0031589600793759526,0.9968409942349993
206857,6,4,2,0.6666666666666666,0.3333333333333333,0.4361426671081496,0.9907810284893148,0.5454545454545454,0.23789600024080884,0.8667602544049671,0.7180713296334168,0.2819286625252673,0.9450837356907154
206959,9,7,2,0.7777777777777778,0.2222222222222222,0.5375993555314351,0.9909190171981748,0.6428571428571429,0.34559958569877974,0.8487298862674875,0.7687996665236464,0.23120031099221144,0.9807513781524899
207233,5,4,1,0.8,0.2,0.5997121046981562,0.9994374263420034,0.5,0.2998560523490781,0.8937483980467342,0.799856070485595,0.20014396578743887,0.9996707700210175
207313,15,13,2,0.8666666666666667,0.13333333333333333,0.7874979597648447,0.998488210072672,0.75,0.5906234698236336,0.5745345967795769,0.8937489740302885,0.10625101426544391,0.9697520579176577
207405,7,4,3,0.5714285714285714,0.42857142857142855,0.12029710755954882,0.3807570563715469,0.5833333333333334,0.07017331274307015,0.8604865725670353,0.5601485446332102,0.43985143707366137,0.8724118874260033
207830,12,7,5,0.5833333333333334,0.4166666666666667,0.20071788314312977,0.7673823633743673,0.7058823529411765,0.14168321163044456,0.9390155386655649,0.6003589345430209,0.39964105139989115,0.9409537693357132
208108,3,2,1,0.6666666666666666,0.3333333333333333,0.31237363625395226,0.9214510964875173,0.375,0.1171401135952321,1.122775911526682,0.6561868069195511,0.34381317066559886,0.9839611803041736
208205,17,3,14,0.17647058823529413,0.8235294117647058,-0.6173011398747219,-0.9900347062223613,0.7727272727272727,-0.47700542626683057,0.701545673650415,0.19134942551158374,0.8086505653863056,0.9442430238460853
208703,18,14,4,0.7777777777777778,0.2222222222222222,0.5936871382435147,0.9913000338395026,0.782608695652174,0.4646247168862289,0.7757665421806106,0.7968435750007516,0.20315643675723694,0.9731600478865432
208939,2,2,0,1.0,0.0,0.9997425304838791,0.9997425304838791,0.2857142857142857,0.285640722995394,1.2454804845780439e-05,0.9998712502636956,0.00012871977981650137,0.9998712502636956
209173,4,4,0,1.0,0.0,0.9987056570769342,0.9992801644645322,0.4444444444444444,0.4438691809230818,0.001508067612323775,0.9993528319804494,0.0006471749035153906,0.9993528319804494
209315,7,4,3,0.5714285714285714,0.42857142857142855,0.22635482630920448,0.703459511340504,0.5833333333333334,0.13204031534703595,0.8956659668111095,0.6131774058806874,0.38682257957148286,0.9087227622491996
209965,9,5,4,0.5555555555555556,0.4444444444444444,0.15083890046443893,0.4830342414267993,0.6428571428571429,0.09696786458428218,0.9191002418500382,0.5754194532024347,0.4245805527379958,0.9167375168540768
210271,3,2,1,0.6666666666666666,0.3333333333333333,0.3367642551733583,0.9974062219262123,0.375,0.12628659569000936,1.1456216332311553,0.6683821167311043,0.3316178615577461,0.997077234281842
210569,19,11,8,0.5789473684210527,0.42105263157894735,0.145738728054317,0.7493089665896701,0.7916666666666666,0.11537649304300096,0.9480058286315362,0.5728693608662759,0.427130632811959,0.9539992325809572
210577,11,8,3,0.7272727272727273,0.2727272727272727,0.5610368566153171,0.9917571681938814,0.6875,0.3857128389230305,0.7512601512897493,0.7805184202436116,0.21948156362829446,0.9349986571157739
210861,5,5,0,1.0,0.0,0.9268116040330343,0.9971420076771045,0.5,0.46340580201651715,0.1326566083830429,0.9634058040860705,0.036594200053036076,0.9634058040860705
212361,4,4,0,1.0,0.0,0.9883290677264088,0.9969526794494257,0.4444444444444444,0.43925736343395944,0.01918788815239747,0.9941645567825357,0.0058354890561268195,0.9941645567825357
212373,2,2,0,1.0,0.0,0.6753262707853808,0.6753262707853808,0.2857142857142857,0.19295036308153735,0.458440621925926,0.8376631436245117,0.1623368728391308,0.8376631436245117
212461,15,9,6,0.6,0.4,0.2977709102722734,0.9969914136530593,0.75,0.22332818270420507,0.9127681755728833,0.6488854553501249,0.3511145450778514,0.9500559402362629
213207,7,5,2,0.7142857142857143,0.2857142857142857,0.4466393086857784,0.9961805546207965,0.5833333333333334,0.26053959673337074,0.9337675787771293,0.7233196646463054,0.27668035596052704,0.9860524441021894
213347,9,7,2,0.7777777777777778,0.2222222222222222,0.5347097749144006,0.9921128948812987,0.6428571428571429,0.3437419981592576,0.8689330362334053,0.7673548869777052,0.23264511206330457,0.9888090570945385
213397,5,4,1,0.8,0.2,0.5830961432581382,0.977739094348436,0.5,0.2915480716290691,0.8603729888179705,0.7915480804233439,0.20845193716520574,0.9823717416309317
213914,6,2,4,0.3333333333333333,0.6666666666666666,-0.19062210321550732,-0.5464052714843317,0.5454545454545454,-0.10397569266300398,0.9637780866367915,0.4046889250346941,0.5953110282502014,0.9198741459960167
214776,9,6,3,0.6666666666666666,0.3333333333333333,0.24699922952936662,0.7256513593302627,0.6428571428571429,0.15878521898316428,0.9179835687056423,0.6234995998989409,0.3765003703695744,0.940975455407535
215353,3,3,0,1.0,0.0,0.9994495467870479,0.9996038196968431,0.375,0.37479358004514296,0.00033853780033837503,0.9997247919462553,0.00027524515920750224,0.9997247919462553
217465,18,9,9,0.5,0.5,0.11014336699676147,0.4047957463678471,0.782608695652174,0.0861991567800742,0.9163078649455714,0.5550716848182782,0.44492831782151676,0.9232344888929117
217655,10,4,6,0.4,0.6,-0.2814176062569168,-0.9719532777293861,0.6666666666666666,-0.1876117375046112,0.9376369205722265,0.3592912087712379,0.6407088150281547,0.9533640370079433
218537,7,7,0,1.0,0.0,0.9520603493081008,0.9968713245401948,0.5833333333333334,0.5553685370963921,0.07336648187590043,0.976030168411219,0.023969819103118285,0.976030168411219
219726,4,3,1,0.75,0.25,0.23480381048397408,0.4852159570165128,0.4444444444444444,0.10435724910398847,0.8721139005022723,0.6174019052369477,0.3825980947529736,0.8596004618985535
219994,8,7,1,0.875,0.125,0.7369075726153518,0.9942664182917471,0.6153846153846154,0.4534815831479088,0.5526326663695942,0.8684537792914899,0.13154620667613814,0.9374767378530154
220380,5,3,2,0.6,0.4,0.04919671104782086,0.19337716332093913,0.5,0.02459835552391043,0.9888182650368881,0.5245983569445625,0.4754016458967417,0.9134929134086474
221576,4,4,0,1.0,0.0,0.817951596964031,0.9957090824239152,0.4444444444444444,0.3635340430951249,0.35816167596526666,0.9089757887509886,0.09102419178695756,0.9089757887509886
222477,15,5,10,0.3333333333333333,0.6666666666666666,-0.3734298518288046,-0.9892324191852682,0.75,-0.28007238887160346,0.916440453501919,0.313285075274116,0.6867149271029206,0.9766263827824374
223204,6,6,0,1.0,0.0,0.9490997710044367,0.9985477792361609,0.5454545454545454,0.5176907841842381,0.12167820999619848,0.9745498870766206,0.025450116072183906,0.9745498870766206
223876,3,3,0,1.0,0.0,0.9980457295790727,0.9987274364664637,0.375,0.37426714859215227,0.0018089959191602402,0.999022862638792,0.0009771330597192712,0.999022862638792
223944,3,1,2,0.3333333333333333,0.6666666666666666,-0.32667403656750665,-0.9894194892633742,0.375,-0.12250276371281499,1.1483969544029495,0.33666300452375414,0.6633370410912608,0.9964638760999197
224264,4,2,2,0.5,0.5,0.19221380382921915,0.37639577322179374,0.4444444444444444,0.08542835725743073,0.9525205650527058,0.5961069272617381,0.40389312343251893,0.8871620529044466
224280,8,3,5,0.375,0.625,-0.2482559860892305,-0.9934241603908252,0.6153846153846154,-0.15277291451644953,1.0327307467366031,0.37587199746994737,0.6241279835591779,0.9987085149293139
225145,4,3,1,0.75,0.25,0.5004897756279996,0.9965871293659767,0.4444444444444444,0.2224399002791109,0.9942420282986066,0.7502448937508022,0.2497551181228027,0.9979622089097263
225173,9,9,0,1.0,0.0,0.9816349563127973,0.9954360548845472,0.6428571428571429,0.6310510433439411,0.04032555401456215,0.9908174805610839,0.009182524248286646,0.9908174805610839
225625,3,2,1,0.6666666666666666,0.3333333333333333,0.47057742374796163,0.9323129416829314,0.375,0.1764665339054856,0.857281411408014,0.7352887261085822,0.2647113023606205,0.9081549761144793
225984,3,3,0,1.0,0.0,0.9982502929385769,0.9984836872276022,0.375,0.37434385985196633,0.0012091550109803552,0.9991251536132028,0.0008748606746257869,0.9991251536132028
226202,9,6,3,0.6666666666666666,0.3333333333333333,0.33496529495821936,0.999529452754983,0.6428571428571429,0.21533483247314103,0.9969440471856498,0.667482636132976,0.3325173411747567,0.9989103405435515
226270,5,5,0,1.0,0.0,0.9179733849936496,0.9954637066399541,0.5,0.4589866924968248,0.17202322420769445,0.9589866965355318,0.04101331154188228,0.9589866965355318
236991,5,5,0,1.0,0.0,0.9973422077681388,0.9990804005505108,0.5,0.4986711038840694,0.004052685965897862,0.9986711046227935,0.0013288968546547645,0.9986711046227935
237227,8,7,1,0.875,0.125,0.8313328167065668,0.9967068764240248,0.6153846153846154,0.5115894256655796,0.4414860336773431,0.9156664074928237,0.08433359078625698,0.9480976994722364
241272,14,12,2,0.8571428571428571,0.14285714285714285,0.6735990571057054,0.989122496006382,0.7368421052631579,0.4963361473410461,0.6575003696238811,0.8367995272662042,0.1632004701604987,0.9488525215697703
242774,13,9,4,0.6923076923076923,0.3076923076923077,0.3405166192889911,0.8967066092833186,0.7222222222222222,0.24592866948649356,0.9064543174141629,0.6702583062926425,0.3297416870036513,0.9620272564426956
242894,13,7,6,0.5384615384615384,0.46153846153846156,0.07121442931365017,0.8668571495861741,0.7222222222222222,0.05143264339319179,1.0077331008739592,0.5356072122299909,0.46439278291634073,0.9848906549180007
243642,16,7,9,0.4375,0.5625,-0.01553848244979017,-0.2792687128248477,0.7619047619047619,-0.0118388437712687,0.9162441063331143,0.49223075616484624,0.5077692386146364,0.92485180106251
244178,12,8,4,0.6666666666666666,0.3333333333333333,0.3330925055565803,0.9980455892743787,0.7058823529411765,0.23512412156935084,0.9832947967943657,0.6665462436277905,0.33345373807121015,0.9993108010755963
244334,9,6,3,0.6666666666666666,0.3333333333333333,0.3440735383953487,0.9064303614058585,0.6428571428571429,0.22119013182558134,0.8410457227734488,0.6720367669477333,0.32796322855238463,0.9218138296239969
247988,5,3,2,0.6,0.4,0.1982397924973418,0.9751692269299481,0.5,0.0991198962486709,1.0854618994497605,0.5991198983366496,0.4008801058393078,0.9954307552650962
249540,9,8,1,0.8888888888888888,0.1111111111111111,0.7173888094655811,0.9955291721969843,0.6428571428571429,0.46117852037073076,0.6603072619520706,0.8586944110869645,0.1413056016213834,0.9697542440804876
250010,4,3,1,0.75,0.25,0.49211249609516,0.9869084661896217,0.4444444444444444,0.21871666493118222,0.9935786970627425,0.7460562242099198,0.2539437281147598,0.9956144258816308
251086,17,14,3,0.8235294117647058,0.17647058823529413,0.6808684222007946,0.9990301330706903,0.7727272727272727,0.5261255989733412,0.6902254461350905,0.840434211169078,0.15956578896828355,0.970149091164817
252180,8,7,1,0.875,0.125,0.7549036436895715,0.9948476753231863,0.6153846153846154,0.46455608842435175,0.6781845575647609,0.8774518411136645,0.12254819742409288,0.9928865175224322
252590,5,4,1,0.8,0.2,0.5971161412973516,0.9979104849932005,0.5,0.2985580706486758,0.8921846495728876,0.7985580755364146,0.20144193423906306,0.9983292663772134
254726,17,12,5,0.7058823529411765,0.29411764705882354,0.32615286160824497,0.9652452726212759,0.7727272727272727,0.25202721124273475,0.8492768115921975,0.6630764280848311,0.3369235664765863,0.9220145196223735
255335,7,6,1,0.8571428571428571,0.14285714285714285,0.5357397172243251,0.994786046708895,0.5833333333333334,0.31251483504752303,0.7152374918120286,0.7678698637017672,0.2321301464774421,0.9003114445805457
255337,10,5,5,0.5,0.5,0.09527212630364094,0.37903330022670345,0.6666666666666666,0.06351475086909396,0.965609287323093,0.5476360698350407,0.45236394353139975,0.9453716458834964
258451,8,7,1,0.875,0.125,0.7460449071085012,0.9967987904083527,0.6153846153846154,0.4591045582206162,0.7042091400370086,0.8730224509939505,0.1269775438854492,0.9976097407190703
259659,5,4,1,0.8,0.2,0.7601883227010418,0.9959066163610529,0.5,0.3800941613505209,0.523444640519959,0.8800941571995944,0.1199058344985527,0.9153203390057385
260243,6,3,3,0.5,0.5,0.08323934268927696,0.2297126639792491,0.5454545454545454,0.045403277830514704,1.0146520588777201,0.5416196757360079,0.45838033304673087,0.9571744526330997
260617,6,5,1,0.8333333333333334,0.16666666666666666,0.6571877609201577,0.9950480324173241,0.5454545454545454,0.3584660514109951,0.8115841445575305,0.8285938625809166,0.1714061016607589,0.9951091170122734
260665,11,3,8,0.2727272727272727,0.7272727272727273,-0.5401291384830522,-0.8478968875412453,0.6875,-0.3713387827070984,0.6819290813938332,0.22993543162003516,0.7700645701030875,0.8955841521337988
260667,5,5,0,1.0,0.0,0.9986786039783959,0.9997144326334819,0.5,0.49933930198919796,0.0016026286953328085,0.9993392876784462,0.000660683700050256,0.9993392876784462
261759,5,3,2,0.6,0.4,0.12458918436020094,0.6429902081513525,0.5,0.06229459218010047,1.0343027404177332,0.5622946002303438,0.4377054158701429,0.961434517913534
263007,16,12,4,0.75,0.25,0.48666661743377887,0.9987632507162859,0.7619047619047619,0.37079361328287913,0.8323006475874475,0.7433333066123015,0.25666668917852264,0.9597145812150716
263009,11,3,8,0.2727272727272727,0.7272727272727273,-0.47810788004485016,-0.997275706132253,0.6875,-0.3286991675308345,0.8847724241101912,0.26094606104018103,0.7390539410850312,0.9840159911229481
263407,5,3,2,0.6,0.4,0.20546977928124735,0.8753765416024301,0.5,0.10273488964062368,1.0237564186886665,0.6027348965964603,0.397265117315213,0.9685864558350493
268642,28,19,9,0.6785714285714286,0.32142857142857145,0.2769704627554835,0.9519221871542172,0.8484848484848485,0.23500524112586477,0.8744607420092474,0.6384852255367643,0.36151476278128086,0.9234643343638831
269638,12,8,4,0.6666666666666666,0.3333333333333333,0.3354468732964692,0.9985893322447599,0.7058823529411765,0.23678602820927241,0.909325518563699,0.667723438479847,0.33227656518337784,0.9611571087089609
270696,8,8,0,1.0,0.0,0.9926875471897063,0.9966863193739575,0.6153846153846154,0.6108846444244347,0.00925644561414805,0.9963437629338269,0.0036562157441205364,0.9963437629338269
270698,19,13,6,0.6842105263157895,0.3157894736842105,0.35396943430672345,0.9942196576497176,0.7916666666666666,0.2802258021594894,0.9423790727155629,0.6769847160066877,0.32301528169996424,0.9909496535408735
272525,17,10,7,0.5882352941176471,0.4117647058823529,0.17105513327641528,0.9910390491668994,0.7727272727272727,0.13217896662268452,0.9971880366857396,0.5855275578164544,0.4144724245400392,0.9907791500138388
273891,11,10,1,0.9090909090909091,0.09090909090909091,0.8919561518521221,0.9964058655639028,0.6875,0.6132198543983339,0.3431868246918067,0.9459780751565104,0.05402192330438829,0.9589499950859864
274053,21,17,4,0.8095238095238095,0.19047619047619047,0.6179729995448465,0.9989445630602444,0.8076923076923077,0.4991320380939145,0.7760391558308434,0.8089865020296106,0.19101350248476406,0.9882043319525848
274971,16,8,8,0.5,0.5,0.0004022186221933552,0.0006130498787053629,0.7619047619047619,0.00030645228357588963,1.0290997241057187,0.5002011128123319,0.4997988941901386,0.9982081300971004
275245,11,7,4,0.6363636363636364,0.36363636363636365,0.22084819044694406,0.9949560958998545,0.6875,0.15183313093227405,0.9685548594766707,0.6104240897651071,0.38957589931816305,0.965579044466939
276929,12,8,4,0.6666666666666666,0.3333333333333333,0.332124362268517,0.977980652858752,0.7058823529411765,0.23444072630718849,0.878574679003046,0.6660621879977507,0.33393782572923375,0.9158237273338808
277066,6,3,3,0.5,0.5,0.0174029423243951,-0.009356972113206408,0.5454545454545454,0.009492513995124598,0.9498662627245041,0.5087014621692875,0.4912985198448923,0.9251464894129512
278446,6,6,0,1.0,0.0,0.9965984281516777,0.9990640521640541,0.5454545454545454,0.5435991426281878,0.006249095179255526,0.9982992189961323,0.0017007908444547411,0.9982992189961323
278578,8,7,1,0.875,0.125,0.7392454331380471,0.9972192451871411,0.6153846153846154,0.4549202665464906,0.7028817213323881,0.8696227306128159,0.13037729747476876,0.9945370857260674
278702,13,11,2,0.8461538461538461,0.15384615384615385,0.6818493121801995,0.9950818130543139,0.7222222222222222,0.4924467254634774,0.7149818386176272,0.8409246577330105,0.15907534555281114,0.9824429706946091
279812,14,6,8,0.42857142857142855,0.5714285714285714,-0.13303789046269185,-0.9062238193949632,0.7368421052631579,-0.09802791928829925,1.007613679549272,0.43348106516981266,0.5665189556325044,0.9895068406661076
280218,18,11,7,0.6111111111111112,0.3888888888888889,0.2640428118950055,0.9678895985020826,0.782608695652174,0.20664220061348257,0.9392291946301982,0.6320214138983933,0.3679786020033877,0.9697287406396189
281096,8,8,0,1.0,0.0,0.9979208950949015,0.9988943037804152,0.6153846153846154,0.6141051662122471,0.0022943692010211998,0.9989604627136304,0.0010395676187289497,0.9989604627136304
283873,19,11,8,0.5789473684210527,0.42105263157894735,0.18958529811971606,0.9924999579440715,0.7916666666666666,0.15008836101144188,0.969878020145143,0.5947926466916166,0.40520734857190055,0.9788990573539609
285593,7,6,1,0.8571428571428571,0.14285714285714285,0.622210781304401,0.9990670406732006,0.5833333333333334,0.36295628909423394,0.7497970889595622,0.8111054117378936,0.18889463043349264,0.951990640641502
286897,10,6,4,0.6,0.4,0.26220712822348735,0.9581503190311704,0.6666666666666666,0.17480475214899155,0.9396389635839127,0.6311035625121314,0.3688964342886441,0.9596618752496564
287699,25,15,10,0.6,0.4,0.23547904626710814,0.9812667820834426,0.8333333333333334,0.19623253855592346,0.9619431176885318,0.6177395214299598,0.3822604751628517,0.9772569908315405
288513,18,12,6,0.6666666666666666,0.3333333333333333,0.4146008211936947,0.993571534016536,0.782608695652174,0.32447020789071757,0.8541081182882481,0.707300416411034,0.2926995952173393,0.9532471024478245
